series,lag,vol,scale,filter,margin,band,side,train_bets,train_c_per_bet,train_dollars,train_t,valid_bets,valid_c_per_bet,valid_dollars,valid_t,hold_bets,hold_c_per_bet,hold_dollars,hold_t,hold_excl28_dollars
KXBTC,1,ppc,fixed,none,2,all,both,213,-1.528356807511737,-325.54,-0.4658695557961708,92,-5.451956521739132,-501.5800000000001,-1.1147122739685427,209,18.697942583732058,3907.87,1.218873098707042,666.0899999999999
KXBTC,1,ppc,fixed,none,2,all,yes,85,-3.861764705882352,-328.24999999999994,-0.8529902477948974,27,-5.819629629629629,-157.13,-1.0439424233038979,32,-2.175,-69.6,-0.4589107125965738,-3.7900000000000027
KXBTC,1,ppc,fixed,none,2,all,no,128,0.02117187500000073,2.7100000000000932,0.005556125181622559,65,-5.299230769230769,-344.45,-0.8043058610398924,177,22.471581920903958,3977.4700000000003,1.216023601729885,669.88
KXBTC,1,ppc,fixed,none,2,cheap,both,29,-6.4834482758620675,-188.01999999999995,-1.4424481452982734,10,-9.779999999999998,-97.79999999999998,-4.169653531518784,10,-9.568999999999999,-95.69,-4.607366239996383,-61.68
KXBTC,1,ppc,fixed,none,2,cheap,yes,29,-6.4834482758620675,-188.01999999999995,-1.4424481452982734,10,-9.779999999999998,-97.79999999999998,-4.169653531518784,10,-9.568999999999999,-95.69,-4.607366239996383,-61.68
KXBTC,1,ppc,fixed,none,2,cheap,no,0,,0.0,,0,,0.0,,0,,0.0,,0.0
KXBTC,1,ppc,fixed,none,2,middle,both,165,-1.9758181818181817,-326.01,-0.5181255089529039,74,-6.30391891891892,-466.49000000000007,-1.0753601280958591,140,27.08664285714286,3792.13,1.1395783989086081,439.6800000000001
KXBTC,1,ppc,fixed,none,2,middle,yes,55,-2.8059999999999983,-154.3299999999999,-0.4403944923733925,17,-3.4900000000000007,-59.33000000000001,-0.4117330899569739,22,1.185909090909091,26.090000000000003,0.19001070669819503,57.89
KXBTC,1,ppc,fixed,none,2,middle,no,110,-1.5607272727272734,-171.68000000000006,-0.35266679387252,57,-7.1431578947368415,-407.15999999999997,-0.9692510087711207,118,31.915593220338984,3766.04,1.1280398740610655,381.79
KXBTC,1,ppc,fixed,none,5,all,both,52,-3.7874999999999996,-196.95,-0.5471538885492906,13,-16.933076923076925,-220.13000000000002,-1.5479661760151404,96,38.564479166666665,3702.19,1.1169496406521657,333.84000000000003
KXBTC,1,ppc,fixed,none,5,all,yes,21,-2.806190476190475,-58.92999999999997,-0.31036723082547774,4,-27.2025,-108.81,-4.07183475732031,5,33.778,168.89,1.344630330593835,184.79
KXBTC,1,ppc,fixed,none,5,all,no,31,-4.452258064516128,-138.01999999999998,-0.5264703719380237,9,-12.368888888888891,-111.32000000000002,-0.7319766867539874,91,38.82747252747253,3533.3,1.0554464822364984,149.04999999999995
KXBTC,1,ppc,fixed,none,5,cheap,both,2,-6.38,-12.76,,0,,0.0,,0,,0.0,,0.0
KXBTC,1,ppc,fixed,none,5,cheap,yes,2,-6.38,-12.76,,0,,0.0,,0,,0.0,,0.0
KXBTC,1,ppc,fixed,none,5,cheap,no,0,,0.0,,0,,0.0,,0,,0.0,,0.0
KXBTC,1,ppc,fixed,none,5,middle,both,46,-5.127173913043479,-235.85000000000002,-0.6555025088951365,12,-19.045833333333334,-228.55,-1.5818349749050675,91,40.292967032967034,3666.66,1.1128232864090957,298.31
KXBTC,1,ppc,fixed,none,5,middle,yes,18,-3.3483333333333327,-60.26999999999999,-0.31471760436186197,4,-27.2025,-108.81,-4.07183475732031,5,33.778,168.89,1.344630330593835,184.79
KXBTC,1,ppc,fixed,none,5,middle,no,28,-6.270714285714287,-175.58000000000004,-0.6711886470693993,8,-14.967500000000003,-119.74000000000002,-0.7787307158024235,86,40.67174418604651,3497.77,1.0510269089277164,113.51999999999998
KXBTC,1,ppc,fixed,none,10,all,both,10,-0.6280000000000001,-6.280000000000001,-0.045465646380675656,2,-44.385,-88.77,,78,44.032051282051285,3434.5,,50.25
KXBTC,1,ppc,fixed,none,10,all,yes,5,5.742000000000003,28.71000000000001,0.5395404403083431,1,-22.17,-22.17,,1,50.25,50.25,,50.25
KXBTC,1,ppc,fixed,none,10,all,no,5,-6.998000000000002,-34.99000000000001,-0.28831066425392815,1,-66.6,-66.6,,77,43.951298701298704,3384.25,,0.0
KXBTC,1,ppc,fixed,none,10,cheap,both,1,-11.69,-11.69,,0,,0.0,,0,,0.0,,0.0
KXBTC,1,ppc,fixed,none,10,cheap,yes,1,-11.69,-11.69,,0,,0.0,,0,,0.0,,0.0
KXBTC,1,ppc,fixed,none,10,cheap,no,0,,0.0,,0,,0.0,,0,,0.0,,0.0
KXBTC,1,ppc,fixed,none,10,middle,both,9,0.6011111111111092,5.409999999999982,0.03878071839237993,2,-44.385,-88.77,,78,44.032051282051285,3434.5,,50.25
KXBTC,1,ppc,fixed,none,10,middle,yes,4,10.100000000000001,40.400000000000006,0.8123190967538073,1,-22.17,-22.17,,1,50.25,50.25,,50.25
KXBTC,1,ppc,fixed,none,10,middle,no,5,-6.998000000000002,-34.99000000000001,-0.28831066425392815,1,-66.6,-66.6,,77,43.951298701298704,3384.25,,0.0
KXBTC,1,ppc,fixed,volview,2,all,both,120,-0.08616666666666646,-10.339999999999975,-0.019382738098444874,40,-9.578500000000002,-383.14000000000004,-1.4771416556572727,173,22.14254335260116,3830.6600000000003,1.1941612831347328,588.8799999999999
KXBTC,1,ppc,fixed,volview,2,all,yes,60,-1.7818333333333325,-106.90999999999995,-0.31754988907610704,19,-7.740526315789475,-147.07000000000002,-0.993908427374639,27,-0.30703703703703705,-8.290000000000001,-0.050919558388954594,57.519999999999996
KXBTC,1,ppc,fixed,volview,2,all,no,60,1.6095000000000004,96.57000000000002,0.2755096786227016,21,-11.241428571428575,-236.07000000000005,-0.9925464655162165,146,26.29417808219178,3838.95,1.1718332838913552,531.36
KXBTC,1,ppc,fixed,volview,2,cheap,both,20,-5.892000000000001,-117.84000000000002,-0.9132537552769738,6,-11.508333333333335,-69.05000000000001,-9.70278631715806,7,-11.838571428571427,-82.86999999999999,-4.177179394411496,-48.86
KXBTC,1,ppc,fixed,volview,2,cheap,yes,20,-5.892000000000001,-117.84000000000002,-0.9132537552769738,6,-11.508333333333335,-69.05000000000001,-9.70278631715806,7,-11.838571428571427,-82.86999999999999,-4.177179394411496,-48.86
KXBTC,1,ppc,fixed,volview,2,cheap,no,0,,0.0,,0,,0.0,,0,,0.0,,0.0
KXBTC,1,ppc,fixed,volview,2,middle,both,86,-0.24325581395348805,-20.919999999999973,-0.043302389284636006,27,-13.433333333333335,-362.70000000000005,-1.3996638629125642,113,33.192477876106196,3750.75,1.1301761150320269,398.30000000000007
KXBTC,1,ppc,fixed,volview,2,middle,yes,39,-0.08128205128205078,-3.1699999999999804,-0.010179253489838289,13,-6.001538461538463,-78.02000000000001,-0.5410465545205,20,3.728999999999999,74.57999999999998,0.5115786038472144,106.38
KXBTC,1,ppc,fixed,volview,2,middle,no,47,-0.3776595744680854,-17.750000000000014,-0.050633844925627586,14,-20.33428571428572,-284.68000000000006,-1.2944401738016915,93,39.52870967741936,3676.1700000000005,1.1093520212097008,291.92
KXBTC,1,ppc,fixed,volview,5,all,both,41,-5.933170731707317,-243.26,-0.71278038497818,8,-34.80625,-278.45,-9.312056747542051,92,39.758043478260866,3657.74,1.1011555580081112,289.39000000000004
KXBTC,1,ppc,fixed,volview,5,all,yes,17,-3.32470588235294,-56.519999999999975,-0.2865056930964039,4,-27.2025,-108.81,-4.07183475732031,5,33.778,168.89,1.344630330593835,184.79
KXBTC,1,ppc,fixed,volview,5,all,no,24,-7.780833333333334,-186.74,-0.7695458904758303,4,-42.410000000000004,-169.64000000000001,-8.193785688453598,87,40.10172413793103,3488.8499999999995,1.0389001466524455,104.60000000000001
KXBTC,1,ppc,fixed,volview,5,cheap,both,1,-11.69,-11.69,,0,,0.0,,0,,0.0,,0.0
KXBTC,1,ppc,fixed,volview,5,cheap,yes,1,-11.69,-11.69,,0,,0.0,,0,,0.0,,0.0
KXBTC,1,ppc,fixed,volview,5,cheap,no,0,,0.0,,0,,0.0,,0,,0.0,,0.0
KXBTC,1,ppc,fixed,volview,5,middle,both,36,-7.867499999999999,-283.22999999999996,-0.837578428462957,7,-40.98142857142857,-286.87,-8.381235189600417,87,41.634597701149424,3622.21,1.0956256795191621,253.85999999999999
KXBTC,1,ppc,fixed,volview,5,middle,yes,15,-3.928666666666663,-58.92999999999994,-0.2999814959438367,4,-27.2025,-108.81,-4.07183475732031,5,33.778,168.89,1.344630330593835,184.79
KXBTC,1,ppc,fixed,volview,5,middle,no,21,-10.680952380952382,-224.3,-0.9346954001081517,3,-59.35333333333333,-178.06,-13.833555484771347,82,42.11365853658536,3453.3199999999997,1.0309160306541467,69.07
KXBTC,1,ppc,fixed,volview,10,all,both,9,-5.2844444444444445,-47.56,-0.4078580174495997,2,-44.385,-88.77,,78,44.032051282051285,3434.5,,50.25
KXBTC,1,ppc,fixed,volview,10,all,yes,5,5.742000000000003,28.71000000000001,0.5395404403083431,1,-22.17,-22.17,,1,50.25,50.25,,50.25
KXBTC,1,ppc,fixed,volview,10,all,no,4,-19.067500000000003,-76.27000000000001,-0.709239414065712,1,-66.6,-66.6,,77,43.951298701298704,3384.25,,0.0
KXBTC,1,ppc,fixed,volview,10,cheap,both,1,-11.69,-11.69,,0,,0.0,,0,,0.0,,0.0
KXBTC,1,ppc,fixed,volview,10,cheap,yes,1,-11.69,-11.69,,0,,0.0,,0,,0.0,,0.0
KXBTC,1,ppc,fixed,volview,10,cheap,no,0,,0.0,,0,,0.0,,0,,0.0,,0.0
KXBTC,1,ppc,fixed,volview,10,middle,both,8,-4.483750000000001,-35.870000000000005,-0.30367070958539977,2,-44.385,-88.77,,78,44.032051282051285,3434.5,,50.25
KXBTC,1,ppc,fixed,volview,10,middle,yes,4,10.100000000000001,40.400000000000006,0.8123190967538073,1,-22.17,-22.17,,1,50.25,50.25,,50.25
KXBTC,1,ppc,fixed,volview,10,middle,no,4,-19.067500000000003,-76.27000000000001,-0.709239414065712,1,-66.6,-66.6,,77,43.951298701298704,3384.25,,0.0
KXBTC,1,ppc,fixed,shrink25,2,all,both,1,-11.69,-11.69,,0,,0.0,,77,43.951298701298704,3384.25,,0.0
KXBTC,1,ppc,fixed,shrink25,2,all,yes,1,-11.69,-11.69,,0,,0.0,,0,,0.0,,0.0
KXBTC,1,ppc,fixed,shrink25,2,all,no,0,,0.0,,0,,0.0,,77,43.951298701298704,3384.25,,0.0
KXBTC,1,ppc,fixed,shrink25,2,cheap,both,1,-11.69,-11.69,,0,,0.0,,0,,0.0,,0.0
KXBTC,1,ppc,fixed,shrink25,2,cheap,yes,1,-11.69,-11.69,,0,,0.0,,0,,0.0,,0.0
KXBTC,1,ppc,fixed,shrink25,2,cheap,no,0,,0.0,,0,,0.0,,0,,0.0,,0.0
KXBTC,1,ppc,fixed,shrink25,2,middle,both,0,,0.0,,0,,0.0,,77,43.951298701298704,3384.25,,0.0
KXBTC,1,ppc,fixed,shrink25,2,middle,yes,0,,0.0,,0,,0.0,,0,,0.0,,0.0
KXBTC,1,ppc,fixed,shrink25,2,middle,no,0,,0.0,,0,,0.0,,77,43.951298701298704,3384.25,,0.0
KXBTC,1,ppc,fixed,shrink25,5,all,both,0,,0.0,,0,,0.0,,77,43.951298701298704,3384.25,,0.0
KXBTC,1,ppc,fixed,shrink25,5,all,yes,0,,0.0,,0,,0.0,,0,,0.0,,0.0
KXBTC,1,ppc,fixed,shrink25,5,all,no,0,,0.0,,0,,0.0,,77,43.951298701298704,3384.25,,0.0
KXBTC,1,ppc,fixed,shrink25,5,cheap,both,0,,0.0,,0,,0.0,,0,,0.0,,0.0
KXBTC,1,ppc,fixed,shrink25,5,cheap,yes,0,,0.0,,0,,0.0,,0,,0.0,,0.0
KXBTC,1,ppc,fixed,shrink25,5,cheap,no,0,,0.0,,0,,0.0,,0,,0.0,,0.0
KXBTC,1,ppc,fixed,shrink25,5,middle,both,0,,0.0,,0,,0.0,,77,43.951298701298704,3384.25,,0.0
KXBTC,1,ppc,fixed,shrink25,5,middle,yes,0,,0.0,,0,,0.0,,0,,0.0,,0.0
KXBTC,1,ppc,fixed,shrink25,5,middle,no,0,,0.0,,0,,0.0,,77,43.951298701298704,3384.25,,0.0
KXBTC,1,ppc,fixed,shrink25,10,all,both,0,,0.0,,0,,0.0,,0,,0.0,,0.0
KXBTC,1,ppc,fixed,shrink25,10,all,yes,0,,0.0,,0,,0.0,,0,,0.0,,0.0
KXBTC,1,ppc,fixed,shrink25,10,all,no,0,,0.0,,0,,0.0,,0,,0.0,,0.0
KXBTC,1,ppc,fixed,shrink25,10,cheap,both,0,,0.0,,0,,0.0,,0,,0.0,,0.0
KXBTC,1,ppc,fixed,shrink25,10,cheap,yes,0,,0.0,,0,,0.0,,0,,0.0,,0.0
KXBTC,1,ppc,fixed,shrink25,10,cheap,no,0,,0.0,,0,,0.0,,0,,0.0,,0.0
KXBTC,1,ppc,fixed,shrink25,10,middle,both,0,,0.0,,0,,0.0,,0,,0.0,,0.0
KXBTC,1,ppc,fixed,shrink25,10,middle,yes,0,,0.0,,0,,0.0,,0,,0.0,,0.0
KXBTC,1,ppc,fixed,shrink25,10,middle,no,0,,0.0,,0,,0.0,,0,,0.0,,0.0
KXBTC,1,ppc,fixed,shrink50,2,all,both,18,-0.3727777777777782,-6.710000000000008,-0.03389341248382866,7,-38.35142857142857,-268.46,-2.80685546276606,83,43.01530120481927,3570.2699999999995,1.0695581920262915,186.01999999999995
KXBTC,1,ppc,fixed,shrink50,2,all,yes,8,5.982500000000001,47.86000000000001,0.5207385284143599,3,-30.97,-92.91,-2.8265944352735284,2,64.03999999999999,128.07999999999998,,128.07999999999998
KXBTC,1,ppc,fixed,shrink50,2,all,no,10,-5.4570000000000025,-54.57000000000002,-0.3467762385402989,4,-43.8875,-175.55,,81,42.496172839506166,3442.1899999999996,1.0258905085584586,57.94
KXBTC,1,ppc,fixed,shrink50,2,cheap,both,3,-6.386666666666667,-19.16,-2.083240113516933,0,,0.0,,0,,0.0,,0.0
KXBTC,1,ppc,fixed,shrink50,2,cheap,yes,3,-6.386666666666667,-19.16,-2.083240113516933,0,,0.0,,0,,0.0,,0.0
KXBTC,1,ppc,fixed,shrink50,2,cheap,no,0,,0.0,,0,,0.0,,0,,0.0,,0.0
KXBTC,1,ppc,fixed,shrink50,2,middle,both,13,-1.1384615384615393,-14.800000000000011,-0.07508657283717808,6,-46.14666666666667,-276.88,-2.889425298277394,80,44.38312499999999,3550.6499999999996,1.0665982736787718,166.39999999999998
KXBTC,1,ppc,fixed,shrink50,2,middle,yes,4,13.23,52.92,0.6420951630303566,3,-30.97,-92.91,-2.8265944352735284,2,64.03999999999999,128.07999999999998,,128.07999999999998
KXBTC,1,ppc,fixed,shrink50,2,middle,no,9,-7.524444444444446,-67.72000000000001,-0.4295320969461934,3,-61.32333333333333,-183.97,,78,43.87910256410256,3422.5699999999997,,38.32
KXBTC,1,ppc,fixed,shrink50,5,all,both,4,8.62,34.48,0.4671527863064571,0,,0.0,,77,43.951298701298704,3384.25,,0.0
KXBTC,1,ppc,fixed,shrink50,5,all,yes,2,10.365000000000002,20.730000000000004,,0,,0.0,,0,,0.0,,0.0
KXBTC,1,ppc,fixed,shrink50,5,all,no,2,6.8749999999999964,13.749999999999993,,0,,0.0,,77,43.951298701298704,3384.25,,0.0
KXBTC,1,ppc,fixed,shrink50,5,cheap,both,1,-11.69,-11.69,,0,,0.0,,0,,0.0,,0.0
KXBTC,1,ppc,fixed,shrink50,5,cheap,yes,1,-11.69,-11.69,,0,,0.0,,0,,0.0,,0.0
KXBTC,1,ppc,fixed,shrink50,5,cheap,no,0,,0.0,,0,,0.0,,0,,0.0,,0.0
KXBTC,1,ppc,fixed,shrink50,5,middle,both,3,15.389999999999999,46.169999999999995,0.6339713404888235,0,,0.0,,77,43.951298701298704,3384.25,,0.0
KXBTC,1,ppc,fixed,shrink50,5,middle,yes,1,32.42,32.42,,0,,0.0,,0,,0.0,,0.0
KXBTC,1,ppc,fixed,shrink50,5,middle,no,2,6.8749999999999964,13.749999999999993,,0,,0.0,,77,43.951298701298704,3384.25,,0.0
KXBTC,1,ppc,fixed,shrink50,10,all,both,0,,0.0,,0,,0.0,,77,43.951298701298704,3384.25,,0.0
KXBTC,1,ppc,fixed,shrink50,10,all,yes,0,,0.0,,0,,0.0,,0,,0.0,,0.0
KXBTC,1,ppc,fixed,shrink50,10,all,no,0,,0.0,,0,,0.0,,77,43.951298701298704,3384.25,,0.0
KXBTC,1,ppc,fixed,shrink50,10,cheap,both,0,,0.0,,0,,0.0,,0,,0.0,,0.0
KXBTC,1,ppc,fixed,shrink50,10,cheap,yes,0,,0.0,,0,,0.0,,0,,0.0,,0.0
KXBTC,1,ppc,fixed,shrink50,10,cheap,no,0,,0.0,,0,,0.0,,0,,0.0,,0.0
KXBTC,1,ppc,fixed,shrink50,10,middle,both,0,,0.0,,0,,0.0,,77,43.951298701298704,3384.25,,0.0
KXBTC,1,ppc,fixed,shrink50,10,middle,yes,0,,0.0,,0,,0.0,,0,,0.0,,0.0
KXBTC,1,ppc,fixed,shrink50,10,middle,no,0,,0.0,,0,,0.0,,77,43.951298701298704,3384.25,,0.0
KXBTC,5,ppc,fixed,none,2,all,both,410,-3.736682926829268,-1532.04,-1.3550772462535778,149,-5.908255033557047,-880.33,-1.3863714480737959,155,-2.871612903225806,-445.0999999999999,-1.066638892069075,-351.36
KXBTC,5,ppc,fixed,none,2,all,yes,196,-3.120306122448979,-611.5799999999999,-1.0823317432334605,64,-6.265624999999998,-400.9999999999999,-1.6559584407462187,75,-2.0052000000000003,-150.39000000000001,-0.48310762612863395,-37.96
KXBTC,5,ppc,fixed,none,2,all,no,214,-4.301214953271027,-920.4599999999999,-1.2298397199637134,85,-5.639176470588238,-479.3300000000002,-0.9203777006250006,80,-3.6838749999999996,-294.71,-1.039100188913036,-313.39999999999986
KXBTC,5,ppc,fixed,none,2,cheap,both,81,0.13629629629629708,11.040000000000063,0.03806953245808778,30,-0.3116666666666663,-9.349999999999989,-0.07607124394024922,37,-6.336756756756757,-234.46,-1.4413810521561736,-173.91999999999996
KXBTC,5,ppc,fixed,none,2,cheap,yes,81,0.13629629629629708,11.040000000000063,0.03806953245808778,30,-0.3116666666666663,-9.349999999999989,-0.07607124394024922,37,-6.336756756756757,-234.46,-1.4413810521561736,-173.91999999999996
KXBTC,5,ppc,fixed,none,2,cheap,no,0,,0.0,,0,,0.0,,0,,0.0,,0.0
KXBTC,5,ppc,fixed,none,2,middle,both,269,-4.5862453531598515,-1233.7,-1.4753218767894196,97,-8.450412371134021,-819.69,-1.4533326080431523,86,-1.5595348837209302,-134.12,-0.35712159732017323,-82.23000000000002
KXBTC,5,ppc,fixed,none,2,middle,yes,114,-5.527192982456141,-630.1,-1.3177775494623158,34,-11.519117647058822,-391.65,-2.1996514425040847,38,2.2123684210526307,84.06999999999996,0.35057445297891227,135.96
KXBTC,5,ppc,fixed,none,2,middle,no,155,-3.894193548387097,-603.6,-1.0047452517860753,63,-6.794285714285715,-428.0400000000001,-0.8530814272607347,48,-4.545625,-218.19,-1.0064650533978057,-218.19
KXBTC,5,ppc,fixed,none,5,all,both,100,-9.599000000000002,-959.9000000000002,-1.4746160570922358,18,-14.454444444444444,-260.18,-1.40667602805095,23,15.108260869565216,347.48999999999995,1.917203934030184,363.38999999999993
KXBTC,5,ppc,fixed,none,5,all,yes,53,-12.96811320754717,-687.31,-1.3259307364197985,9,-6.613333333333333,-59.52,-0.5972457953691513,13,7.951538461538461,103.36999999999999,0.5172264314943127,119.27
KXBTC,5,ppc,fixed,none,5,all,no,47,-5.799787234042554,-272.59000000000003,-0.7336931170308341,9,-22.29555555555556,-200.66000000000003,-2.0130911559510434,10,24.412,244.12,4.788816547232436,244.12
KXBTC,5,ppc,fixed,none,5,cheap,both,11,-1.637272727272727,-18.009999999999998,-0.15651194653615538,3,25.52,76.56,0.7864057150141442,3,20.943333333333335,62.830000000000005,0.6521093411856252,62.830000000000005
KXBTC,5,ppc,fixed,none,5,cheap,yes,11,-1.637272727272727,-18.009999999999998,-0.15651194653615538,3,25.52,76.56,0.7864057150141442,3,20.943333333333335,62.830000000000005,0.6521093411856252,62.830000000000005
KXBTC,5,ppc,fixed,none,5,cheap,no,0,,0.0,,0,,0.0,,0,,0.0,,0.0
KXBTC,5,ppc,fixed,none,5,middle,both,88,-10.788295454545455,-949.3700000000001,-1.5528160324159086,15,-22.449333333333335,-336.74,-2.3804376973231793,20,14.233,284.66,1.7304566930102385,300.55999999999995
KXBTC,5,ppc,fixed,none,5,middle,yes,41,-16.506829268292684,-676.78,-1.3775904772793532,6,-22.680000000000003,-136.08,-5.032451289462987,10,4.053999999999999,40.53999999999999,0.2151559461450575,56.44
KXBTC,5,ppc,fixed,none,5,middle,no,47,-5.799787234042554,-272.59000000000003,-0.7336931170308341,9,-22.29555555555556,-200.66000000000003,-2.0130911559510434,10,24.412,244.12,4.788816547232436,244.12
KXBTC,5,ppc,fixed,none,10,all,both,15,0.5420000000000006,8.13000000000001,0.032904718021209776,2,-42.385,-84.77,,0,,0.0,,0.0
KXBTC,5,ppc,fixed,none,10,all,yes,10,-15.364999999999998,-153.64999999999998,-0.7537737930797457,1,-21.12,-21.12,,0,,0.0,,0.0
KXBTC,5,ppc,fixed,none,10,all,no,5,32.355999999999995,161.77999999999997,1.7304556456535036,1,-63.65,-63.65,,0,,0.0,,0.0
KXBTC,5,ppc,fixed,none,10,cheap,both,0,,0.0,,0,,0.0,,0,,0.0,,0.0
KXBTC,5,ppc,fixed,none,10,cheap,yes,0,,0.0,,0,,0.0,,0,,0.0,,0.0
KXBTC,5,ppc,fixed,none,10,cheap,no,0,,0.0,,0,,0.0,,0,,0.0,,0.0
KXBTC,5,ppc,fixed,none,10,middle,both,15,0.5420000000000006,8.13000000000001,0.032904718021209776,2,-42.385,-84.77,,0,,0.0,,0.0
KXBTC,5,ppc,fixed,none,10,middle,yes,10,-15.364999999999998,-153.64999999999998,-0.7537737930797457,1,-21.12,-21.12,,0,,0.0,,0.0
KXBTC,5,ppc,fixed,none,10,middle,no,5,32.355999999999995,161.77999999999997,1.7304556456535036,1,-63.65,-63.65,,0,,0.0,,0.0
KXBTC,5,ppc,fixed,volview,2,all,both,247,-4.931821862348179,-1218.16,-1.548787542411995,106,-3.489056603773584,-369.8399999999999,-0.7399295043941996,107,-4.799158878504673,-513.51,-1.4740778748689563,-424.0899999999999
KXBTC,5,ppc,fixed,volview,2,all,yes,116,-5.229051724137934,-606.5700000000003,-1.385843461026979,48,-3.862083333333332,-185.37999999999994,-0.7306249702636554,57,-4.687543859649122,-267.19,-0.9705273573155555,-167.49999999999997
KXBTC,5,ppc,fixed,volview,2,all,no,131,-4.668625954198473,-611.5899999999999,-1.313586931841991,58,-3.180344827586208,-184.46000000000006,-0.5240921661618495,50,-4.9264,-246.32,-1.2763292112344464,-256.59000000000003
KXBTC,5,ppc,fixed,volview,2,cheap,both,59,-1.203728813559322,-71.02,-0.28523329033188255,22,3.536818181818182,77.81,0.6037894310857191,26,-7.676153846153847,-199.58,-1.3628547915475318,-151.77999999999997
KXBTC,5,ppc,fixed,volview,2,cheap,yes,59,-1.203728813559322,-71.02,-0.28523329033188255,22,3.536818181818182,77.81,0.6037894310857191,26,-7.676153846153847,-199.58,-1.3628547915475318,-151.77999999999997
KXBTC,5,ppc,fixed,volview,2,cheap,no,0,,0.0,,0,,0.0,,0,,0.0,,0.0
KXBTC,5,ppc,fixed,volview,2,middle,both,153,-6.0650980392156875,-927.9600000000002,-1.6397326956660796,69,-6.475217391304349,-446.7900000000001,-1.1086814084599117,57,-4.968421052631578,-283.2,-0.9424890849110102,-231.31
KXBTC,5,ppc,fixed,volview,2,middle,yes,56,-9.696964285714285,-543.03,-1.5680278259195937,26,-10.122692307692306,-263.18999999999994,-1.5296614837907145,31,-2.1809677419354845,-67.61000000000001,-0.32349710081072186,-15.72000000000002
KXBTC,5,ppc,fixed,volview,2,middle,no,97,-3.9683505154639183,-384.93000000000006,-1.1313729163228217,43,-4.269767441860467,-183.60000000000008,-0.5494615730245754,26,-8.291923076923078,-215.59000000000003,-1.5158858219814837,-215.59000000000003
KXBTC,5,ppc,fixed,volview,5,all,both,85,-8.814941176470589,-749.2700000000001,-1.571738832190769,17,-14.928235294117647,-253.78,-1.3760443549573071,19,9.825789473684212,186.69000000000003,1.1556229603984918,202.59
KXBTC,5,ppc,fixed,volview,5,all,yes,42,-14.616190476190477,-613.88,-1.7945448107794246,8,-6.640000000000001,-53.120000000000005,-0.5227262598839993,12,3.330833333333333,39.97,0.25001030074894104,55.870000000000005
KXBTC,5,ppc,fixed,volview,5,all,no,43,-3.1486046511627896,-135.38999999999996,-0.4664124444015588,9,-22.29555555555556,-200.66000000000003,-2.0130911559510434,7,20.96,146.72,3.7741036557555803,146.72
KXBTC,5,ppc,fixed,volview,5,cheap,both,9,-10.866666666666667,-97.80000000000001,-2.6511206218467236,2,41.480000000000004,82.96000000000001,,3,20.943333333333335,62.830000000000005,0.6521093411856252,62.830000000000005
KXBTC,5,ppc,fixed,volview,5,cheap,yes,9,-10.866666666666667,-97.80000000000001,-2.6511206218467236,2,41.480000000000004,82.96000000000001,,3,20.943333333333335,62.830000000000005,0.6521093411856252,62.830000000000005
KXBTC,5,ppc,fixed,volview,5,cheap,no,0,,0.0,,0,,0.0,,0,,0.0,,0.0
KXBTC,5,ppc,fixed,volview,5,middle,both,75,-8.786000000000001,-658.9500000000002,-1.4255601094472006,15,-22.449333333333335,-336.74,-2.3804376973231793,16,7.741249999999999,123.85999999999999,0.9493359659608558,139.76000000000002
KXBTC,5,ppc,fixed,volview,5,middle,yes,32,-16.36125,-523.56,-1.5079705887057062,6,-22.680000000000003,-136.08,-5.032451289462987,9,-2.5399999999999987,-22.85999999999999,-0.16248950319129535,-6.959999999999994
KXBTC,5,ppc,fixed,volview,5,middle,no,43,-3.1486046511627896,-135.38999999999996,-0.4664124444015588,9,-22.29555555555556,-200.66000000000003,-2.0130911559510434,7,20.96,146.72,3.7741036557555803,146.72
KXBTC,5,ppc,fixed,volview,10,all,both,13,1.1215384615384614,14.579999999999998,0.06026318112729677,2,-42.385,-84.77,,0,,0.0,,0.0
KXBTC,5,ppc,fixed,volview,10,all,yes,8,-18.4,-147.2,-0.742422779901329,1,-21.12,-21.12,,0,,0.0,,0.0
KXBTC,5,ppc,fixed,volview,10,all,no,5,32.355999999999995,161.77999999999997,1.7304556456535036,1,-63.65,-63.65,,0,,0.0,,0.0
KXBTC,5,ppc,fixed,volview,10,cheap,both,0,,0.0,,0,,0.0,,0,,0.0,,0.0
KXBTC,5,ppc,fixed,volview,10,cheap,yes,0,,0.0,,0,,0.0,,0,,0.0,,0.0
KXBTC,5,ppc,fixed,volview,10,cheap,no,0,,0.0,,0,,0.0,,0,,0.0,,0.0
KXBTC,5,ppc,fixed,volview,10,middle,both,13,1.1215384615384614,14.579999999999998,0.06026318112729677,2,-42.385,-84.77,,0,,0.0,,0.0
KXBTC,5,ppc,fixed,volview,10,middle,yes,8,-18.4,-147.2,-0.742422779901329,1,-21.12,-21.12,,0,,0.0,,0.0
KXBTC,5,ppc,fixed,volview,10,middle,no,5,32.355999999999995,161.77999999999997,1.7304556456535036,1,-63.65,-63.65,,0,,0.0,,0.0
KXBTC,5,ppc,fixed,shrink25,2,all,both,2,-2.245000000000001,-4.490000000000002,,0,,0.0,,0,,0.0,,0.0
KXBTC,5,ppc,fixed,shrink25,2,all,yes,1,-48.75,-48.75,,0,,0.0,,0,,0.0,,0.0
KXBTC,5,ppc,fixed,shrink25,2,all,no,1,44.26,44.26,,0,,0.0,,0,,0.0,,0.0
KXBTC,5,ppc,fixed,shrink25,2,cheap,both,0,,0.0,,0,,0.0,,0,,0.0,,0.0
KXBTC,5,ppc,fixed,shrink25,2,cheap,yes,0,,0.0,,0,,0.0,,0,,0.0,,0.0
KXBTC,5,ppc,fixed,shrink25,2,cheap,no,0,,0.0,,0,,0.0,,0,,0.0,,0.0
KXBTC,5,ppc,fixed,shrink25,2,middle,both,2,-2.245000000000001,-4.490000000000002,,0,,0.0,,0,,0.0,,0.0
KXBTC,5,ppc,fixed,shrink25,2,middle,yes,1,-48.75,-48.75,,0,,0.0,,0,,0.0,,0.0
KXBTC,5,ppc,fixed,shrink25,2,middle,no,1,44.26,44.26,,0,,0.0,,0,,0.0,,0.0
KXBTC,5,ppc,fixed,shrink25,5,all,both,0,,0.0,,0,,0.0,,0,,0.0,,0.0
KXBTC,5,ppc,fixed,shrink25,5,all,yes,0,,0.0,,0,,0.0,,0,,0.0,,0.0
KXBTC,5,ppc,fixed,shrink25,5,all,no,0,,0.0,,0,,0.0,,0,,0.0,,0.0
KXBTC,5,ppc,fixed,shrink25,5,cheap,both,0,,0.0,,0,,0.0,,0,,0.0,,0.0
KXBTC,5,ppc,fixed,shrink25,5,cheap,yes,0,,0.0,,0,,0.0,,0,,0.0,,0.0
KXBTC,5,ppc,fixed,shrink25,5,cheap,no,0,,0.0,,0,,0.0,,0,,0.0,,0.0
KXBTC,5,ppc,fixed,shrink25,5,middle,both,0,,0.0,,0,,0.0,,0,,0.0,,0.0
KXBTC,5,ppc,fixed,shrink25,5,middle,yes,0,,0.0,,0,,0.0,,0,,0.0,,0.0
KXBTC,5,ppc,fixed,shrink25,5,middle,no,0,,0.0,,0,,0.0,,0,,0.0,,0.0
KXBTC,5,ppc,fixed,shrink25,10,all,both,0,,0.0,,0,,0.0,,0,,0.0,,0.0
KXBTC,5,ppc,fixed,shrink25,10,all,yes,0,,0.0,,0,,0.0,,0,,0.0,,0.0
KXBTC,5,ppc,fixed,shrink25,10,all,no,0,,0.0,,0,,0.0,,0,,0.0,,0.0
KXBTC,5,ppc,fixed,shrink25,10,cheap,both,0,,0.0,,0,,0.0,,0,,0.0,,0.0
KXBTC,5,ppc,fixed,shrink25,10,cheap,yes,0,,0.0,,0,,0.0,,0,,0.0,,0.0
KXBTC,5,ppc,fixed,shrink25,10,cheap,no,0,,0.0,,0,,0.0,,0,,0.0,,0.0
KXBTC,5,ppc,fixed,shrink25,10,middle,both,0,,0.0,,0,,0.0,,0,,0.0,,0.0
KXBTC,5,ppc,fixed,shrink25,10,middle,yes,0,,0.0,,0,,0.0,,0,,0.0,,0.0
KXBTC,5,ppc,fixed,shrink25,10,middle,no,0,,0.0,,0,,0.0,,0,,0.0,,0.0
KXBTC,5,ppc,fixed,shrink50,2,all,both,55,-10.895636363636363,-599.26,-1.2153198144518318,11,-18.14,-199.54000000000002,-1.4170644251971094,13,19.121538461538464,248.58,1.3459519538657545,264.47999999999996
KXBTC,5,ppc,fixed,shrink50,2,all,yes,34,-9.093823529411765,-309.19,-0.806390631691203,8,-4.800000000000001,-38.400000000000006,-0.3953969675839922,9,22.677777777777777,204.1,1.274052738956376,220.0
KXBTC,5,ppc,fixed,shrink50,2,all,no,21,-13.812857142857146,-290.07000000000005,-1.1819489288053142,3,-53.71333333333333,-161.14,-10.7381552029343,4,11.119999999999997,44.47999999999999,0.4555844752094319,44.47999999999999
KXBTC,5,ppc,fixed,shrink50,2,cheap,both,6,5.858333333333334,35.150000000000006,0.34110286690990227,3,25.52,76.56,0.7864057150141442,2,37.785000000000004,75.57000000000001,,75.57000000000001
KXBTC,5,ppc,fixed,shrink50,2,cheap,yes,6,5.858333333333334,35.150000000000006,0.34110286690990227,3,25.52,76.56,0.7864057150141442,2,37.785000000000004,75.57000000000001,,75.57000000000001
KXBTC,5,ppc,fixed,shrink50,2,cheap,no,0,,0.0,,0,,0.0,,0,,0.0,,0.0
KXBTC,5,ppc,fixed,shrink50,2,middle,both,49,-12.94714285714286,-634.4100000000001,-1.367957618442987,8,-34.5125,-276.1,-3.6510794653592344,11,15.728181818181817,173.01,1.0263365792517753,188.91
KXBTC,5,ppc,fixed,shrink50,2,middle,yes,28,-12.297857142857145,-344.3400000000001,-0.9756119443168249,5,-22.992,-114.96000000000001,-4.290271485839269,7,18.36142857142857,128.52999999999997,0.7695410742875605,144.42999999999998
KXBTC,5,ppc,fixed,shrink50,2,middle,no,21,-13.812857142857146,-290.07000000000005,-1.1819489288053142,3,-53.71333333333333,-161.14,-10.7381552029343,4,11.119999999999997,44.47999999999999,0.4555844752094319,44.47999999999999
KXBTC,5,ppc,fixed,shrink50,5,all,both,7,5.101428571428572,35.71000000000001,0.31246330309274906,2,-42.385,-84.77,,0,,0.0,,0.0
KXBTC,5,ppc,fixed,shrink50,5,all,yes,4,-8.389999999999999,-33.559999999999995,-0.5008630716628648,1,-21.12,-21.12,,0,,0.0,,0.0
KXBTC,5,ppc,fixed,shrink50,5,all,no,3,23.09,69.27,0.9738999554087304,1,-63.65,-63.65,,0,,0.0,,0.0
KXBTC,5,ppc,fixed,shrink50,5,cheap,both,0,,0.0,,0,,0.0,,0,,0.0,,0.0
KXBTC,5,ppc,fixed,shrink50,5,cheap,yes,0,,0.0,,0,,0.0,,0,,0.0,,0.0
KXBTC,5,ppc,fixed,shrink50,5,cheap,no,0,,0.0,,0,,0.0,,0,,0.0,,0.0
KXBTC,5,ppc,fixed,shrink50,5,middle,both,7,5.101428571428572,35.71000000000001,0.31246330309274906,2,-42.385,-84.77,,0,,0.0,,0.0
KXBTC,5,ppc,fixed,shrink50,5,middle,yes,4,-8.389999999999999,-33.559999999999995,-0.5008630716628648,1,-21.12,-21.12,,0,,0.0,,0.0
KXBTC,5,ppc,fixed,shrink50,5,middle,no,3,23.09,69.27,0.9738999554087304,1,-63.65,-63.65,,0,,0.0,,0.0
KXBTC,5,ppc,fixed,shrink50,10,all,both,0,,0.0,,0,,0.0,,0,,0.0,,0.0
KXBTC,5,ppc,fixed,shrink50,10,all,yes,0,,0.0,,0,,0.0,,0,,0.0,,0.0
KXBTC,5,ppc,fixed,shrink50,10,all,no,0,,0.0,,0,,0.0,,0,,0.0,,0.0
KXBTC,5,ppc,fixed,shrink50,10,cheap,both,0,,0.0,,0,,0.0,,0,,0.0,,0.0
KXBTC,5,ppc,fixed,shrink50,10,cheap,yes,0,,0.0,,0,,0.0,,0,,0.0,,0.0
KXBTC,5,ppc,fixed,shrink50,10,cheap,no,0,,0.0,,0,,0.0,,0,,0.0,,0.0
KXBTC,5,ppc,fixed,shrink50,10,middle,both,0,,0.0,,0,,0.0,,0,,0.0,,0.0
KXBTC,5,ppc,fixed,shrink50,10,middle,yes,0,,0.0,,0,,0.0,,0,,0.0,,0.0
KXBTC,5,ppc,fixed,shrink50,10,middle,no,0,,0.0,,0,,0.0,,0,,0.0,,0.0
KXBTC,15,ppc,fixed,none,2,all,both,543,-1.139558011049724,-618.7800000000002,-0.7569760548331465,192,-4.8702604166666665,-935.09,-1.169402964865901,213,-0.48835680751173727,-104.02000000000004,-0.1925112754059177,-65.74000000000007
KXBTC,15,ppc,fixed,none,2,all,yes,258,-0.4693023255813954,-121.08000000000001,-0.23085308721242018,91,0.22549450549450661,20.520000000000103,0.04349801118086368,113,0.5701769911504425,64.43,0.21390424913972308,112.98000000000005
KXBTC,15,ppc,fixed,none,2,all,no,285,-1.7463157894736847,-497.70000000000016,-0.9348733828711594,101,-9.461485148514853,-955.6100000000001,-2.3408743197865207,100,-1.6844999999999999,-168.45,-0.40591156509268567,-178.72000000000003
KXBTC,15,ppc,fixed,none,2,cheap,both,121,1.2357024793388436,149.52000000000007,0.5882956709677173,39,6.482051282051283,252.80000000000004,1.112620782912351,58,2.3796551724137944,138.02000000000007,0.7792607843500897,203.93
KXBTC,15,ppc,fixed,none,2,cheap,yes,121,1.2357024793388436,149.52000000000007,0.5882956709677173,39,6.482051282051283,252.80000000000004,1.112620782912351,58,2.3796551724137944,138.02000000000007,0.7792607843500897,203.93
KXBTC,15,ppc,fixed,none,2,cheap,no,0,,0.0,,0,,0.0,,0,,0.0,,0.0
KXBTC,15,ppc,fixed,none,2,middle,both,351,-3.0228774928774933,-1061.0300000000002,-1.4847563454848587,121,-8.55479338842975,-1035.1299999999999,-1.633964857845564,110,-1.3526363636363647,-148.79000000000013,-0.32387993300797596,-166.1500000000001
KXBTC,15,ppc,fixed,none,2,middle,yes,135,-2.199259259259259,-296.9,-0.5711288160061595,52,-4.466923076923077,-232.28,-0.661339700966876,55,-1.3380000000000007,-73.59000000000005,-0.30190879963947775,-90.95
KXBTC,15,ppc,fixed,none,2,middle,no,216,-3.5376388888888886,-764.1299999999999,-1.5893816322996124,69,-11.635507246376813,-802.85,-2.243654973588397,55,-1.367272727272729,-75.20000000000009,-0.20522260959323826,-75.20000000000009
KXBTC,15,ppc,fixed,none,5,all,both,157,-3.693057324840764,-579.81,-1.0099059782855486,39,-1.5941025641025635,-62.16999999999997,-0.14893679647474892,39,2.318717948717948,90.42999999999998,0.35543232464928615,136.12
KXBTC,15,ppc,fixed,none,5,all,yes,74,-2.812972972972972,-208.15999999999994,-0.4963496609922423,26,3.04,79.04,0.23023777613047486,27,6.162222222222223,166.38000000000002,0.9663367166836456,212.07
KXBTC,15,ppc,fixed,none,5,all,no,83,-4.477710843373494,-371.65,-0.8773115405392483,13,-10.862307692307693,-141.21,-1.3319029141761662,12,-6.32916666666667,-75.95000000000005,-0.4679052866351464,-75.95000000000005
KXBTC,15,ppc,fixed,none,5,cheap,both,20,5.163500000000001,103.27000000000001,0.7038872796687077,6,37.961666666666666,227.76999999999998,1.9266255557485015,15,8.944666666666668,134.17000000000002,0.8639799297225137,162.91000000000003
KXBTC,15,ppc,fixed,none,5,cheap,yes,20,5.163500000000001,103.27000000000001,0.7038872796687077,6,37.961666666666666,227.76999999999998,1.9266255557485015,15,8.944666666666668,134.17000000000002,0.8639799297225137,162.91000000000003
KXBTC,15,ppc,fixed,none,5,cheap,no,0,,0.0,,0,,0.0,,0,,0.0,,0.0
KXBTC,15,ppc,fixed,none,5,middle,both,130,-5.780769230769231,-751.5,-1.3894465676820236,32,-9.32375,-298.36,-0.9342454236815867,23,-2.473478260869567,-56.890000000000036,-0.24126911763655295,-39.940000000000104
KXBTC,15,ppc,fixed,none,5,middle,yes,53,-6.124150943396226,-324.58,-0.8918810342494385,20,-7.4365,-148.73,-0.6493142970708288,12,2.684166666666665,32.20999999999998,0.2264092110444766,49.15999999999998
KXBTC,15,ppc,fixed,none,5,middle,no,77,-5.544415584415586,-426.92000000000013,-1.0117591508069834,12,-12.469166666666666,-149.63,-1.3337501296404435,11,-8.100000000000001,-89.10000000000002,-0.5478931620800108,-89.10000000000002
KXBTC,15,ppc,fixed,none,10,all,both,31,7.066129032258065,219.05,0.970647924396786,6,-8.833333333333334,-53.00000000000001,,2,-18.505000000000003,-37.010000000000005,,-37.010000000000005
KXBTC,15,ppc,fixed,none,10,all,yes,21,4.725714285714286,99.24000000000001,0.46935825376044,6,-8.833333333333334,-53.00000000000001,,2,-18.505000000000003,-37.010000000000005,,-37.010000000000005
KXBTC,15,ppc,fixed,none,10,all,no,10,11.980999999999998,119.80999999999997,0.9453259174165969,0,,0.0,,0,,0.0,,0.0
KXBTC,15,ppc,fixed,none,10,cheap,both,1,-8.52,-8.52,,1,-14.850000000000001,-14.850000000000001,,1,-13.8,-13.8,,-13.8
KXBTC,15,ppc,fixed,none,10,cheap,yes,1,-8.52,-8.52,,1,-14.850000000000001,-14.850000000000001,,1,-13.8,-13.8,,-13.8
KXBTC,15,ppc,fixed,none,10,cheap,no,0,,0.0,,0,,0.0,,0,,0.0,,0.0
KXBTC,15,ppc,fixed,none,10,middle,both,30,7.585666666666668,227.57000000000005,1.0238802493042538,5,-7.630000000000001,-38.150000000000006,,1,-23.21,-23.21,,-23.21
KXBTC,15,ppc,fixed,none,10,middle,yes,20,5.388000000000001,107.76000000000002,0.5135839935874084,5,-7.630000000000001,-38.150000000000006,,1,-23.21,-23.21,,-23.21
KXBTC,15,ppc,fixed,none,10,middle,no,10,11.980999999999998,119.80999999999997,0.9453259174165969,0,,0.0,,0,,0.0,,0.0
KXBTC,15,ppc,fixed,volview,2,all,both,371,-0.9796226415094341,-363.44000000000005,-0.45842218002396123,140,-8.875214285714284,-1242.5299999999997,-2.0139112815639,163,-0.6676687116564424,-108.8300000000001,-0.2579176027288903,-70.55000000000003
KXBTC,15,ppc,fixed,volview,2,all,yes,169,0.4014792899408289,67.85000000000008,0.1173268382254454,64,-6.553593749999998,-419.4299999999999,-1.2606008459475355,92,-1.5016304347826084,-138.14999999999998,-0.679859994113919,-89.59999999999998
KXBTC,15,ppc,fixed,volview,2,all,no,202,-2.13509900990099,-431.29,-0.8755057523289429,76,-10.830263157894736,-823.0999999999999,-2.3774735561282574,71,0.4129577464788721,29.319999999999922,0.0707365497565632,19.049999999999926
KXBTC,15,ppc,fixed,volview,2,cheap,both,94,0.15191489361702207,14.280000000000074,0.06440706326934793,27,0.05407407407407489,1.4600000000000222,0.009249327678502981,47,-0.7787234042553182,-36.59999999999995,-0.18565756809572231,29.31000000000003
KXBTC,15,ppc,fixed,volview,2,cheap,yes,94,0.15191489361702207,14.280000000000074,0.06440706326934793,27,0.05407407407407489,1.4600000000000222,0.009249327678502981,47,-0.7787234042553182,-36.59999999999995,-0.18565756809572231,29.31000000000003
KXBTC,15,ppc,fixed,volview,2,cheap,no,0,,0.0,,0,,0.0,,0,,0.0,,0.0
KXBTC,15,ppc,fixed,volview,2,middle,both,227,-2.1197797356828194,-481.19000000000005,-0.7085138685172901,87,-11.907356321839078,-1035.9399999999998,-2.4066551549701813,81,-2.4150617283950626,-195.62000000000006,-0.4922859818600041,-212.98000000000008
KXBTC,15,ppc,fixed,volview,2,middle,yes,75,0.7142666666666666,53.56999999999999,0.10258956392912195,37,-11.375405405405406,-420.89,-1.731201843502048,45,-2.256666666666667,-101.55,-0.5239419801667142,-118.91000000000003
KXBTC,15,ppc,fixed,volview,2,middle,no,152,-3.518157894736843,-534.7600000000001,-1.1858486385626348,50,-12.300999999999998,-615.05,-2.4905318333600706,36,-2.613055555555558,-94.07000000000009,-0.24670228332632868,-94.07000000000009
KXBTC,15,ppc,fixed,volview,5,all,both,132,-3.4940909090909087,-461.21999999999997,-0.8120375906682492,36,-3.5897222222222234,-129.23000000000005,-0.30806895912464705,34,-0.7626470588235295,-25.93,-0.12222708919843928,19.759999999999977
KXBTC,15,ppc,fixed,volview,5,all,yes,55,-4.058181818181818,-223.19999999999996,-0.5289617240650251,23,0.5208695652173919,11.980000000000015,0.034410428517116856,24,3.820833333333334,91.70000000000002,0.5677808197580687,137.39
KXBTC,15,ppc,fixed,volview,5,all,no,77,-3.0911688311688326,-238.0200000000001,-0.6184279755753542,13,-10.862307692307693,-141.21,-1.3319029141761662,10,-11.763000000000005,-117.63000000000005,-0.7495433688855204,-117.63000000000005
KXBTC,15,ppc,fixed,volview,5,cheap,both,18,6.977222222222224,125.59000000000003,0.8342174935769551,4,36.2025,144.81,1.2409312247228326,15,8.944666666666668,134.17000000000002,0.8639799297225137,162.91000000000003
KXBTC,15,ppc,fixed,volview,5,cheap,yes,18,6.977222222222224,125.59000000000003,0.8342174935769551,4,36.2025,144.81,1.2409312247228326,15,8.944666666666668,134.17000000000002,0.8639799297225137,162.91000000000003
KXBTC,15,ppc,fixed,volview,5,cheap,no,0,,0.0,,0,,0.0,,0,,0.0,,0.0
KXBTC,15,ppc,fixed,volview,5,middle,both,108,-5.945185185185187,-642.0800000000002,-1.1667936656552784,31,-9.111612903225806,-282.46,-0.8581966076639217,19,-8.426315789473687,-160.10000000000005,-0.9258854919278716,-143.15000000000003
KXBTC,15,ppc,fixed,volview,5,middle,yes,37,-9.426756756756756,-348.78999999999996,-0.9234249714252906,19,-6.991052631578946,-132.82999999999998,-0.5509537194062197,9,-4.7188888888888885,-42.47,-0.37606882317510837,-25.519999999999996
KXBTC,15,ppc,fixed,volview,5,middle,no,71,-4.130845070422538,-293.2900000000002,-0.7640099011448412,12,-12.469166666666666,-149.63,-1.3337501296404435,10,-11.763000000000005,-117.63000000000005,-0.7495433688855204,-117.63000000000005
KXBTC,15,ppc,fixed,volview,10,all,both,26,5.640769230769232,146.66000000000003,0.594356842470141,6,-8.833333333333334,-53.00000000000001,,2,-18.505000000000003,-37.010000000000005,,-37.010000000000005
KXBTC,15,ppc,fixed,volview,10,all,yes,16,1.6781250000000023,26.850000000000037,0.11825545923012587,6,-8.833333333333334,-53.00000000000001,,2,-18.505000000000003,-37.010000000000005,,-37.010000000000005
KXBTC,15,ppc,fixed,volview,10,all,no,10,11.980999999999998,119.80999999999997,0.9453259174165969,0,,0.0,,0,,0.0,,0.0
KXBTC,15,ppc,fixed,volview,10,cheap,both,1,-8.52,-8.52,,1,-14.850000000000001,-14.850000000000001,,1,-13.8,-13.8,,-13.8
KXBTC,15,ppc,fixed,volview,10,cheap,yes,1,-8.52,-8.52,,1,-14.850000000000001,-14.850000000000001,,1,-13.8,-13.8,,-13.8
KXBTC,15,ppc,fixed,volview,10,cheap,no,0,,0.0,,0,,0.0,,0,,0.0,,0.0
KXBTC,15,ppc,fixed,volview,10,middle,both,25,6.2072,155.18,0.6364832404970046,5,-7.630000000000001,-38.150000000000006,,1,-23.21,-23.21,,-23.21
KXBTC,15,ppc,fixed,volview,10,middle,yes,15,2.3580000000000014,35.37000000000002,0.15663004667717184,5,-7.630000000000001,-38.150000000000006,,1,-23.21,-23.21,,-23.21
KXBTC,15,ppc,fixed,volview,10,middle,no,10,11.980999999999998,119.80999999999997,0.9453259174165969,0,,0.0,,0,,0.0,,0.0
KXBTC,15,ppc,fixed,shrink25,2,all,both,5,-1.15,-5.75,-0.05440641445604474,2,-15.375,-30.75,,1,-13.8,-13.8,,-13.8
KXBTC,15,ppc,fixed,shrink25,2,all,yes,3,-37.096666666666664,-111.28999999999999,-3.200024708992902,2,-15.375,-30.75,,1,-13.8,-13.8,,-13.8
KXBTC,15,ppc,fixed,shrink25,2,all,no,2,52.769999999999996,105.53999999999999,,0,,0.0,,0,,0.0,,0.0
KXBTC,15,ppc,fixed,shrink25,2,cheap,both,0,,0.0,,1,-14.850000000000001,-14.850000000000001,,1,-13.8,-13.8,,-13.8
KXBTC,15,ppc,fixed,shrink25,2,cheap,yes,0,,0.0,,1,-14.850000000000001,-14.850000000000001,,1,-13.8,-13.8,,-13.8
KXBTC,15,ppc,fixed,shrink25,2,cheap,no,0,,0.0,,0,,0.0,,0,,0.0,,0.0
KXBTC,15,ppc,fixed,shrink25,2,middle,both,5,-1.15,-5.75,-0.05440641445604474,1,-15.9,-15.9,,0,,0.0,,0.0
KXBTC,15,ppc,fixed,shrink25,2,middle,yes,3,-37.096666666666664,-111.28999999999999,-3.200024708992902,1,-15.9,-15.9,,0,,0.0,,0.0
KXBTC,15,ppc,fixed,shrink25,2,middle,no,2,52.769999999999996,105.53999999999999,,0,,0.0,,0,,0.0,,0.0
KXBTC,15,ppc,fixed,shrink25,5,all,both,0,,0.0,,0,,0.0,,0,,0.0,,0.0
KXBTC,15,ppc,fixed,shrink25,5,all,yes,0,,0.0,,0,,0.0,,0,,0.0,,0.0
KXBTC,15,ppc,fixed,shrink25,5,all,no,0,,0.0,,0,,0.0,,0,,0.0,,0.0
KXBTC,15,ppc,fixed,shrink25,5,cheap,both,0,,0.0,,0,,0.0,,0,,0.0,,0.0
KXBTC,15,ppc,fixed,shrink25,5,cheap,yes,0,,0.0,,0,,0.0,,0,,0.0,,0.0
KXBTC,15,ppc,fixed,shrink25,5,cheap,no,0,,0.0,,0,,0.0,,0,,0.0,,0.0
KXBTC,15,ppc,fixed,shrink25,5,middle,both,0,,0.0,,0,,0.0,,0,,0.0,,0.0
KXBTC,15,ppc,fixed,shrink25,5,middle,yes,0,,0.0,,0,,0.0,,0,,0.0,,0.0
KXBTC,15,ppc,fixed,shrink25,5,middle,no,0,,0.0,,0,,0.0,,0,,0.0,,0.0
KXBTC,15,ppc,fixed,shrink25,10,all,both,0,,0.0,,0,,0.0,,0,,0.0,,0.0
KXBTC,15,ppc,fixed,shrink25,10,all,yes,0,,0.0,,0,,0.0,,0,,0.0,,0.0
KXBTC,15,ppc,fixed,shrink25,10,all,no,0,,0.0,,0,,0.0,,0,,0.0,,0.0
KXBTC,15,ppc,fixed,shrink25,10,cheap,both,0,,0.0,,0,,0.0,,0,,0.0,,0.0
KXBTC,15,ppc,fixed,shrink25,10,cheap,yes,0,,0.0,,0,,0.0,,0,,0.0,,0.0
KXBTC,15,ppc,fixed,shrink25,10,cheap,no,0,,0.0,,0,,0.0,,0,,0.0,,0.0
KXBTC,15,ppc,fixed,shrink25,10,middle,both,0,,0.0,,0,,0.0,,0,,0.0,,0.0
KXBTC,15,ppc,fixed,shrink25,10,middle,yes,0,,0.0,,0,,0.0,,0,,0.0,,0.0
KXBTC,15,ppc,fixed,shrink25,10,middle,no,0,,0.0,,0,,0.0,,0,,0.0,,0.0
KXBTC,15,ppc,fixed,shrink50,2,all,both,97,1.5027835051546383,145.76999999999992,0.34488015827588064,27,6.137037037037039,165.70000000000005,0.5370737042665137,24,-0.574583333333332,-13.789999999999967,-0.09036898685574186,22.319999999999965
KXBTC,15,ppc,fixed,shrink50,2,all,yes,57,-0.19614035087719278,-11.179999999999989,-0.04141755522059669,17,11.758823529411764,199.89999999999998,0.7119446564887828,17,2.242352941176471,38.120000000000005,0.27776733991130315,74.23
KXBTC,15,ppc,fixed,shrink50,2,all,no,40,3.9237499999999996,156.95,0.489639560254588,10,-3.419999999999998,-34.19999999999998,-0.5056476272225167,7,-7.415714285714288,-51.91000000000002,-0.5065616482451346,-51.91000000000002
KXBTC,15,ppc,fixed,shrink50,2,cheap,both,17,7.762941176470588,131.97,0.9003599094976908,4,38.8425,155.37,1.3159202539316555,11,7.648181818181819,84.13000000000001,0.6510961657045449,103.29000000000002
KXBTC,15,ppc,fixed,shrink50,2,cheap,yes,17,7.762941176470588,131.97,0.9003599094976908,4,38.8425,155.37,1.3159202539316555,11,7.648181818181819,84.13000000000001,0.6510961657045449,103.29000000000002
KXBTC,15,ppc,fixed,shrink50,2,cheap,no,0,,0.0,,0,,0.0,,0,,0.0,,0.0
KXBTC,15,ppc,fixed,shrink50,2,middle,both,77,-0.18584415584415606,-14.310000000000016,-0.03544553960714414,23,0.44913043478260894,10.330000000000005,0.04555850513937709,12,-9.255833333333337,-111.07000000000005,-0.9782629202573679,-94.12
KXBTC,15,ppc,fixed,shrink50,2,middle,yes,39,-4.007692307692307,-156.29999999999995,-0.6855192306504134,13,3.4253846153846155,44.53,0.2273289500162159,6,-7.668333333333334,-46.010000000000005,-0.4588880837900684,-29.060000000000006
KXBTC,15,ppc,fixed,shrink50,2,middle,no,38,3.73657894736842,141.98999999999995,0.4488108421697324,10,-3.419999999999998,-34.19999999999998,-0.5056476272225167,6,-10.843333333333343,-65.06000000000006,-0.6364828850768487,-65.06000000000006
KXBTC,15,ppc,fixed,shrink50,5,all,both,13,11.807692307692308,153.5,0.9782111199680333,4,3.4249999999999985,13.699999999999994,,1,-13.8,-13.8,,-13.8
KXBTC,15,ppc,fixed,shrink50,5,all,yes,9,-3.4444444444444415,-30.999999999999975,-0.2425883061410538,4,3.4249999999999985,13.699999999999994,,1,-13.8,-13.8,,-13.8
KXBTC,15,ppc,fixed,shrink50,5,all,no,4,46.125,184.5,6.036227825371001,0,,0.0,,0,,0.0,,0.0
KXBTC,15,ppc,fixed,shrink50,5,cheap,both,0,,0.0,,1,-14.850000000000001,-14.850000000000001,,1,-13.8,-13.8,,-13.8
KXBTC,15,ppc,fixed,shrink50,5,cheap,yes,0,,0.0,,1,-14.850000000000001,-14.850000000000001,,1,-13.8,-13.8,,-13.8
KXBTC,15,ppc,fixed,shrink50,5,cheap,no,0,,0.0,,0,,0.0,,0,,0.0,,0.0
KXBTC,15,ppc,fixed,shrink50,5,middle,both,13,11.807692307692308,153.5,0.9782111199680333,3,9.516666666666666,28.549999999999997,,0,,0.0,,0.0
KXBTC,15,ppc,fixed,shrink50,5,middle,yes,9,-3.4444444444444415,-30.999999999999975,-0.2425883061410538,3,9.516666666666666,28.549999999999997,,0,,0.0,,0.0
KXBTC,15,ppc,fixed,shrink50,5,middle,no,4,46.125,184.5,6.036227825371001,0,,0.0,,0,,0.0,,0.0
KXBTC,15,ppc,fixed,shrink50,10,all,both,0,,0.0,,0,,0.0,,0,,0.0,,0.0
KXBTC,15,ppc,fixed,shrink50,10,all,yes,0,,0.0,,0,,0.0,,0,,0.0,,0.0
KXBTC,15,ppc,fixed,shrink50,10,all,no,0,,0.0,,0,,0.0,,0,,0.0,,0.0
KXBTC,15,ppc,fixed,shrink50,10,cheap,both,0,,0.0,,0,,0.0,,0,,0.0,,0.0
KXBTC,15,ppc,fixed,shrink50,10,cheap,yes,0,,0.0,,0,,0.0,,0,,0.0,,0.0
KXBTC,15,ppc,fixed,shrink50,10,cheap,no,0,,0.0,,0,,0.0,,0,,0.0,,0.0
KXBTC,15,ppc,fixed,shrink50,10,middle,both,0,,0.0,,0,,0.0,,0,,0.0,,0.0
KXBTC,15,ppc,fixed,shrink50,10,middle,yes,0,,0.0,,0,,0.0,,0,,0.0,,0.0
KXBTC,15,ppc,fixed,shrink50,10,middle,no,0,,0.0,,0,,0.0,,0,,0.0,,0.0
KXBTC,1,ppc,rolling,none,2,all,both,222,-0.9409909909909904,-208.89999999999986,-0.30743166947195005,89,-7.9388764044943825,-706.5600000000001,-1.4396892728568838,221,16.308778280542988,3604.2400000000002,1.1183084695107144,380.23
KXBTC,1,ppc,rolling,none,2,all,yes,86,-5.112093023255812,-439.6399999999998,-1.1567138209725347,27,-5.819629629629629,-157.13,-1.044733672705523,47,-1.3297872340425525,-62.499999999999964,-0.18758718334367008,35.080000000000034
KXBTC,1,ppc,rolling,none,2,all,no,136,1.6966176470588228,230.7399999999999,0.46990379453766307,62,-8.861774193548388,-549.4300000000001,-1.164028492535963,174,21.0732183908046,3666.7400000000002,1.1079361447847207,345.15000000000003
KXBTC,1,ppc,rolling,none,2,cheap,both,27,-6.059259259259259,-163.6,-1.2408702946871264,10,-9.779999999999998,-97.79999999999998,-4.169653531518784,11,-11.302727272727273,-124.33,-3.6224846892262086,-78.63
KXBTC,1,ppc,rolling,none,2,cheap,yes,27,-6.059259259259259,-163.6,-1.2408702946871264,10,-9.779999999999998,-97.79999999999998,-4.169653531518784,11,-11.302727272727273,-124.33,-3.6224846892262086,-78.63
KXBTC,1,ppc,rolling,none,2,cheap,no,0,,0.0,,0,,0.0,,0,,0.0,,0.0
KXBTC,1,ppc,rolling,none,2,middle,both,174,-1.408045977011494,-244.99999999999994,-0.3916749284335781,71,-9.457323943661972,-671.47,-1.397229858544927,126,29.012063492063493,3655.52,1.1009265769859002,323.15
KXBTC,1,ppc,rolling,none,2,middle,yes,58,-5.002413793103447,-290.13999999999993,-0.8117609895852056,17,-3.4900000000000007,-59.33000000000001,-0.4117330899569739,36,1.7174999999999998,61.82999999999999,0.19520276854995341,113.71
KXBTC,1,ppc,rolling,none,2,middle,no,116,0.38913793103448274,45.14,0.09250066433930165,54,-11.335925925925926,-612.14,-1.3265497296371282,90,39.9298888888889,3593.6900000000005,1.0747974320203477,209.44
KXBTC,1,ppc,rolling,none,5,all,both,52,-5.759230769230769,-299.48,-0.9677596420969501,10,-27.4,-274.0,-3.772423100488972,96,38.2659375,3673.53,1.1042849536355963,314.76
KXBTC,1,ppc,rolling,none,5,all,yes,22,-8.72318181818182,-191.91000000000003,-1.3289696097506385,3,-30.97,-92.91,-2.8265944352735284,13,18.943846153846152,246.26999999999998,1.6541743217299716,271.75
KXBTC,1,ppc,rolling,none,5,all,no,30,-3.5856666666666674,-107.57000000000002,-0.45481859556998083,7,-25.87,-181.09,-1.7627675683644082,83,41.2922891566265,3427.2599999999998,1.017004627239661,43.01
KXBTC,1,ppc,rolling,none,5,cheap,both,3,-6.386666666666667,-19.16,-2.083240113516933,0,,0.0,,2,-10.105,-20.21,,-10.63
KXBTC,1,ppc,rolling,none,5,cheap,yes,3,-6.386666666666667,-19.16,-2.083240113516933,0,,0.0,,2,-10.105,-20.21,,-10.63
KXBTC,1,ppc,rolling,none,5,cheap,no,0,,0.0,,0,,0.0,,0,,0.0,,0.0
KXBTC,1,ppc,rolling,none,5,middle,both,45,-7.377333333333335,-331.9800000000001,-1.0816075455854108,9,-31.380000000000003,-282.42,-3.783605246528832,88,41.48556818181818,3650.73,1.0984410615465752,282.38
KXBTC,1,ppc,rolling,none,5,middle,yes,18,-10.380555555555556,-186.85000000000002,-1.3138780714519467,3,-30.97,-92.91,-2.8265944352735284,11,24.225454545454546,266.48,1.9311442828419842,282.38
KXBTC,1,ppc,rolling,none,5,middle,no,27,-5.375185185185186,-145.13000000000002,-0.6141519035549975,6,-31.584999999999997,-189.51,-1.8423499044825908,77,43.951298701298704,3384.25,,0.0
KXBTC,1,ppc,rolling,none,10,all,both,10,-0.6280000000000001,-6.280000000000001,-0.045465646380675656,2,-44.385,-88.77,,78,44.032051282051285,3434.5,,50.25
KXBTC,1,ppc,rolling,none,10,all,yes,5,5.742000000000003,28.71000000000001,0.5395404403083431,1,-22.17,-22.17,,1,50.25,50.25,,50.25
KXBTC,1,ppc,rolling,none,10,all,no,5,-6.998000000000002,-34.99000000000001,-0.28831066425392815,1,-66.6,-66.6,,77,43.951298701298704,3384.25,,0.0
KXBTC,1,ppc,rolling,none,10,cheap,both,1,-11.69,-11.69,,0,,0.0,,0,,0.0,,0.0
KXBTC,1,ppc,rolling,none,10,cheap,yes,1,-11.69,-11.69,,0,,0.0,,0,,0.0,,0.0
KXBTC,1,ppc,rolling,none,10,cheap,no,0,,0.0,,0,,0.0,,0,,0.0,,0.0
KXBTC,1,ppc,rolling,none,10,middle,both,9,0.6011111111111092,5.409999999999982,0.03878071839237993,2,-44.385,-88.77,,78,44.032051282051285,3434.5,,50.25
KXBTC,1,ppc,rolling,none,10,middle,yes,4,10.100000000000001,40.400000000000006,0.8123190967538073,1,-22.17,-22.17,,1,50.25,50.25,,50.25
KXBTC,1,ppc,rolling,none,10,middle,no,5,-6.998000000000002,-34.99000000000001,-0.28831066425392815,1,-66.6,-66.6,,77,43.951298701298704,3384.25,,0.0
KXBTC,1,ppc,rolling,volview,2,all,both,126,1.1861111111111104,149.4499999999999,0.25332401730577486,38,-9.363947368421051,-355.83,-1.4043453360816098,202,17.200099009900992,3474.4200000000005,1.0707581525197285,236.60999999999999
KXBTC,1,ppc,rolling,volview,2,all,yes,56,-3.1871428571428573,-178.48000000000002,-0.5977725366293725,19,-7.740526315789474,-147.07,-0.994705653448842,43,0.7732558139534885,33.25000000000001,0.10612993234901745,117.03000000000002
KXBTC,1,ppc,rolling,volview,2,all,no,70,4.684714285714286,327.93,0.8630971904004889,19,-10.987368421052635,-208.76000000000005,-0.8843024871824522,159,21.642578616352203,3441.1700000000005,1.0355852788490048,119.57999999999997
KXBTC,1,ppc,rolling,volview,2,cheap,both,16,-4.973124999999999,-79.56999999999998,-0.63436318002606,6,-11.508333333333335,-69.05000000000001,-9.70278631715806,8,-11.16,-89.28,-5.06657444034421,-57.38
KXBTC,1,ppc,rolling,volview,2,cheap,yes,16,-4.973124999999999,-79.56999999999998,-0.63436318002606,6,-11.508333333333335,-69.05000000000001,-9.70278631715806,8,-11.16,-89.28,-5.06657444034421,-57.38
KXBTC,1,ppc,rolling,volview,2,cheap,no,0,,0.0,,0,,0.0,,0,,0.0,,0.0
KXBTC,1,ppc,rolling,volview,2,middle,both,93,0.8300000000000003,77.19000000000003,0.14098833670101366,25,-13.415600000000001,-335.39000000000004,-1.3196806134854737,117,30.33863247863248,3549.6200000000003,1.067805058299128,217.25000000000006
KXBTC,1,ppc,rolling,volview,2,middle,yes,39,-2.8976923076923082,-113.01000000000002,-0.4143456396529348,13,-6.001538461538463,-78.02000000000001,-0.5410465545205,35,3.5008571428571438,122.53000000000003,0.4157261515526143,174.41000000000003
KXBTC,1,ppc,rolling,volview,2,middle,no,54,3.522222222222222,190.2,0.5081677560717559,12,-21.4475,-257.37,-1.1620052779806838,82,41.79378048780488,3427.09,1.0169358425525359,42.84
KXBTC,1,ppc,rolling,volview,5,all,both,39,-8.928205128205128,-348.2,-1.2653518923459233,7,-37.50714285714286,-262.55,-5.851089185550799,96,38.2659375,3673.53,1.1042849536355963,314.76
KXBTC,1,ppc,rolling,volview,5,all,yes,17,-9.781764705882352,-166.29,-1.1614617441420716,3,-30.97,-92.91,-2.8265944352735284,13,18.943846153846152,246.26999999999998,1.6541743217299716,271.75
KXBTC,1,ppc,rolling,volview,5,all,no,22,-8.268636363636363,-181.90999999999997,-0.8603595478122801,4,-42.410000000000004,-169.64000000000001,-8.193785688453598,83,41.2922891566265,3427.2599999999998,1.017004627239661,43.01
KXBTC,1,ppc,rolling,volview,5,cheap,both,2,-9.045,-18.09,,0,,0.0,,2,-10.105,-20.21,,-10.63
KXBTC,1,ppc,rolling,volview,5,cheap,yes,2,-9.045,-18.09,,0,,0.0,,2,-10.105,-20.21,,-10.63
KXBTC,1,ppc,rolling,volview,5,cheap,no,0,,0.0,,0,,0.0,,0,,0.0,,0.0
KXBTC,1,ppc,rolling,volview,5,middle,both,33,-11.568787878787878,-381.77,-1.4303411612440509,6,-45.16166666666667,-270.97,-5.580393971014527,88,41.48556818181818,3650.73,1.0984410615465752,282.38
KXBTC,1,ppc,rolling,volview,5,middle,yes,14,-11.592857142857142,-162.29999999999998,-1.1581292113298713,3,-30.97,-92.91,-2.8265944352735284,11,24.225454545454546,266.48,1.9311442828419842,282.38
KXBTC,1,ppc,rolling,volview,5,middle,no,19,-11.551052631578946,-219.46999999999997,-1.0587431697162972,3,-59.35333333333333,-178.06,-13.833555484771347,77,43.951298701298704,3384.25,,0.0
KXBTC,1,ppc,rolling,volview,10,all,both,9,-5.2844444444444445,-47.56,-0.4078580174495997,2,-44.385,-88.77,,78,44.032051282051285,3434.5,,50.25
KXBTC,1,ppc,rolling,volview,10,all,yes,5,5.742000000000003,28.71000000000001,0.5395404403083431,1,-22.17,-22.17,,1,50.25,50.25,,50.25
KXBTC,1,ppc,rolling,volview,10,all,no,4,-19.067500000000003,-76.27000000000001,-0.709239414065712,1,-66.6,-66.6,,77,43.951298701298704,3384.25,,0.0
KXBTC,1,ppc,rolling,volview,10,cheap,both,1,-11.69,-11.69,,0,,0.0,,0,,0.0,,0.0
KXBTC,1,ppc,rolling,volview,10,cheap,yes,1,-11.69,-11.69,,0,,0.0,,0,,0.0,,0.0
KXBTC,1,ppc,rolling,volview,10,cheap,no,0,,0.0,,0,,0.0,,0,,0.0,,0.0
KXBTC,1,ppc,rolling,volview,10,middle,both,8,-4.483750000000001,-35.870000000000005,-0.30367070958539977,2,-44.385,-88.77,,78,44.032051282051285,3434.5,,50.25
KXBTC,1,ppc,rolling,volview,10,middle,yes,4,10.100000000000001,40.400000000000006,0.8123190967538073,1,-22.17,-22.17,,1,50.25,50.25,,50.25
KXBTC,1,ppc,rolling,volview,10,middle,no,4,-19.067500000000003,-76.27000000000001,-0.709239414065712,1,-66.6,-66.6,,77,43.951298701298704,3384.25,,0.0
KXBTC,1,ppc,rolling,shrink25,2,all,both,1,-11.69,-11.69,,0,,0.0,,77,43.951298701298704,3384.25,,0.0
KXBTC,1,ppc,rolling,shrink25,2,all,yes,1,-11.69,-11.69,,0,,0.0,,0,,0.0,,0.0
KXBTC,1,ppc,rolling,shrink25,2,all,no,0,,0.0,,0,,0.0,,77,43.951298701298704,3384.25,,0.0
KXBTC,1,ppc,rolling,shrink25,2,cheap,both,1,-11.69,-11.69,,0,,0.0,,0,,0.0,,0.0
KXBTC,1,ppc,rolling,shrink25,2,cheap,yes,1,-11.69,-11.69,,0,,0.0,,0,,0.0,,0.0
KXBTC,1,ppc,rolling,shrink25,2,cheap,no,0,,0.0,,0,,0.0,,0,,0.0,,0.0
KXBTC,1,ppc,rolling,shrink25,2,middle,both,0,,0.0,,0,,0.0,,77,43.951298701298704,3384.25,,0.0
KXBTC,1,ppc,rolling,shrink25,2,middle,yes,0,,0.0,,0,,0.0,,0,,0.0,,0.0
KXBTC,1,ppc,rolling,shrink25,2,middle,no,0,,0.0,,0,,0.0,,77,43.951298701298704,3384.25,,0.0
KXBTC,1,ppc,rolling,shrink25,5,all,both,0,,0.0,,0,,0.0,,77,43.951298701298704,3384.25,,0.0
KXBTC,1,ppc,rolling,shrink25,5,all,yes,0,,0.0,,0,,0.0,,0,,0.0,,0.0
KXBTC,1,ppc,rolling,shrink25,5,all,no,0,,0.0,,0,,0.0,,77,43.951298701298704,3384.25,,0.0
KXBTC,1,ppc,rolling,shrink25,5,cheap,both,0,,0.0,,0,,0.0,,0,,0.0,,0.0
KXBTC,1,ppc,rolling,shrink25,5,cheap,yes,0,,0.0,,0,,0.0,,0,,0.0,,0.0
KXBTC,1,ppc,rolling,shrink25,5,cheap,no,0,,0.0,,0,,0.0,,0,,0.0,,0.0
KXBTC,1,ppc,rolling,shrink25,5,middle,both,0,,0.0,,0,,0.0,,77,43.951298701298704,3384.25,,0.0
KXBTC,1,ppc,rolling,shrink25,5,middle,yes,0,,0.0,,0,,0.0,,0,,0.0,,0.0
KXBTC,1,ppc,rolling,shrink25,5,middle,no,0,,0.0,,0,,0.0,,77,43.951298701298704,3384.25,,0.0
KXBTC,1,ppc,rolling,shrink25,10,all,both,0,,0.0,,0,,0.0,,0,,0.0,,0.0
KXBTC,1,ppc,rolling,shrink25,10,all,yes,0,,0.0,,0,,0.0,,0,,0.0,,0.0
KXBTC,1,ppc,rolling,shrink25,10,all,no,0,,0.0,,0,,0.0,,0,,0.0,,0.0
KXBTC,1,ppc,rolling,shrink25,10,cheap,both,0,,0.0,,0,,0.0,,0,,0.0,,0.0
KXBTC,1,ppc,rolling,shrink25,10,cheap,yes,0,,0.0,,0,,0.0,,0,,0.0,,0.0
KXBTC,1,ppc,rolling,shrink25,10,cheap,no,0,,0.0,,0,,0.0,,0,,0.0,,0.0
KXBTC,1,ppc,rolling,shrink25,10,middle,both,0,,0.0,,0,,0.0,,0,,0.0,,0.0
KXBTC,1,ppc,rolling,shrink25,10,middle,yes,0,,0.0,,0,,0.0,,0,,0.0,,0.0
KXBTC,1,ppc,rolling,shrink25,10,middle,no,0,,0.0,,0,,0.0,,0,,0.0,,0.0
KXBTC,1,ppc,rolling,shrink50,2,all,both,18,1.8594444444444436,33.469999999999985,0.16899449677261139,7,-38.35142857142857,-268.46,-2.80685546276606,91,39.77098901098901,3619.16,1.0909304462655343,260.39
KXBTC,1,ppc,rolling,shrink50,2,all,yes,9,8.48777777777778,76.39000000000001,0.6569687471963319,3,-30.97,-92.91,-2.8265944352735284,9,22.36333333333333,201.26999999999998,1.460233042166737,226.75
KXBTC,1,ppc,rolling,shrink50,2,all,no,9,-4.768888888888892,-42.92000000000003,-0.28027914946362775,4,-43.8875,-175.55,,82,41.68158536585366,3417.89,1.01497300904913,33.64
KXBTC,1,ppc,rolling,shrink50,2,cheap,both,3,-6.386666666666667,-19.16,-2.083240113516933,0,,0.0,,2,-10.105,-20.21,,-10.63
KXBTC,1,ppc,rolling,shrink50,2,cheap,yes,3,-6.386666666666667,-19.16,-2.083240113516933,0,,0.0,,2,-10.105,-20.21,,-10.63
KXBTC,1,ppc,rolling,shrink50,2,cheap,no,0,,0.0,,0,,0.0,,0,,0.0,,0.0
KXBTC,1,ppc,rolling,shrink50,2,middle,both,13,1.952307692307691,25.37999999999998,0.12943901319731607,6,-46.14666666666667,-276.88,-2.889425298277394,84,42.925357142857145,3605.73,1.0959717755083294,237.38
KXBTC,1,ppc,rolling,shrink50,2,middle,yes,5,16.29,81.45,0.7802670557348395,3,-30.97,-92.91,-2.8265944352735284,7,31.639999999999997,221.48,1.8693778683151794,237.38
KXBTC,1,ppc,rolling,shrink50,2,middle,no,8,-7.008750000000003,-56.07000000000002,-0.3602398768161036,3,-61.32333333333333,-183.97,,77,43.951298701298704,3384.25,,0.0
KXBTC,1,ppc,rolling,shrink50,5,all,both,6,-0.10666666666666795,-0.6400000000000077,-0.006134765442590987,0,,0.0,,78,44.032051282051285,3434.5,,50.25
KXBTC,1,ppc,rolling,shrink50,5,all,yes,3,16.093333333333334,48.28,1.1526010956995112,0,,0.0,,1,50.25,50.25,,50.25
KXBTC,1,ppc,rolling,shrink50,5,all,no,3,-16.306666666666672,-48.920000000000016,-0.5022344039472446,0,,0.0,,77,43.951298701298704,3384.25,,0.0
KXBTC,1,ppc,rolling,shrink50,5,cheap,both,1,-11.69,-11.69,,0,,0.0,,0,,0.0,,0.0
KXBTC,1,ppc,rolling,shrink50,5,cheap,yes,1,-11.69,-11.69,,0,,0.0,,0,,0.0,,0.0
KXBTC,1,ppc,rolling,shrink50,5,cheap,no,0,,0.0,,0,,0.0,,0,,0.0,,0.0
KXBTC,1,ppc,rolling,shrink50,5,middle,both,5,2.209999999999998,11.04999999999999,0.10471417410414163,0,,0.0,,78,44.032051282051285,3434.5,,50.25
KXBTC,1,ppc,rolling,shrink50,5,middle,yes,2,29.985,59.97,,0,,0.0,,1,50.25,50.25,,50.25
KXBTC,1,ppc,rolling,shrink50,5,middle,no,3,-16.306666666666672,-48.920000000000016,-0.5022344039472446,0,,0.0,,77,43.951298701298704,3384.25,,0.0
KXBTC,1,ppc,rolling,shrink50,10,all,both,0,,0.0,,0,,0.0,,77,43.951298701298704,3384.25,,0.0
KXBTC,1,ppc,rolling,shrink50,10,all,yes,0,,0.0,,0,,0.0,,0,,0.0,,0.0
KXBTC,1,ppc,rolling,shrink50,10,all,no,0,,0.0,,0,,0.0,,77,43.951298701298704,3384.25,,0.0
KXBTC,1,ppc,rolling,shrink50,10,cheap,both,0,,0.0,,0,,0.0,,0,,0.0,,0.0
KXBTC,1,ppc,rolling,shrink50,10,cheap,yes,0,,0.0,,0,,0.0,,0,,0.0,,0.0
KXBTC,1,ppc,rolling,shrink50,10,cheap,no,0,,0.0,,0,,0.0,,0,,0.0,,0.0
KXBTC,1,ppc,rolling,shrink50,10,middle,both,0,,0.0,,0,,0.0,,77,43.951298701298704,3384.25,,0.0
KXBTC,1,ppc,rolling,shrink50,10,middle,yes,0,,0.0,,0,,0.0,,0,,0.0,,0.0
KXBTC,1,ppc,rolling,shrink50,10,middle,no,0,,0.0,,0,,0.0,,77,43.951298701298704,3384.25,,0.0
KXBTC,5,ppc,rolling,none,2,all,both,414,-3.5176328502415464,-1456.3000000000002,-1.3669073331110222,151,-5.610596026490065,-847.1999999999998,-1.342876177225768,200,-0.30479999999999935,-60.95999999999987,-0.11179065141727161,139.79000000000008
KXBTC,5,ppc,rolling,none,2,all,yes,199,-1.8850753768844222,-375.13,-0.6171931558493572,67,-5.449850746268655,-365.13999999999993,-1.4721448049530146,119,-1.3655462184873954,-162.50000000000006,-0.3977876770192202,-34.63999999999993
KXBTC,5,ppc,rolling,none,2,all,no,215,-5.028697674418605,-1081.17,-1.501571088191271,84,-5.738809523809525,-482.0600000000001,-0.9303559973691249,81,1.253580246913581,101.54000000000006,0.29802296540128537,174.42999999999998
KXBTC,5,ppc,rolling,none,2,cheap,both,80,0.36300000000000027,29.04000000000002,0.09964551854238213,31,-0.6787096774193542,-21.039999999999978,-0.16670265929503916,52,-8.388076923076923,-436.18,-2.6702698235687237,-336.36000000000007
KXBTC,5,ppc,rolling,none,2,cheap,yes,80,0.36300000000000027,29.04000000000002,0.09964551854238213,31,-0.6787096774193542,-21.039999999999978,-0.16670265929503916,52,-8.388076923076923,-436.18,-2.6702698235687237,-336.36000000000007
KXBTC,5,ppc,rolling,none,2,cheap,no,0,,0.0,,0,,0.0,,0,,0.0,,0.0
KXBTC,5,ppc,rolling,none,2,middle,both,270,-4.127407407407408,-1114.4,-1.4009262354029421,99,-7.77040404040404,-769.27,-1.3419961983067423,87,5.09471264367816,443.2399999999999,1.2483844800765203,471.2799999999999
KXBTC,5,ppc,rolling,none,2,middle,yes,118,-3.488559322033898,-411.65,-0.8051250512146945,36,-9.558333333333334,-344.1,-1.621048224706132,67,4.084776119402984,273.67999999999995,0.8409150643121903,301.72
KXBTC,5,ppc,rolling,none,2,middle,no,152,-4.623355263157896,-702.7500000000001,-1.180167942533994,63,-6.74873015873016,-425.1700000000001,-0.848839953165455,20,8.478,169.56,0.842104415703007,169.56
KXBTC,5,ppc,rolling,none,5,all,both,108,-7.8818518518518506,-851.2399999999999,-1.1184197075916065,17,-17.154705882352943,-291.63,-1.6249635090178012,35,7.8588571428571425,275.06,0.97480421566372,313.28000000000003
KXBTC,5,ppc,rolling,none,5,all,yes,58,-8.09948275862069,-469.77,-0.9194855820907776,9,-6.613333333333333,-59.52,-0.5972457953691513,29,6.877241379310345,199.44,0.7649324449525846,237.66
KXBTC,5,ppc,rolling,none,5,all,no,50,-7.6294,-381.47,-0.8419197899041206,8,-29.01375,-232.11,-3.0075661011443566,6,12.603333333333332,75.61999999999999,0.7667030643460426,75.61999999999999
KXBTC,5,ppc,rolling,none,5,cheap,both,11,-1.637272727272727,-18.009999999999998,-0.15651194653615538,3,25.52,76.56,0.7864057150141442,7,2.1471428571428586,15.03000000000001,0.14516781694215988,37.35000000000001
KXBTC,5,ppc,rolling,none,5,cheap,yes,11,-1.637272727272727,-18.009999999999998,-0.15651194653615538,3,25.52,76.56,0.7864057150141442,7,2.1471428571428586,15.03000000000001,0.14516781694215988,37.35000000000001
KXBTC,5,ppc,rolling,none,5,cheap,no,0,,0.0,,0,,0.0,,0,,0.0,,0.0
KXBTC,5,ppc,rolling,none,5,middle,both,93,-8.30741935483871,-772.59,-1.1479990462381617,14,-26.29928571428572,-368.19000000000005,-2.840313972886507,27,9.31888888888889,251.61000000000004,1.1508922850826269,267.50999999999993
KXBTC,5,ppc,rolling,none,5,middle,yes,46,-9.983478260869566,-459.24000000000007,-0.9379784875041576,6,-22.680000000000003,-136.08,-5.032451289462987,22,8.382272727272728,184.41,0.913689122316802,200.31
KXBTC,5,ppc,rolling,none,5,middle,no,47,-6.667021276595746,-313.3500000000001,-0.7075652563850559,8,-29.01375,-232.11,-3.0075661011443566,5,13.439999999999998,67.19999999999999,0.7055738062129988,67.19999999999999
KXBTC,5,ppc,rolling,none,10,all,both,17,-0.1976470588235302,-3.3600000000000136,-0.011325562526646175,2,-42.385,-84.77,,3,40.73666666666667,122.21000000000001,1.401658756304293,122.21000000000001
KXBTC,5,ppc,rolling,none,10,all,yes,12,-13.76166666666667,-165.14000000000004,-0.6247232043584154,1,-21.12,-21.12,,3,40.73666666666667,122.21000000000001,1.401658756304293,122.21000000000001
KXBTC,5,ppc,rolling,none,10,all,no,5,32.355999999999995,161.77999999999997,1.7304556456535036,1,-63.65,-63.65,,0,,0.0,,0.0
KXBTC,5,ppc,rolling,none,10,cheap,both,0,,0.0,,0,,0.0,,0,,0.0,,0.0
KXBTC,5,ppc,rolling,none,10,cheap,yes,0,,0.0,,0,,0.0,,0,,0.0,,0.0
KXBTC,5,ppc,rolling,none,10,cheap,no,0,,0.0,,0,,0.0,,0,,0.0,,0.0
KXBTC,5,ppc,rolling,none,10,middle,both,17,-0.1976470588235302,-3.3600000000000136,-0.011325562526646175,2,-42.385,-84.77,,3,40.73666666666667,122.21000000000001,1.401658756304293,122.21000000000001
KXBTC,5,ppc,rolling,none,10,middle,yes,12,-13.76166666666667,-165.14000000000004,-0.6247232043584154,1,-21.12,-21.12,,3,40.73666666666667,122.21000000000001,1.401658756304293,122.21000000000001
KXBTC,5,ppc,rolling,none,10,middle,no,5,32.355999999999995,161.77999999999997,1.7304556456535036,1,-63.65,-63.65,,0,,0.0,,0.0
KXBTC,5,ppc,rolling,volview,2,all,both,254,-4.796181102362205,-1218.23,-1.3864050277007427,100,-2.231599999999999,-223.1599999999999,-0.47384477239593525,150,-0.4491999999999995,-67.37999999999992,-0.13636404709236208,120.63000000000011
KXBTC,5,ppc,rolling,volview,2,all,yes,121,-4.116115702479339,-498.05,-0.8817662252449091,49,-0.26102040816326494,-12.789999999999981,-0.04908399262704032,95,-0.44884210526315715,-42.63999999999993,-0.11254269555509595,72.48000000000005
KXBTC,5,ppc,rolling,volview,2,all,no,133,-5.414887218045113,-720.1800000000001,-1.6202948593888564,51,-4.124901960784315,-210.37000000000003,-0.7538975326623408,55,-0.44981818181818184,-24.740000000000002,-0.12355012187374688,48.15
KXBTC,5,ppc,rolling,volview,2,cheap,both,57,-0.7064912280701748,-40.26999999999997,-0.1598876482467042,22,3.3927272727272735,74.64000000000001,0.5711807844650478,37,-6.794324324324324,-251.39,-1.3941322736069974,-164.31
KXBTC,5,ppc,rolling,volview,2,cheap,yes,57,-0.7064912280701748,-40.26999999999997,-0.1598876482467042,22,3.3927272727272735,74.64000000000001,0.5711807844650478,37,-6.794324324324324,-251.39,-1.3941322736069974,-164.31
KXBTC,5,ppc,rolling,volview,2,cheap,no,0,,0.0,,0,,0.0,,0,,0.0,,0.0
KXBTC,5,ppc,rolling,volview,2,middle,both,158,-5.0397468354430375,-796.28,-1.230364635870622,63,-4.728253968253968,-297.88,-0.7379365596360935,62,3.643548387096774,225.9,0.886165457899221,253.93999999999997
KXBTC,5,ppc,rolling,volview,2,middle,yes,63,-7.385079365079365,-465.26,-0.9306953363120748,27,-3.2381481481481473,-87.42999999999998,-0.40789501568162106,58,3.599137931034483,208.75000000000003,0.816860184143927,236.79000000000002
KXBTC,5,ppc,rolling,volview,2,middle,no,95,-3.4844210526315798,-331.0200000000001,-1.0625261266937505,36,-5.845833333333333,-210.45,-0.8004217299329363,4,4.2875,17.15,0.3067973820404111,17.15
KXBTC,5,ppc,rolling,volview,5,all,both,89,-9.89123595505618,-880.3199999999999,-1.3361190882999494,15,-17.33,-259.95,-1.4906428521973136,29,2.682758620689656,77.80000000000003,0.31529905055214646,116.02
KXBTC,5,ppc,rolling,volview,5,all,yes,45,-15.002,-675.09,-1.5568103186112348,8,-6.640000000000001,-53.120000000000005,-0.5227262598839993,26,3.9434615384615395,102.53000000000003,0.41957490418264626,140.75
KXBTC,5,ppc,rolling,volview,5,all,no,44,-4.664318181818183,-205.23000000000008,-0.6053967403173701,7,-29.547142857142855,-206.82999999999998,-2.7677348409852294,3,-8.243333333333332,-24.729999999999997,-0.3014927195025229,-24.729999999999997
KXBTC,5,ppc,rolling,volview,5,cheap,both,8,-10.76375,-86.11,-3.3952464276429932,2,41.480000000000004,82.96000000000001,,6,4.628333333333335,27.77000000000001,0.2645244454960439,50.09000000000001
KXBTC,5,ppc,rolling,volview,5,cheap,yes,8,-10.76375,-86.11,-3.3952464276429932,2,41.480000000000004,82.96000000000001,,6,4.628333333333335,27.77000000000001,0.2645244454960439,50.09000000000001
KXBTC,5,ppc,rolling,volview,5,cheap,no,0,,0.0,,0,,0.0,,0,,0.0,,0.0
KXBTC,5,ppc,rolling,volview,5,middle,both,77,-9.52688311688312,-733.5700000000002,-1.2288523419522577,13,-26.37769230769231,-342.91,-2.6909653114538745,22,1.891363636363636,41.60999999999999,0.21890705837846727,57.51
KXBTC,5,ppc,rolling,volview,5,middle,yes,36,-16.568333333333335,-596.46,-1.3544346127198026,6,-22.680000000000003,-136.08,-5.032451289462987,20,3.7379999999999995,74.75999999999999,0.4054701195748417,90.66
KXBTC,5,ppc,rolling,volview,5,middle,no,41,-3.344146341463415,-137.11,-0.4246551407436689,7,-29.547142857142855,-206.82999999999998,-2.7677348409852294,2,-16.575,-33.15,,-33.15
KXBTC,5,ppc,rolling,volview,10,all,both,15,0.20599999999999927,3.089999999999989,0.010614896199882371,2,-42.385,-84.77,,3,40.73666666666667,122.21000000000001,1.401658756304293,122.21000000000001
KXBTC,5,ppc,rolling,volview,10,all,yes,10,-15.869,-158.69,-0.6139934707378113,1,-21.12,-21.12,,3,40.73666666666667,122.21000000000001,1.401658756304293,122.21000000000001
KXBTC,5,ppc,rolling,volview,10,all,no,5,32.355999999999995,161.77999999999997,1.7304556456535036,1,-63.65,-63.65,,0,,0.0,,0.0
KXBTC,5,ppc,rolling,volview,10,cheap,both,0,,0.0,,0,,0.0,,0,,0.0,,0.0
KXBTC,5,ppc,rolling,volview,10,cheap,yes,0,,0.0,,0,,0.0,,0,,0.0,,0.0
KXBTC,5,ppc,rolling,volview,10,cheap,no,0,,0.0,,0,,0.0,,0,,0.0,,0.0
KXBTC,5,ppc,rolling,volview,10,middle,both,15,0.20599999999999927,3.089999999999989,0.010614896199882371,2,-42.385,-84.77,,3,40.73666666666667,122.21000000000001,1.401658756304293,122.21000000000001
KXBTC,5,ppc,rolling,volview,10,middle,yes,10,-15.869,-158.69,-0.6139934707378113,1,-21.12,-21.12,,3,40.73666666666667,122.21000000000001,1.401658756304293,122.21000000000001
KXBTC,5,ppc,rolling,volview,10,middle,no,5,32.355999999999995,161.77999999999997,1.7304556456535036,1,-63.65,-63.65,,0,,0.0,,0.0
KXBTC,5,ppc,rolling,shrink25,2,all,both,3,8.013333333333334,24.04,0.2787961685859846,0,,0.0,,0,,0.0,,0.0
KXBTC,5,ppc,rolling,shrink25,2,all,yes,2,-10.11,-20.22,,0,,0.0,,0,,0.0,,0.0
KXBTC,5,ppc,rolling,shrink25,2,all,no,1,44.26,44.26,,0,,0.0,,0,,0.0,,0.0
KXBTC,5,ppc,rolling,shrink25,2,cheap,both,0,,0.0,,0,,0.0,,0,,0.0,,0.0
KXBTC,5,ppc,rolling,shrink25,2,cheap,yes,0,,0.0,,0,,0.0,,0,,0.0,,0.0
KXBTC,5,ppc,rolling,shrink25,2,cheap,no,0,,0.0,,0,,0.0,,0,,0.0,,0.0
KXBTC,5,ppc,rolling,shrink25,2,middle,both,3,8.013333333333334,24.04,0.2787961685859846,0,,0.0,,0,,0.0,,0.0
KXBTC,5,ppc,rolling,shrink25,2,middle,yes,2,-10.11,-20.22,,0,,0.0,,0,,0.0,,0.0
KXBTC,5,ppc,rolling,shrink25,2,middle,no,1,44.26,44.26,,0,,0.0,,0,,0.0,,0.0
KXBTC,5,ppc,rolling,shrink25,5,all,both,0,,0.0,,0,,0.0,,0,,0.0,,0.0
KXBTC,5,ppc,rolling,shrink25,5,all,yes,0,,0.0,,0,,0.0,,0,,0.0,,0.0
KXBTC,5,ppc,rolling,shrink25,5,all,no,0,,0.0,,0,,0.0,,0,,0.0,,0.0
KXBTC,5,ppc,rolling,shrink25,5,cheap,both,0,,0.0,,0,,0.0,,0,,0.0,,0.0
KXBTC,5,ppc,rolling,shrink25,5,cheap,yes,0,,0.0,,0,,0.0,,0,,0.0,,0.0
KXBTC,5,ppc,rolling,shrink25,5,cheap,no,0,,0.0,,0,,0.0,,0,,0.0,,0.0
KXBTC,5,ppc,rolling,shrink25,5,middle,both,0,,0.0,,0,,0.0,,0,,0.0,,0.0
KXBTC,5,ppc,rolling,shrink25,5,middle,yes,0,,0.0,,0,,0.0,,0,,0.0,,0.0
KXBTC,5,ppc,rolling,shrink25,5,middle,no,0,,0.0,,0,,0.0,,0,,0.0,,0.0
KXBTC,5,ppc,rolling,shrink25,10,all,both,0,,0.0,,0,,0.0,,0,,0.0,,0.0
KXBTC,5,ppc,rolling,shrink25,10,all,yes,0,,0.0,,0,,0.0,,0,,0.0,,0.0
KXBTC,5,ppc,rolling,shrink25,10,all,no,0,,0.0,,0,,0.0,,0,,0.0,,0.0
KXBTC,5,ppc,rolling,shrink25,10,cheap,both,0,,0.0,,0,,0.0,,0,,0.0,,0.0
KXBTC,5,ppc,rolling,shrink25,10,cheap,yes,0,,0.0,,0,,0.0,,0,,0.0,,0.0
KXBTC,5,ppc,rolling,shrink25,10,cheap,no,0,,0.0,,0,,0.0,,0,,0.0,,0.0
KXBTC,5,ppc,rolling,shrink25,10,middle,both,0,,0.0,,0,,0.0,,0,,0.0,,0.0
KXBTC,5,ppc,rolling,shrink25,10,middle,yes,0,,0.0,,0,,0.0,,0,,0.0,,0.0
KXBTC,5,ppc,rolling,shrink25,10,middle,no,0,,0.0,,0,,0.0,,0,,0.0,,0.0
KXBTC,5,ppc,rolling,shrink50,2,all,both,54,-13.222037037037037,-713.99,-1.4577524617842461,10,-19.314,-193.14000000000001,-1.3756999012422255,22,3.436818181818181,75.60999999999999,0.313077645094648,104.25
KXBTC,5,ppc,rolling,shrink50,2,all,yes,33,-11.665151515151514,-384.95,-1.0780504139202016,7,-4.571428571428571,-32.0,-0.32284027214152056,20,1.9329999999999992,38.65999999999998,0.1555663828505918,67.3
KXBTC,5,ppc,rolling,shrink50,2,all,no,21,-15.668571428571429,-329.04,-1.1498365001952904,3,-53.71333333333333,-161.14,-10.7381552029343,2,18.475,36.95,,36.95
KXBTC,5,ppc,rolling,shrink50,2,cheap,both,6,5.858333333333334,35.150000000000006,0.34110286690990227,2,41.480000000000004,82.96000000000001,,6,4.1016666666666675,24.610000000000007,0.24361815812009252,37.35000000000001
KXBTC,5,ppc,rolling,shrink50,2,cheap,yes,6,5.858333333333334,35.150000000000006,0.34110286690990227,2,41.480000000000004,82.96000000000001,,6,4.1016666666666675,24.610000000000007,0.24361815812009252,37.35000000000001
KXBTC,5,ppc,rolling,shrink50,2,cheap,no,0,,0.0,,0,,0.0,,0,,0.0,,0.0
KXBTC,5,ppc,rolling,shrink50,2,middle,both,48,-15.607083333333335,-749.1400000000001,-1.6331870591531974,8,-34.5125,-276.1,-3.6510794653592344,15,2.8386666666666676,42.58000000000001,0.19761335750953804,58.480000000000004
KXBTC,5,ppc,rolling,shrink50,2,middle,yes,27,-15.559259259259262,-420.1000000000001,-1.3063107597015604,5,-22.992,-114.96000000000001,-4.290271485839269,14,1.0035714285714292,14.050000000000008,0.06468806959288892,29.950000000000006
KXBTC,5,ppc,rolling,shrink50,2,middle,no,21,-15.668571428571429,-329.04,-1.1498365001952904,3,-53.71333333333333,-161.14,-10.7381552029343,1,28.53,28.53,,28.53
KXBTC,5,ppc,rolling,shrink50,5,all,both,8,-8.05,-64.4,-0.3592772187252756,2,-42.385,-84.77,,0,,0.0,,0.0
KXBTC,5,ppc,rolling,shrink50,5,all,yes,6,-26.31833333333333,-157.91,-1.0960739105395558,1,-21.12,-21.12,,0,,0.0,,0.0
KXBTC,5,ppc,rolling,shrink50,5,all,no,2,46.754999999999995,93.50999999999999,,1,-63.65,-63.65,,0,,0.0,,0.0
KXBTC,5,ppc,rolling,shrink50,5,cheap,both,0,,0.0,,0,,0.0,,0,,0.0,,0.0
KXBTC,5,ppc,rolling,shrink50,5,cheap,yes,0,,0.0,,0,,0.0,,0,,0.0,,0.0
KXBTC,5,ppc,rolling,shrink50,5,cheap,no,0,,0.0,,0,,0.0,,0,,0.0,,0.0
KXBTC,5,ppc,rolling,shrink50,5,middle,both,8,-8.05,-64.4,-0.3592772187252756,2,-42.385,-84.77,,0,,0.0,,0.0
KXBTC,5,ppc,rolling,shrink50,5,middle,yes,6,-26.31833333333333,-157.91,-1.0960739105395558,1,-21.12,-21.12,,0,,0.0,,0.0
KXBTC,5,ppc,rolling,shrink50,5,middle,no,2,46.754999999999995,93.50999999999999,,1,-63.65,-63.65,,0,,0.0,,0.0
KXBTC,5,ppc,rolling,shrink50,10,all,both,0,,0.0,,0,,0.0,,0,,0.0,,0.0
KXBTC,5,ppc,rolling,shrink50,10,all,yes,0,,0.0,,0,,0.0,,0,,0.0,,0.0
KXBTC,5,ppc,rolling,shrink50,10,all,no,0,,0.0,,0,,0.0,,0,,0.0,,0.0
KXBTC,5,ppc,rolling,shrink50,10,cheap,both,0,,0.0,,0,,0.0,,0,,0.0,,0.0
KXBTC,5,ppc,rolling,shrink50,10,cheap,yes,0,,0.0,,0,,0.0,,0,,0.0,,0.0
KXBTC,5,ppc,rolling,shrink50,10,cheap,no,0,,0.0,,0,,0.0,,0,,0.0,,0.0
KXBTC,5,ppc,rolling,shrink50,10,middle,both,0,,0.0,,0,,0.0,,0,,0.0,,0.0
KXBTC,5,ppc,rolling,shrink50,10,middle,yes,0,,0.0,,0,,0.0,,0,,0.0,,0.0
KXBTC,5,ppc,rolling,shrink50,10,middle,no,0,,0.0,,0,,0.0,,0,,0.0,,0.0
KXBTC,15,ppc,rolling,none,2,all,both,546,-1.0083333333333333,-550.55,-0.6993214132088299,187,-5.145187165775402,-962.1500000000002,-1.2038878176006553,254,1.1562598425196846,293.6899999999999,0.6458262273731931,362.0999999999999
KXBTC,15,ppc,rolling,none,2,all,yes,258,-0.7095348837209293,-183.05999999999977,-0.3690745093865705,88,-0.47000000000000014,-41.360000000000014,-0.08603794847240517,167,2.6331736526946097,439.7399999999998,1.368740806170763,522.15
KXBTC,15,ppc,rolling,none,2,all,no,288,-1.2760069444444444,-367.49,-0.706507769920489,99,-9.300909090909093,-920.7900000000002,-2.3234088005586875,87,-1.6787356321839089,-146.05000000000007,-0.47212392682334015,-160.05
KXBTC,15,ppc,rolling,none,2,cheap,both,119,0.6572268907563027,78.21000000000002,0.35469483362102733,37,7.291621621621621,269.78999999999996,1.2023676272773018,68,3.1586764705882366,214.79000000000008,0.8389007789597357,293.44000000000005
KXBTC,15,ppc,rolling,none,2,cheap,yes,119,0.6572268907563027,78.21000000000002,0.35469483362102733,37,7.291621621621621,269.78999999999996,1.2023676272773018,68,3.1586764705882366,214.79000000000008,0.8389007789597357,293.44000000000005
KXBTC,15,ppc,rolling,none,2,cheap,no,0,,0.0,,0,,0.0,,0,,0.0,,0.0
KXBTC,15,ppc,rolling,none,2,middle,both,352,-2.4188352272727274,-851.4300000000001,-1.1749266279667523,118,-9.209491525423728,-1086.7199999999998,-1.7764844936643345,123,1.3242276422764219,162.87999999999988,0.47833722673592144,166.63999999999993
KXBTC,15,ppc,rolling,none,2,middle,yes,137,-2.0990510948905112,-287.57000000000005,-0.5551257900068962,51,-6.100980392156862,-311.15,-0.87388408320607,99,2.272222222222222,224.95,0.7718984714012658,228.70999999999998
KXBTC,15,ppc,rolling,none,2,middle,no,215,-2.622604651162791,-563.8600000000001,-1.225133295435113,67,-11.575671641791043,-775.5699999999999,-2.248893308793941,24,-2.586250000000002,-62.07000000000005,-0.23714874989378631,-62.07000000000005
KXBTC,15,ppc,rolling,none,5,all,both,155,-2.51141935483871,-389.27000000000004,-0.7272103889261196,36,1.0438888888888884,37.579999999999984,0.0938007494149965,53,0.017547169811320616,0.9299999999999926,0.004967735976286499,62.51999999999995
KXBTC,15,ppc,rolling,none,5,all,yes,75,-2.214,-166.04999999999998,-0.4093234594141155,24,4.879583333333334,117.11000000000001,0.3429069726944182,47,-0.22999999999999998,-10.809999999999999,-0.06127568656617973,50.77999999999997
KXBTC,15,ppc,rolling,none,5,all,no,80,-2.7902500000000012,-223.22000000000008,-0.6107871050726073,12,-6.627499999999999,-79.52999999999999,-0.7499543962323855,6,1.9566666666666634,11.73999999999998,0.11739112791381562,11.73999999999998
KXBTC,15,ppc,rolling,none,5,cheap,both,20,5.163500000000001,103.27000000000001,0.7038872796687077,6,37.961666666666666,227.76999999999998,1.9266255557485015,20,3.9450000000000003,78.9,0.494646483784012,107.64000000000001
KXBTC,15,ppc,rolling,none,5,cheap,yes,20,5.163500000000001,103.27000000000001,0.7038872796687077,6,37.961666666666666,227.76999999999998,1.9266255557485015,20,3.9450000000000003,78.9,0.494646483784012,107.64000000000001
KXBTC,15,ppc,rolling,none,5,cheap,no,0,,0.0,,0,,0.0,,0,,0.0,,0.0
KXBTC,15,ppc,rolling,none,5,middle,both,128,-4.3825,-560.96,-1.0981823487836002,29,-6.8486206896551725,-198.61,-0.6486467640821231,32,-2.8475000000000006,-91.12000000000002,-0.5327858535719434,-58.269999999999975
KXBTC,15,ppc,rolling,none,5,middle,yes,54,-5.230925925925924,-282.4699999999999,-0.7887758569876554,18,-6.14777777777778,-110.66000000000003,-0.4806532291599331,27,-3.3225925925925925,-89.71,-0.5588920744993329,-56.85999999999997
KXBTC,15,ppc,rolling,none,5,middle,no,74,-3.7633783783783783,-278.49,-0.7596329586440217,11,-7.995454545454544,-87.94999999999999,-0.7732306459590754,5,-0.28200000000000214,-1.4100000000000108,-0.013417617813302356,-1.4100000000000108
KXBTC,15,ppc,rolling,none,10,all,both,31,7.799677419354839,241.79,1.2766873694448173,6,-8.833333333333334,-53.00000000000001,,6,4.163333333333334,24.980000000000004,0.20685999506418354,41.93000000000001
KXBTC,15,ppc,rolling,none,10,all,yes,23,2.7926086956521745,64.23000000000002,0.3760360648256857,6,-8.833333333333334,-53.00000000000001,,6,4.163333333333334,24.980000000000004,0.20685999506418354,41.93000000000001
KXBTC,15,ppc,rolling,none,10,all,no,8,22.194999999999997,177.55999999999997,1.7242306450744003,0,,0.0,,0,,0.0,,0.0
KXBTC,15,ppc,rolling,none,10,cheap,both,1,-8.52,-8.52,,1,-14.850000000000001,-14.850000000000001,,2,37.785000000000004,75.57000000000001,,75.57000000000001
KXBTC,15,ppc,rolling,none,10,cheap,yes,1,-8.52,-8.52,,1,-14.850000000000001,-14.850000000000001,,2,37.785000000000004,75.57000000000001,,75.57000000000001
KXBTC,15,ppc,rolling,none,10,cheap,no,0,,0.0,,0,,0.0,,0,,0.0,,0.0
KXBTC,15,ppc,rolling,none,10,middle,both,30,8.343666666666667,250.31000000000003,1.3385756901175314,5,-7.630000000000001,-38.150000000000006,,4,-12.6475,-50.59,-0.6900500484804273,-33.64
KXBTC,15,ppc,rolling,none,10,middle,yes,22,3.306818181818183,72.75000000000003,0.430480250414866,5,-7.630000000000001,-38.150000000000006,,4,-12.6475,-50.59,-0.6900500484804273,-33.64
KXBTC,15,ppc,rolling,none,10,middle,no,8,22.194999999999997,177.55999999999997,1.7242306450744003,0,,0.0,,0,,0.0,,0.0
KXBTC,15,ppc,rolling,volview,2,all,both,381,-1.5960892388451446,-608.1100000000001,-0.814329342083716,135,-9.103037037037035,-1228.9099999999999,-2.022579257608034,212,-0.411556603773586,-87.25000000000023,-0.27397808528966355,-34.740000000000094
KXBTC,15,ppc,rolling,volview,2,all,yes,171,-0.7458479532163734,-127.53999999999986,-0.2343736810918984,63,-6.623492063492064,-417.28000000000003,-1.2852467582388987,139,-0.43215827338129514,-60.07000000000002,-0.19811308922868906,6.43999999999998
KXBTC,15,ppc,rolling,volview,2,all,no,210,-2.288428571428572,-480.57000000000016,-0.9902524881383642,72,-11.272638888888888,-811.63,-2.439757933409669,73,-0.3723287671232884,-27.180000000000053,-0.10268221972248669,-41.18000000000008
KXBTC,15,ppc,rolling,volview,2,cheap,both,93,-0.7389247311827952,-68.71999999999996,-0.32343280747541087,26,0.1384615384615396,3.60000000000003,0.02261470167130013,54,-0.3805555555555558,-20.550000000000015,-0.07696149910815661,58.10000000000002
KXBTC,15,ppc,rolling,volview,2,cheap,yes,93,-0.7389247311827952,-68.71999999999996,-0.32343280747541087,26,0.1384615384615396,3.60000000000003,0.02261470167130013,54,-0.3805555555555558,-20.550000000000015,-0.07696149910815661,58.10000000000002
KXBTC,15,ppc,rolling,volview,2,cheap,no,0,,0.0,,0,,0.0,,0,,0.0,,0.0
KXBTC,15,ppc,rolling,volview,2,middle,both,234,-2.4317948717948727,-569.0400000000002,-0.9376555959805633,84,-12.196666666666664,-1024.5199999999998,-2.4282508771803872,101,-1.2990099009901006,-131.20000000000016,-0.4706459152311828,-143.34000000000026
KXBTC,15,ppc,rolling,volview,2,middle,yes,78,-0.754102564102564,-58.81999999999999,-0.12199799306212554,37,-11.375135135135134,-420.87999999999994,-1.8229572999873846,85,-0.4649411764705895,-39.52000000000011,-0.13735136727793362,-51.660000000000124
KXBTC,15,ppc,rolling,volview,2,middle,no,156,-3.2706410256410265,-510.22000000000014,-1.2463438554688047,47,-12.843404255319147,-603.6399999999999,-2.6907288994825325,16,-5.730000000000001,-91.68000000000002,-0.45094295865934597,-91.68000000000002
KXBTC,15,ppc,rolling,volview,5,all,both,129,-1.6584496124031007,-213.94,-0.3943623158964157,33,-0.8933333333333334,-29.480000000000004,-0.07272274533557867,49,-0.7314285714285711,-35.83999999999998,-0.2008687358655358,25.750000000000014
KXBTC,15,ppc,rolling,volview,5,all,yes,56,-3.2337499999999997,-181.08999999999997,-0.42415776984944553,21,2.3833333333333333,50.05,0.14383112625971828,44,-0.7824999999999992,-34.429999999999964,-0.2132235390483534,27.16000000000005
KXBTC,15,ppc,rolling,volview,5,all,no,73,-0.4500000000000005,-32.85000000000004,-0.09818993642305289,12,-6.627499999999999,-79.52999999999999,-0.7499543962323855,5,-0.28200000000000214,-1.4100000000000108,-0.013417617813302356,-1.4100000000000108
KXBTC,15,ppc,rolling,volview,5,cheap,both,18,6.977222222222224,125.59000000000003,0.8342174935769551,4,36.2025,144.81,1.2409312247228326,19,4.823157894736843,91.64000000000001,0.5849292780516984,120.38000000000002
KXBTC,15,ppc,rolling,volview,5,cheap,yes,18,6.977222222222224,125.59000000000003,0.8342174935769551,4,36.2025,144.81,1.2409312247228326,19,4.823157894736843,91.64000000000001,0.5849292780516984,120.38000000000002
KXBTC,15,ppc,rolling,volview,5,cheap,no,0,,0.0,,0,,0.0,,0,,0.0,,0.0
KXBTC,15,ppc,rolling,volview,5,middle,both,105,-3.7600000000000002,-394.8,-0.7324576773201247,28,-6.525357142857144,-182.71000000000004,-0.5781082620539361,30,-4.249333333333334,-127.48000000000002,-0.8051414074544941,-94.63000000000005
KXBTC,15,ppc,rolling,volview,5,middle,yes,38,-8.070526315789477,-306.6800000000001,-0.7784828595249604,17,-5.5741176470588245,-94.76000000000002,-0.3912089444091796,25,-5.042799999999999,-126.06999999999998,-0.911375570121907,-93.21999999999998
KXBTC,15,ppc,rolling,volview,5,middle,no,67,-1.3152238805970156,-88.12000000000005,-0.26135236583231064,11,-7.995454545454544,-87.94999999999999,-0.7732306459590754,5,-0.28200000000000214,-1.4100000000000108,-0.013417617813302356,-1.4100000000000108
KXBTC,15,ppc,rolling,volview,10,all,both,25,9.0852,227.13,1.0063032868668866,6,-8.833333333333334,-53.00000000000001,,6,4.163333333333334,24.980000000000004,0.20685999506418354,41.93000000000001
KXBTC,15,ppc,rolling,volview,10,all,yes,17,2.9158823529411775,49.570000000000014,0.23782404313048483,6,-8.833333333333334,-53.00000000000001,,6,4.163333333333334,24.980000000000004,0.20685999506418354,41.93000000000001
KXBTC,15,ppc,rolling,volview,10,all,no,8,22.194999999999997,177.55999999999997,1.7242306450744003,0,,0.0,,0,,0.0,,0.0
KXBTC,15,ppc,rolling,volview,10,cheap,both,1,-8.52,-8.52,,1,-14.850000000000001,-14.850000000000001,,2,37.785000000000004,75.57000000000001,,75.57000000000001
KXBTC,15,ppc,rolling,volview,10,cheap,yes,1,-8.52,-8.52,,1,-14.850000000000001,-14.850000000000001,,2,37.785000000000004,75.57000000000001,,75.57000000000001
KXBTC,15,ppc,rolling,volview,10,cheap,no,0,,0.0,,0,,0.0,,0,,0.0,,0.0
KXBTC,15,ppc,rolling,volview,10,middle,both,24,9.818750000000001,235.65000000000003,1.0536476254454092,5,-7.630000000000001,-38.150000000000006,,4,-12.6475,-50.59,-0.6900500484804273,-33.64
KXBTC,15,ppc,rolling,volview,10,middle,yes,16,3.6306249999999998,58.089999999999996,0.2806663953755426,5,-7.630000000000001,-38.150000000000006,,4,-12.6475,-50.59,-0.6900500484804273,-33.64
KXBTC,15,ppc,rolling,volview,10,middle,no,8,22.194999999999997,177.55999999999997,1.7242306450744003,0,,0.0,,0,,0.0,,0.0
KXBTC,15,ppc,rolling,shrink25,2,all,both,6,4.771666666666666,28.629999999999995,0.2640719017998296,2,-15.375,-30.75,,2,-18.505000000000003,-37.010000000000005,,-37.010000000000005
KXBTC,15,ppc,rolling,shrink25,2,all,yes,4,-19.2275,-76.91,-0.9780188274132965,2,-15.375,-30.75,,2,-18.505000000000003,-37.010000000000005,,-37.010000000000005
KXBTC,15,ppc,rolling,shrink25,2,all,no,2,52.769999999999996,105.53999999999999,,0,,0.0,,0,,0.0,,0.0
KXBTC,15,ppc,rolling,shrink25,2,cheap,both,0,,0.0,,1,-14.850000000000001,-14.850000000000001,,1,-13.8,-13.8,,-13.8
KXBTC,15,ppc,rolling,shrink25,2,cheap,yes,0,,0.0,,1,-14.850000000000001,-14.850000000000001,,1,-13.8,-13.8,,-13.8
KXBTC,15,ppc,rolling,shrink25,2,cheap,no,0,,0.0,,0,,0.0,,0,,0.0,,0.0
KXBTC,15,ppc,rolling,shrink25,2,middle,both,6,4.771666666666666,28.629999999999995,0.2640719017998296,1,-15.9,-15.9,,1,-23.21,-23.21,,-23.21
KXBTC,15,ppc,rolling,shrink25,2,middle,yes,4,-19.2275,-76.91,-0.9780188274132965,1,-15.9,-15.9,,1,-23.21,-23.21,,-23.21
KXBTC,15,ppc,rolling,shrink25,2,middle,no,2,52.769999999999996,105.53999999999999,,0,,0.0,,0,,0.0,,0.0
KXBTC,15,ppc,rolling,shrink25,5,all,both,0,,0.0,,0,,0.0,,0,,0.0,,0.0
KXBTC,15,ppc,rolling,shrink25,5,all,yes,0,,0.0,,0,,0.0,,0,,0.0,,0.0
KXBTC,15,ppc,rolling,shrink25,5,all,no,0,,0.0,,0,,0.0,,0,,0.0,,0.0
KXBTC,15,ppc,rolling,shrink25,5,cheap,both,0,,0.0,,0,,0.0,,0,,0.0,,0.0
KXBTC,15,ppc,rolling,shrink25,5,cheap,yes,0,,0.0,,0,,0.0,,0,,0.0,,0.0
KXBTC,15,ppc,rolling,shrink25,5,cheap,no,0,,0.0,,0,,0.0,,0,,0.0,,0.0
KXBTC,15,ppc,rolling,shrink25,5,middle,both,0,,0.0,,0,,0.0,,0,,0.0,,0.0
KXBTC,15,ppc,rolling,shrink25,5,middle,yes,0,,0.0,,0,,0.0,,0,,0.0,,0.0
KXBTC,15,ppc,rolling,shrink25,5,middle,no,0,,0.0,,0,,0.0,,0,,0.0,,0.0
KXBTC,15,ppc,rolling,shrink25,10,all,both,0,,0.0,,0,,0.0,,0,,0.0,,0.0
KXBTC,15,ppc,rolling,shrink25,10,all,yes,0,,0.0,,0,,0.0,,0,,0.0,,0.0
KXBTC,15,ppc,rolling,shrink25,10,all,no,0,,0.0,,0,,0.0,,0,,0.0,,0.0
KXBTC,15,ppc,rolling,shrink25,10,cheap,both,0,,0.0,,0,,0.0,,0,,0.0,,0.0
KXBTC,15,ppc,rolling,shrink25,10,cheap,yes,0,,0.0,,0,,0.0,,0,,0.0,,0.0
KXBTC,15,ppc,rolling,shrink25,10,cheap,no,0,,0.0,,0,,0.0,,0,,0.0,,0.0
KXBTC,15,ppc,rolling,shrink25,10,middle,both,0,,0.0,,0,,0.0,,0,,0.0,,0.0
KXBTC,15,ppc,rolling,shrink25,10,middle,yes,0,,0.0,,0,,0.0,,0,,0.0,,0.0
KXBTC,15,ppc,rolling,shrink25,10,middle,no,0,,0.0,,0,,0.0,,0,,0.0,,0.0
KXBTC,15,ppc,rolling,shrink50,2,all,both,100,0.6476999999999985,64.76999999999985,0.1441573135878939,26,6.663846153846156,173.26000000000005,0.506331389383811,34,-6.170294117647058,-209.78999999999996,-1.433660378175671,-173.68
KXBTC,15,ppc,rolling,shrink50,2,all,yes,58,-0.3015517241379315,-17.490000000000027,-0.05539248962633166,18,15.894444444444446,286.1,0.9440342555068254,31,-3.0864516129032262,-95.68,-0.7784972387582562,-59.56999999999999
KXBTC,15,ppc,rolling,shrink50,2,all,no,42,1.9585714285714277,82.25999999999996,0.25352590251416446,8,-14.104999999999997,-112.83999999999997,-2.822545767077114,3,-38.03666666666667,-114.11000000000001,-1.4732030694735205,-114.11000000000001
KXBTC,15,ppc,rolling,shrink50,2,cheap,both,15,9.722000000000001,145.83,1.0136585226014683,5,48.314,241.57,1.9522214288602893,15,1.8566666666666682,27.850000000000023,0.18871775239440125,47.01000000000002
KXBTC,15,ppc,rolling,shrink50,2,cheap,yes,15,9.722000000000001,145.83,1.0136585226014683,5,48.314,241.57,1.9522214288602893,15,1.8566666666666682,27.850000000000023,0.18871775239440125,47.01000000000002
KXBTC,15,ppc,rolling,shrink50,2,cheap,no,0,,0.0,,0,,0.0,,0,,0.0,,0.0
KXBTC,15,ppc,rolling,shrink50,2,middle,both,82,-1.331341463414635,-109.17000000000007,-0.2520258455606101,21,-3.252857142857143,-68.31,-0.29475310141875166,18,-13.93277777777778,-250.79000000000002,-1.6315581859621788,-233.84000000000003
KXBTC,15,ppc,rolling,shrink50,2,middle,yes,42,-4.201666666666665,-176.46999999999994,-0.6252587435557765,13,3.4253846153846155,44.53,0.2273289500162159,16,-7.720625000000001,-123.53000000000002,-0.8845865411481905,-106.58
KXBTC,15,ppc,rolling,shrink50,2,middle,no,40,1.6824999999999992,67.29999999999997,0.2102166153430469,8,-14.104999999999997,-112.83999999999997,-2.822545767077114,2,-63.63,-127.26,,-127.26
KXBTC,15,ppc,rolling,shrink50,5,all,both,16,7.18375,114.94,0.7856250931701304,4,3.4249999999999985,13.699999999999994,,2,-18.505000000000003,-37.010000000000005,,-37.010000000000005
KXBTC,15,ppc,rolling,shrink50,5,all,yes,11,-1.0754545454545428,-11.82999999999997,-0.09716616591208017,4,3.4249999999999985,13.699999999999994,,2,-18.505000000000003,-37.010000000000005,,-37.010000000000005
KXBTC,15,ppc,rolling,shrink50,5,all,no,5,25.354,126.77,2.4387273274484498,0,,0.0,,0,,0.0,,0.0
KXBTC,15,ppc,rolling,shrink50,5,cheap,both,0,,0.0,,1,-14.850000000000001,-14.850000000000001,,1,-13.8,-13.8,,-13.8
KXBTC,15,ppc,rolling,shrink50,5,cheap,yes,0,,0.0,,1,-14.850000000000001,-14.850000000000001,,1,-13.8,-13.8,,-13.8
KXBTC,15,ppc,rolling,shrink50,5,cheap,no,0,,0.0,,0,,0.0,,0,,0.0,,0.0
KXBTC,15,ppc,rolling,shrink50,5,middle,both,16,7.18375,114.94,0.7856250931701304,3,9.516666666666666,28.549999999999997,,1,-23.21,-23.21,,-23.21
KXBTC,15,ppc,rolling,shrink50,5,middle,yes,11,-1.0754545454545428,-11.82999999999997,-0.09716616591208017,3,9.516666666666666,28.549999999999997,,1,-23.21,-23.21,,-23.21
KXBTC,15,ppc,rolling,shrink50,5,middle,no,5,25.354,126.77,2.4387273274484498,0,,0.0,,0,,0.0,,0.0
KXBTC,15,ppc,rolling,shrink50,10,all,both,1,-33.53,-33.53,,0,,0.0,,0,,0.0,,0.0
KXBTC,15,ppc,rolling,shrink50,10,all,yes,1,-33.53,-33.53,,0,,0.0,,0,,0.0,,0.0
KXBTC,15,ppc,rolling,shrink50,10,all,no,0,,0.0,,0,,0.0,,0,,0.0,,0.0
KXBTC,15,ppc,rolling,shrink50,10,cheap,both,0,,0.0,,0,,0.0,,0,,0.0,,0.0
KXBTC,15,ppc,rolling,shrink50,10,cheap,yes,0,,0.0,,0,,0.0,,0,,0.0,,0.0
KXBTC,15,ppc,rolling,shrink50,10,cheap,no,0,,0.0,,0,,0.0,,0,,0.0,,0.0
KXBTC,15,ppc,rolling,shrink50,10,middle,both,1,-33.53,-33.53,,0,,0.0,,0,,0.0,,0.0
KXBTC,15,ppc,rolling,shrink50,10,middle,yes,1,-33.53,-33.53,,0,,0.0,,0,,0.0,,0.0
KXBTC,15,ppc,rolling,shrink50,10,middle,no,0,,0.0,,0,,0.0,,0,,0.0,,0.0
KXBTC,1,last,fixed,none,2,all,both,299,-3.011839464882942,-900.5399999999997,-1.9554760194171599,132,-5.8477272727272736,-771.9000000000001,-2.351615107191217,241,12.804232365145227,3085.8199999999997,0.9519696646228692,-120.13999999999984
KXBTC,1,last,fixed,none,2,all,yes,114,-5.422719298245614,-618.1899999999999,-1.4911201383637647,72,-9.481527777777778,-682.6700000000001,-2.855121039723799,52,-5.388269230769229,-280.1899999999999,-1.0423097873976304,-225.01
KXBTC,1,last,fixed,none,2,all,no,185,-1.5262162162162156,-282.3499999999999,-0.6934821523904566,60,-1.4871666666666676,-89.23000000000006,-0.2560066760301086,189,17.80957671957672,3366.01,1.0288936632832033,104.87000000000013
KXBTC,1,last,fixed,none,2,cheap,both,18,-4.601111111111111,-82.82,-0.819811378197677,17,-11.248235294117647,-191.22,-4.291889042383264,16,-11.0875,-177.4,-3.4281701860005804,-154.01999999999998
KXBTC,1,last,fixed,none,2,cheap,yes,18,-4.601111111111111,-82.82,-0.819811378197677,17,-11.248235294117647,-191.22,-4.291889042383264,16,-11.0875,-177.4,-3.4281701860005804,-154.01999999999998
KXBTC,1,last,fixed,none,2,cheap,no,0,,0.0,,0,,0.0,,0,,0.0,,0.0
KXBTC,1,last,fixed,none,2,middle,both,225,-2.797333333333334,-629.4000000000001,-1.2955176882951078,89,-7.788426966292135,-693.17,-2.057561381385058,152,22.269144736842108,3384.9100000000003,1.006030611108212,32.46000000000002
KXBTC,1,last,fixed,none,2,middle,yes,95,-5.7838947368421065,-549.4700000000001,-1.3565298276624858,55,-8.935454545454546,-491.45,-1.9575347147310098,36,-2.855277777777778,-102.79,-0.4077038843126344,-70.99
KXBTC,1,last,fixed,none,2,middle,no,130,-0.6148461538461539,-79.93,-0.24934425311293693,34,-5.932941176470589,-201.72000000000003,-0.5869859179137111,116,30.066379310344825,3487.7,1.0309648207837936,103.45000000000006
KXBTC,1,last,fixed,none,5,all,both,96,-0.05177083333333243,-4.969999999999914,-0.01489443088592916,22,-16.490909090909092,-362.8,-1.1170843147173053,102,32.639901960784314,3329.27,0.9857779205038859,-39.08000000000002
KXBTC,1,last,fixed,none,5,all,yes,50,-7.2475999999999985,-362.37999999999994,-1.2251250976754262,16,-10.430625,-166.89,-0.9378922429880111,12,-7.260833333333334,-87.13000000000001,-0.6034342676621982,-71.23
KXBTC,1,last,fixed,none,5,all,no,46,7.769782608695651,357.40999999999997,2.189715415111247,6,-32.65166666666667,-195.91000000000003,-1.0430272972390426,90,37.959999999999994,3416.3999999999996,1.0109623325995285,32.15
KXBTC,1,last,fixed,none,5,cheap,both,2,-6.38,-12.76,,3,-14.15,-42.45,-40.4285714285714,3,-13.796666666666667,-41.39,-13.098101265822775,-41.39
KXBTC,1,last,fixed,none,5,cheap,yes,2,-6.38,-12.76,,3,-14.15,-42.45,-40.4285714285714,3,-13.796666666666667,-41.39,-13.098101265822775,-41.39
KXBTC,1,last,fixed,none,5,cheap,no,0,,0.0,,0,,0.0,,0,,0.0,,0.0
KXBTC,1,last,fixed,none,5,middle,both,86,-0.9459302325581375,-81.34999999999982,-0.2272126536959999,18,-18.265,-328.77,-1.0018194516202463,93,35.78118279569892,3327.6499999999996,0.984850507650976,-40.7
KXBTC,1,last,fixed,none,5,middle,yes,47,-7.7387234042553175,-363.7199999999999,-1.2178876202845121,13,-9.572307692307692,-124.44000000000001,-0.7025585142816528,9,-5.082222222222223,-45.74,-0.32101513309305924,-29.840000000000003
KXBTC,1,last,fixed,none,5,middle,no,39,7.2402564102564115,282.37000000000006,1.622166948034947,5,-40.866,-204.33,-1.0953976752808527,84,40.15940476190476,3373.39,0.995516224931833,-10.859999999999996
KXBTC,1,last,fixed,none,10,all,both,22,6.321363636363637,139.07000000000002,1.322729261195776,6,-16.44,-98.64,-1.3107054966852072,78,42.60961538461539,3323.55,,-60.7
KXBTC,1,last,fixed,none,10,all,yes,15,6.356666666666669,95.35000000000004,0.5832458659891413,5,-9.378,-46.89,-0.5134388504338038,1,-60.7,-60.7,,-60.7
KXBTC,1,last,fixed,none,10,all,no,7,6.2457142857142856,43.72,0.32890904208152394,1,-51.75,-51.75,,77,43.951298701298704,3384.25,,0.0
KXBTC,1,last,fixed,none,10,cheap,both,1,-11.69,-11.69,,0,,0.0,,0,,0.0,,0.0
KXBTC,1,last,fixed,none,10,cheap,yes,1,-11.69,-11.69,,0,,0.0,,0,,0.0,,0.0
KXBTC,1,last,fixed,none,10,cheap,no,0,,0.0,,0,,0.0,,0,,0.0,,0.0
KXBTC,1,last,fixed,none,10,middle,both,20,6.833000000000003,136.66000000000005,1.3161948689046394,6,-16.44,-98.64,-1.3107054966852072,78,42.60961538461539,3323.55,,-60.7
KXBTC,1,last,fixed,none,10,middle,yes,13,7.149230769230771,92.94000000000003,0.5791583493168946,5,-9.378,-46.89,-0.5134388504338038,1,-60.7,-60.7,,-60.7
KXBTC,1,last,fixed,none,10,middle,no,7,6.2457142857142856,43.72,0.32890904208152394,1,-51.75,-51.75,,77,43.951298701298704,3384.25,,0.0
KXBTC,1,last,fixed,volview,2,all,both,171,-0.5059649122807016,-86.51999999999998,-0.1578117929678617,92,-6.665326086956522,-613.21,-2.662402172097392,193,17.28243523316062,3335.5099999999998,1.0072215033030891,43.00000000000004
KXBTC,1,last,fixed,volview,2,all,yes,80,-4.310499999999999,-344.8399999999999,-0.8863804047033009,61,-9.565573770491802,-583.5,-2.639051868234496,45,-4.133555555555556,-186.01,-0.6730430288223909,-144.63
KXBTC,1,last,fixed,volview,2,all,no,91,2.838681318681318,258.31999999999994,0.6130385608498702,31,-0.958387096774194,-29.710000000000015,-0.15195884047658462,148,23.794054054054055,3521.52,1.058705987909567,187.63
KXBTC,1,last,fixed,volview,2,cheap,both,12,-3.1749999999999994,-38.099999999999994,-0.3887555784236952,14,-11.909285714285716,-166.73000000000002,-4.103951869866631,11,-11.973636363636365,-131.71,-3.1418448224716577,-122.13
KXBTC,1,last,fixed,volview,2,cheap,yes,12,-3.1749999999999994,-38.099999999999994,-0.3887555784236952,14,-11.909285714285716,-166.73000000000002,-4.103951869866631,11,-11.973636363636365,-131.71,-3.1418448224716577,-122.13
KXBTC,1,last,fixed,volview,2,cheap,no,0,,0.0,,0,,0.0,,0,,0.0,,0.0
KXBTC,1,last,fixed,volview,2,middle,both,124,-0.42685483870967794,-52.930000000000064,-0.09973717569297336,55,-9.445818181818183,-519.5200000000001,-2.5838384912217056,127,27.232440944881894,3458.5200000000004,1.029830769737837,106.07000000000008
KXBTC,1,last,fixed,volview,2,middle,yes,68,-4.510882352941176,-306.74,-0.8795320490813369,47,-8.867446808510637,-416.77,-1.8613014952115985,34,-1.5970588235294116,-54.3,-0.2107930291223808,-22.5
KXBTC,1,last,fixed,volview,2,middle,no,56,4.5323214285714295,253.81000000000006,0.6463672936346707,8,-12.843750000000002,-102.75000000000001,-0.5832911936993861,93,37.77225806451614,3512.8200000000006,1.0453307223689887,128.57000000000005
KXBTC,1,last,fixed,volview,5,all,both,64,0.8623437500000009,55.190000000000055,0.1773654884916106,18,-18.909444444444446,-340.37,-1.4918416250768942,100,33.2429,3324.29,0.984228088366035,-44.06
KXBTC,1,last,fixed,volview,5,all,yes,35,-7.130000000000002,-249.55000000000007,-0.8750481046132441,14,-12.899285714285716,-180.59000000000003,-1.2123717462026258,11,-6.570909090909092,-72.28000000000002,-0.5189974838310157,-56.38000000000001
KXBTC,1,last,fixed,volview,5,all,no,29,10.508275862068967,304.74,1.7411331487029944,4,-39.94500000000001,-159.78000000000003,,89,38.16370786516854,3396.57,1.0039476565000156,12.320000000000004
KXBTC,1,last,fixed,volview,5,cheap,both,1,-11.69,-11.69,,3,-14.15,-42.45,-40.4285714285714,2,-13.27,-26.54,,-26.54
KXBTC,1,last,fixed,volview,5,cheap,yes,1,-11.69,-11.69,,3,-14.15,-42.45,-40.4285714285714,2,-13.27,-26.54,,-26.54
KXBTC,1,last,fixed,volview,5,cheap,no,0,,0.0,,0,,0.0,,0,,0.0,,0.0
KXBTC,1,last,fixed,volview,5,middle,both,56,-0.14571428571428516,-8.159999999999968,-0.026084188249896334,14,-21.881428571428575,-306.34000000000003,-1.337462328128589,92,35.954565217391306,3307.82,0.9777566870368185,-60.53
KXBTC,1,last,fixed,volview,5,middle,yes,34,-6.995882352941177,-237.86,-0.8364791351677837,11,-12.558181818181817,-138.14,-0.934791961683271,9,-5.082222222222223,-45.74,-0.32101513309305924,-29.840000000000003
KXBTC,1,last,fixed,volview,5,middle,no,22,10.440909090909093,229.70000000000005,1.2596957701366422,3,-56.06666666666667,-168.20000000000002,,83,40.40433734939759,3353.5600000000004,0.987482684756466,-30.689999999999994
KXBTC,1,last,fixed,volview,10,all,both,16,2.9400000000000013,47.04000000000002,0.40527740608398205,6,-16.44,-98.64,-1.3107054966852072,78,42.60961538461539,3323.55,,-60.7
KXBTC,1,last,fixed,volview,10,all,yes,12,0.6291666666666677,7.550000000000011,0.052264874225880865,5,-9.378,-46.89,-0.5134388504338038,1,-60.7,-60.7,,-60.7
KXBTC,1,last,fixed,volview,10,all,no,4,9.872500000000002,39.49000000000001,0.38328675843335397,1,-51.75,-51.75,,77,43.951298701298704,3384.25,,0.0
KXBTC,1,last,fixed,volview,10,cheap,both,1,-11.69,-11.69,,0,,0.0,,0,,0.0,,0.0
KXBTC,1,last,fixed,volview,10,cheap,yes,1,-11.69,-11.69,,0,,0.0,,0,,0.0,,0.0
KXBTC,1,last,fixed,volview,10,cheap,no,0,,0.0,,0,,0.0,,0,,0.0,,0.0
KXBTC,1,last,fixed,volview,10,middle,both,15,3.9153333333333347,58.73000000000002,0.5091699316219059,6,-16.44,-98.64,-1.3107054966852072,78,42.60961538461539,3323.55,,-60.7
KXBTC,1,last,fixed,volview,10,middle,yes,11,1.74909090909091,19.24000000000001,0.13277782492437848,5,-9.378,-46.89,-0.5134388504338038,1,-60.7,-60.7,,-60.7
KXBTC,1,last,fixed,volview,10,middle,no,4,9.872500000000002,39.49000000000001,0.38328675843335397,1,-51.75,-51.75,,77,43.951298701298704,3384.25,,0.0
KXBTC,1,last,fixed,shrink25,2,all,both,3,20.670000000000005,62.01000000000001,1.261835081073661,0,,0.0,,77,43.951298701298704,3384.25,,0.0
KXBTC,1,last,fixed,shrink25,2,all,yes,3,20.670000000000005,62.01000000000001,1.261835081073661,0,,0.0,,0,,0.0,,0.0
KXBTC,1,last,fixed,shrink25,2,all,no,0,,0.0,,0,,0.0,,77,43.951298701298704,3384.25,,0.0
KXBTC,1,last,fixed,shrink25,2,cheap,both,1,-11.69,-11.69,,0,,0.0,,0,,0.0,,0.0
KXBTC,1,last,fixed,shrink25,2,cheap,yes,1,-11.69,-11.69,,0,,0.0,,0,,0.0,,0.0
KXBTC,1,last,fixed,shrink25,2,cheap,no,0,,0.0,,0,,0.0,,0,,0.0,,0.0
KXBTC,1,last,fixed,shrink25,2,middle,both,2,36.85000000000001,73.70000000000002,,0,,0.0,,77,43.951298701298704,3384.25,,0.0
KXBTC,1,last,fixed,shrink25,2,middle,yes,2,36.85000000000001,73.70000000000002,,0,,0.0,,0,,0.0,,0.0
KXBTC,1,last,fixed,shrink25,2,middle,no,0,,0.0,,0,,0.0,,77,43.951298701298704,3384.25,,0.0
KXBTC,1,last,fixed,shrink25,5,all,both,0,,0.0,,0,,0.0,,77,43.951298701298704,3384.25,,0.0
KXBTC,1,last,fixed,shrink25,5,all,yes,0,,0.0,,0,,0.0,,0,,0.0,,0.0
KXBTC,1,last,fixed,shrink25,5,all,no,0,,0.0,,0,,0.0,,77,43.951298701298704,3384.25,,0.0
KXBTC,1,last,fixed,shrink25,5,cheap,both,0,,0.0,,0,,0.0,,0,,0.0,,0.0
KXBTC,1,last,fixed,shrink25,5,cheap,yes,0,,0.0,,0,,0.0,,0,,0.0,,0.0
KXBTC,1,last,fixed,shrink25,5,cheap,no,0,,0.0,,0,,0.0,,0,,0.0,,0.0
KXBTC,1,last,fixed,shrink25,5,middle,both,0,,0.0,,0,,0.0,,77,43.951298701298704,3384.25,,0.0
KXBTC,1,last,fixed,shrink25,5,middle,yes,0,,0.0,,0,,0.0,,0,,0.0,,0.0
KXBTC,1,last,fixed,shrink25,5,middle,no,0,,0.0,,0,,0.0,,77,43.951298701298704,3384.25,,0.0
KXBTC,1,last,fixed,shrink25,10,all,both,0,,0.0,,0,,0.0,,0,,0.0,,0.0
KXBTC,1,last,fixed,shrink25,10,all,yes,0,,0.0,,0,,0.0,,0,,0.0,,0.0
KXBTC,1,last,fixed,shrink25,10,all,no,0,,0.0,,0,,0.0,,0,,0.0,,0.0
KXBTC,1,last,fixed,shrink25,10,cheap,both,0,,0.0,,0,,0.0,,0,,0.0,,0.0
KXBTC,1,last,fixed,shrink25,10,cheap,yes,0,,0.0,,0,,0.0,,0,,0.0,,0.0
KXBTC,1,last,fixed,shrink25,10,cheap,no,0,,0.0,,0,,0.0,,0,,0.0,,0.0
KXBTC,1,last,fixed,shrink25,10,middle,both,0,,0.0,,0,,0.0,,0,,0.0,,0.0
KXBTC,1,last,fixed,shrink25,10,middle,yes,0,,0.0,,0,,0.0,,0,,0.0,,0.0
KXBTC,1,last,fixed,shrink25,10,middle,no,0,,0.0,,0,,0.0,,0,,0.0,,0.0
KXBTC,1,last,fixed,shrink50,2,all,both,43,4.265813953488373,183.43000000000004,0.8372505296415417,14,-18.48071428571429,-258.73,-1.8304217776637441,90,38.501777777777775,3465.16,1.0317253039708172,96.81000000000002
KXBTC,1,last,fixed,shrink50,2,all,yes,27,-1.949999999999999,-52.64999999999998,-0.24626078641915813,10,-18.616000000000003,-186.16000000000003,-2.113968160025618,7,-0.0571428571428577,-0.4000000000000039,-0.0030869472428010926,15.499999999999996
KXBTC,1,last,fixed,shrink50,2,all,no,16,14.755000000000003,236.08000000000004,2.0858813681000514,4,-18.142500000000002,-72.57000000000001,-0.872150636885243,83,41.753734939759035,3465.56,1.030193313713033,81.31000000000002
KXBTC,1,last,fixed,shrink50,2,cheap,both,2,-6.38,-12.76,,1,-13.8,-13.8,,0,,0.0,,0.0
KXBTC,1,last,fixed,shrink50,2,cheap,yes,2,-6.38,-12.76,,1,-13.8,-13.8,,0,,0.0,,0.0
KXBTC,1,last,fixed,shrink50,2,cheap,no,0,,0.0,,0,,0.0,,0,,0.0,,0.0
KXBTC,1,last,fixed,shrink50,2,middle,both,38,4.248947368421054,161.46000000000004,0.72161583738492,12,-21.1125,-253.35000000000002,-1.7459465332138746,86,39.97744186046511,3438.06,1.0229647918092086,69.71
KXBTC,1,last,fixed,shrink50,2,middle,yes,24,-2.249583333333332,-53.98999999999997,-0.2581498083439579,9,-19.151111111111113,-172.36,-1.9367450842337777,7,-0.0571428571428577,-0.4000000000000039,-0.0030869472428010926,15.499999999999996
KXBTC,1,last,fixed,shrink50,2,middle,no,14,15.389285714285718,215.45000000000005,1.8926271719100014,3,-26.99666666666667,-80.99000000000001,-0.9365690355870706,79,43.52481012658228,3438.46,1.0242142593994257,54.21
KXBTC,1,last,fixed,shrink50,5,all,both,7,28.038571428571426,196.26999999999998,2.005110165129267,1,-22.17,-22.17,,77,43.951298701298704,3384.25,,0.0
KXBTC,1,last,fixed,shrink50,5,all,yes,6,22.823333333333334,136.94,1.4866882725360322,1,-22.17,-22.17,,0,,0.0,,0.0
KXBTC,1,last,fixed,shrink50,5,all,no,1,59.33,59.33,,0,,0.0,,77,43.951298701298704,3384.25,,0.0
KXBTC,1,last,fixed,shrink50,5,cheap,both,1,-11.69,-11.69,,0,,0.0,,0,,0.0,,0.0
KXBTC,1,last,fixed,shrink50,5,cheap,yes,1,-11.69,-11.69,,0,,0.0,,0,,0.0,,0.0
KXBTC,1,last,fixed,shrink50,5,cheap,no,0,,0.0,,0,,0.0,,0,,0.0,,0.0
KXBTC,1,last,fixed,shrink50,5,middle,both,6,34.660000000000004,207.96000000000004,2.378355145209661,1,-22.17,-22.17,,77,43.951298701298704,3384.25,,0.0
KXBTC,1,last,fixed,shrink50,5,middle,yes,5,29.726000000000006,148.63000000000002,1.7700125680688232,1,-22.17,-22.17,,0,,0.0,,0.0
KXBTC,1,last,fixed,shrink50,5,middle,no,1,59.33,59.33,,0,,0.0,,77,43.951298701298704,3384.25,,0.0
KXBTC,1,last,fixed,shrink50,10,all,both,0,,0.0,,0,,0.0,,77,43.951298701298704,3384.25,,0.0
KXBTC,1,last,fixed,shrink50,10,all,yes,0,,0.0,,0,,0.0,,0,,0.0,,0.0
KXBTC,1,last,fixed,shrink50,10,all,no,0,,0.0,,0,,0.0,,77,43.951298701298704,3384.25,,0.0
KXBTC,1,last,fixed,shrink50,10,cheap,both,0,,0.0,,0,,0.0,,0,,0.0,,0.0
KXBTC,1,last,fixed,shrink50,10,cheap,yes,0,,0.0,,0,,0.0,,0,,0.0,,0.0
KXBTC,1,last,fixed,shrink50,10,cheap,no,0,,0.0,,0,,0.0,,0,,0.0,,0.0
KXBTC,1,last,fixed,shrink50,10,middle,both,0,,0.0,,0,,0.0,,77,43.951298701298704,3384.25,,0.0
KXBTC,1,last,fixed,shrink50,10,middle,yes,0,,0.0,,0,,0.0,,0,,0.0,,0.0
KXBTC,1,last,fixed,shrink50,10,middle,no,0,,0.0,,0,,0.0,,77,43.951298701298704,3384.25,,0.0
KXBTC,5,last,fixed,none,2,all,both,553,-3.008191681735985,-1663.5299999999997,-1.5257567035155941,228,-4.05671052631579,-924.9300000000001,-1.7263669945130453,217,-3.175898617511521,-689.1700000000001,-1.5032016548365876,-465.96000000000004
KXBTC,5,last,fixed,none,2,all,yes,224,-2.3759375,-532.21,-0.9706329192356541,132,-6.285984848484847,-829.7499999999998,-2.2826356820082645,95,-0.17642105263157976,-16.760000000000076,-0.05112057302976315,79.63999999999994
KXBTC,5,last,fixed,none,2,all,no,329,-3.4386626139817635,-1131.3200000000002,-1.5254497219624048,96,-0.9914583333333336,-95.18000000000002,-0.23889822609029718,122,-5.51155737704918,-672.41,-2.732909187999239,-545.5999999999998
KXBTC,5,last,fixed,none,2,cheap,both,60,4.3293333333333335,259.76,1.0858682867923477,36,-2.6755555555555555,-96.32,-0.5761585818108682,37,-3.3451351351351346,-123.76999999999998,-0.8894398164649051,-98.28999999999999
KXBTC,5,last,fixed,none,2,cheap,yes,59,4.547118644067796,268.28,1.1246771309771109,36,-2.6755555555555555,-96.32,-0.5761585818108682,37,-3.3451351351351346,-123.76999999999998,-0.8894398164649051,-98.28999999999999
KXBTC,5,last,fixed,none,2,cheap,no,1,-8.519999999999996,-8.519999999999996,,0,,0.0,,0,,0.0,,0.0
KXBTC,5,last,fixed,none,2,middle,both,354,-3.665988700564971,-1297.7599999999998,-1.5001944048798894,133,-7.586691729323307,-1009.0299999999997,-2.203759880358277,123,-4.8825203252032505,-600.5499999999998,-1.4183154125985464,-445.63999999999993
KXBTC,5,last,fixed,none,2,middle,yes,164,-4.926646341463415,-807.97,-1.5506914659451796,96,-7.639895833333334,-733.4300000000001,-2.2172549658371565,58,1.8450000000000004,107.01000000000002,0.3905899762789339,177.93000000000004
KXBTC,5,last,fixed,none,2,middle,no,190,-2.5778421052631573,-489.7899999999999,-0.8307192848400221,37,-7.448648648648651,-275.6000000000001,-0.6852194724558863,65,-10.885538461538463,-707.5600000000001,-2.8556991541766417,-623.57
KXBTC,5,last,fixed,none,5,all,both,153,-6.431830065359477,-984.0699999999999,-1.4611755124795087,46,-9.520217391304346,-437.92999999999995,-1.225672718888214,34,2.495882352941176,84.85999999999999,0.33972403919054056,100.35
KXBTC,5,last,fixed,none,5,all,yes,79,-9.10645569620253,-719.41,-1.504891101758565,32,-2.9153124999999998,-93.28999999999999,-0.4622049657412771,26,-0.5257692307692313,-13.670000000000014,-0.05577672228417306,14.970000000000013
KXBTC,5,last,fixed,none,5,all,no,74,-3.5764864864864863,-264.65999999999997,-0.7229288131059592,14,-24.617142857142856,-344.64,-1.7586372369320444,8,12.31625,98.53,1.3325912539959524,85.38
KXBTC,5,last,fixed,none,5,cheap,both,5,-11.053999999999998,-55.269999999999996,-10.178680352917626,7,1.8471428571428568,12.929999999999998,0.11342860518927307,6,2.6950000000000003,16.17,0.15599929161304626,28.910000000000004
KXBTC,5,last,fixed,none,5,cheap,yes,4,-11.6875,-46.75,-10.263362256544061,7,1.8471428571428568,12.929999999999998,0.11342860518927307,6,2.6950000000000003,16.17,0.15599929161304626,28.910000000000004
KXBTC,5,last,fixed,none,5,cheap,no,1,-8.519999999999996,-8.519999999999996,,0,,0.0,,0,,0.0,,0.0
KXBTC,5,last,fixed,none,5,middle,both,135,-5.7,-769.5,-1.3346417560584507,35,-11.12257142857143,-389.29,-1.201176710866497,27,2.057037037037037,55.54,0.24512508091227178,71.44
KXBTC,5,last,fixed,none,5,middle,yes,74,-9.19108108108108,-680.14,-1.3813056029067754,25,-4.2488,-106.22,-0.5879385296131627,20,-1.4919999999999998,-29.839999999999996,-0.13719983775141686,-13.939999999999994
KXBTC,5,last,fixed,none,5,middle,no,61,-1.4649180327868854,-89.36000000000001,-0.2667831285195152,10,-28.307000000000006,-283.07000000000005,-1.416998652798026,7,12.197142857142856,85.38,1.125004639948333,85.38
KXBTC,5,last,fixed,none,10,all,both,34,-3.588823529411762,-122.01999999999991,-0.4498800899331105,6,-9.165,-54.989999999999995,,4,6.920000000000002,27.680000000000007,0.2746277879415721,27.680000000000007
KXBTC,5,last,fixed,none,10,all,yes,27,-8.200370370370372,-221.41000000000005,-0.6339512430452285,5,-1.0479999999999996,-5.239999999999998,,3,-0.606666666666665,-1.819999999999995,-0.015014396840064564,-1.819999999999995
KXBTC,5,last,fixed,none,10,all,no,7,14.198571428571428,99.39,0.8259909875434075,1,-49.75,-49.75,,1,29.5,29.5,,29.5
KXBTC,5,last,fixed,none,10,cheap,both,0,,0.0,,0,,0.0,,0,,0.0,,0.0
KXBTC,5,last,fixed,none,10,cheap,yes,0,,0.0,,0,,0.0,,0,,0.0,,0.0
KXBTC,5,last,fixed,none,10,cheap,no,0,,0.0,,0,,0.0,,0,,0.0,,0.0
KXBTC,5,last,fixed,none,10,middle,both,34,-3.588823529411762,-122.01999999999991,-0.4498800899331105,6,-9.165,-54.989999999999995,,4,6.920000000000002,27.680000000000007,0.2746277879415721,27.680000000000007
KXBTC,5,last,fixed,none,10,middle,yes,27,-8.200370370370372,-221.41000000000005,-0.6339512430452285,5,-1.0479999999999996,-5.239999999999998,,3,-0.606666666666665,-1.819999999999995,-0.015014396840064564,-1.819999999999995
KXBTC,5,last,fixed,none,10,middle,no,7,14.198571428571428,99.39,0.8259909875434075,1,-49.75,-49.75,,1,29.5,29.5,,29.5
KXBTC,5,last,fixed,volview,2,all,both,337,-4.430059347181008,-1492.9299999999998,-1.6028716406696188,179,-4.227206703910615,-756.6700000000001,-1.8002832819982844,158,-4.151772151898735,-655.9800000000001,-1.7862227386390075,-521.08
KXBTC,5,last,fixed,volview,2,all,yes,132,-6.734318181818182,-888.9300000000001,-1.7018379026188741,103,-6.5990291262135905,-679.6999999999998,-2.2227130833939044,81,-1.228518518518519,-99.51000000000003,-0.36082631709004626,-15.849999999999966
KXBTC,5,last,fixed,volview,2,all,no,205,-2.9463414634146337,-603.9999999999999,-1.1010321953939648,76,-1.012763157894736,-76.96999999999994,-0.2540176153232796,77,-7.226883116883117,-556.47,-2.501711411690361,-505.23
KXBTC,5,last,fixed,volview,2,cheap,both,39,3.8753846153846165,151.14000000000004,0.7371083425843853,29,-1.083448275862069,-31.419999999999998,-0.18550008147504984,28,-0.5892857142857135,-16.49999999999998,-0.11879368268191488,-3.7599999999999767
KXBTC,5,last,fixed,volview,2,cheap,yes,39,3.8753846153846165,151.14000000000004,0.7371083425843853,29,-1.083448275862069,-31.419999999999998,-0.18550008147504984,28,-0.5892857142857135,-16.49999999999998,-0.11879368268191488,-3.7599999999999767
KXBTC,5,last,fixed,volview,2,cheap,no,0,,0.0,,0,,0.0,,0,,0.0,,0.0
KXBTC,5,last,fixed,volview,2,middle,both,210,-6.1952380952380945,-1300.9999999999998,-1.9425041976727537,102,-8.885882352941174,-906.3599999999998,-2.5891132234804655,87,-7.547816091954024,-656.6600000000001,-1.9560504834868326,-585.74
KXBTC,5,last,fixed,volview,2,middle,yes,92,-11.38641304347826,-1047.55,-2.1605955599177205,74,-8.760540540540541,-648.28,-2.5859370743665857,53,-1.5662264150943406,-83.01000000000005,-0.3824532367648497,-12.090000000000018
KXBTC,5,last,fixed,volview,2,middle,no,118,-2.1478813559322028,-253.44999999999993,-0.6502730947696995,28,-9.217142857142857,-258.08,-0.8595717599557573,34,-16.87205882352941,-573.65,-2.6746182944445214,-573.65
KXBTC,5,last,fixed,volview,5,all,both,118,-11.057203389830509,-1304.75,-2.0948983369899725,43,-12.316511627906976,-529.61,-1.5719895177754284,32,1.0687500000000014,34.200000000000045,0.1555354742866613,49.689999999999976
KXBTC,5,last,fixed,volview,5,all,yes,55,-19.339818181818178,-1063.6899999999998,-2.663257124949866,29,-6.378275862068966,-184.97,-1.1098943821754588,24,-2.6804166666666673,-64.33000000000001,-0.30287487483656333,-35.690000000000026
KXBTC,5,last,fixed,volview,5,all,no,63,-3.826349206349206,-241.06,-0.7365784601425986,14,-24.617142857142856,-344.64,-1.7586372369320444,8,12.31625,98.53,1.3325912539959524,85.38
KXBTC,5,last,fixed,volview,5,cheap,both,4,-11.6875,-46.75,-10.263362256544061,6,3.2216666666666662,19.33,0.16499100685479393,5,5.782000000000001,28.910000000000004,0.2752058391775938,41.650000000000006
KXBTC,5,last,fixed,volview,5,cheap,yes,4,-11.6875,-46.75,-10.263362256544061,6,3.2216666666666662,19.33,0.16499100685479393,5,5.782000000000001,28.910000000000004,0.2752058391775938,41.650000000000006
KXBTC,5,last,fixed,volview,5,cheap,no,0,,0.0,,0,,0.0,,0,,0.0,,0.0
KXBTC,5,last,fixed,volview,5,middle,both,102,-10.679705882352943,-1089.3300000000002,-2.0619230733945892,33,-14.768787878787881,-487.37000000000006,-1.599527759763222,26,-0.302307692307692,-7.859999999999992,-0.03928407008242026,8.040000000000006
KXBTC,5,last,fixed,volview,5,middle,yes,50,-20.488400000000002,-1024.42,-2.5471005334609207,23,-8.882608695652173,-204.29999999999998,-1.4896186672956144,19,-4.907368421052632,-93.24000000000001,-0.5004564327152109,-77.34
KXBTC,5,last,fixed,volview,5,middle,no,52,-1.2482692307692298,-64.90999999999995,-0.23052289735366774,10,-28.307000000000006,-283.07000000000005,-1.416998652798026,7,12.197142857142856,85.38,1.125004639948333,85.38
KXBTC,5,last,fixed,volview,10,all,both,27,-7.773333333333333,-209.88,-0.9336639608061748,5,-16.704,-83.52,,4,6.920000000000002,27.680000000000007,0.2746277879415721,27.680000000000007
KXBTC,5,last,fixed,volview,10,all,yes,20,-15.463500000000002,-309.27000000000004,-1.0263153463603965,4,-8.442499999999999,-33.769999999999996,,3,-0.606666666666665,-1.819999999999995,-0.015014396840064564,-1.819999999999995
KXBTC,5,last,fixed,volview,10,all,no,7,14.198571428571428,99.39,0.8259909875434075,1,-49.75,-49.75,,1,29.5,29.5,,29.5
KXBTC,5,last,fixed,volview,10,cheap,both,0,,0.0,,0,,0.0,,0,,0.0,,0.0
KXBTC,5,last,fixed,volview,10,cheap,yes,0,,0.0,,0,,0.0,,0,,0.0,,0.0
KXBTC,5,last,fixed,volview,10,cheap,no,0,,0.0,,0,,0.0,,0,,0.0,,0.0
KXBTC,5,last,fixed,volview,10,middle,both,27,-7.773333333333333,-209.88,-0.9336639608061748,5,-16.704,-83.52,,4,6.920000000000002,27.680000000000007,0.2746277879415721,27.680000000000007
KXBTC,5,last,fixed,volview,10,middle,yes,20,-15.463500000000002,-309.27000000000004,-1.0263153463603965,4,-8.442499999999999,-33.769999999999996,,3,-0.606666666666665,-1.819999999999995,-0.015014396840064564,-1.819999999999995
KXBTC,5,last,fixed,volview,10,middle,no,7,14.198571428571428,99.39,0.8259909875434075,1,-49.75,-49.75,,1,29.5,29.5,,29.5
KXBTC,5,last,fixed,shrink25,2,all,both,7,-1.7728571428571382,-12.409999999999968,-0.06307470785738357,1,-21.12,-21.12,,0,,0.0,,0.0
KXBTC,5,last,fixed,shrink25,2,all,yes,7,-1.7728571428571382,-12.409999999999968,-0.06307470785738357,1,-21.12,-21.12,,0,,0.0,,0.0
KXBTC,5,last,fixed,shrink25,2,all,no,0,,0.0,,0,,0.0,,0,,0.0,,0.0
KXBTC,5,last,fixed,shrink25,2,cheap,both,0,,0.0,,0,,0.0,,0,,0.0,,0.0
KXBTC,5,last,fixed,shrink25,2,cheap,yes,0,,0.0,,0,,0.0,,0,,0.0,,0.0
KXBTC,5,last,fixed,shrink25,2,cheap,no,0,,0.0,,0,,0.0,,0,,0.0,,0.0
KXBTC,5,last,fixed,shrink25,2,middle,both,7,-1.7728571428571382,-12.409999999999968,-0.06307470785738357,1,-21.12,-21.12,,0,,0.0,,0.0
KXBTC,5,last,fixed,shrink25,2,middle,yes,7,-1.7728571428571382,-12.409999999999968,-0.06307470785738357,1,-21.12,-21.12,,0,,0.0,,0.0
KXBTC,5,last,fixed,shrink25,2,middle,no,0,,0.0,,0,,0.0,,0,,0.0,,0.0
KXBTC,5,last,fixed,shrink25,5,all,both,0,,0.0,,0,,0.0,,0,,0.0,,0.0
KXBTC,5,last,fixed,shrink25,5,all,yes,0,,0.0,,0,,0.0,,0,,0.0,,0.0
KXBTC,5,last,fixed,shrink25,5,all,no,0,,0.0,,0,,0.0,,0,,0.0,,0.0
KXBTC,5,last,fixed,shrink25,5,cheap,both,0,,0.0,,0,,0.0,,0,,0.0,,0.0
KXBTC,5,last,fixed,shrink25,5,cheap,yes,0,,0.0,,0,,0.0,,0,,0.0,,0.0
KXBTC,5,last,fixed,shrink25,5,cheap,no,0,,0.0,,0,,0.0,,0,,0.0,,0.0
KXBTC,5,last,fixed,shrink25,5,middle,both,0,,0.0,,0,,0.0,,0,,0.0,,0.0
KXBTC,5,last,fixed,shrink25,5,middle,yes,0,,0.0,,0,,0.0,,0,,0.0,,0.0
KXBTC,5,last,fixed,shrink25,5,middle,no,0,,0.0,,0,,0.0,,0,,0.0,,0.0
KXBTC,5,last,fixed,shrink25,10,all,both,0,,0.0,,0,,0.0,,0,,0.0,,0.0
KXBTC,5,last,fixed,shrink25,10,all,yes,0,,0.0,,0,,0.0,,0,,0.0,,0.0
KXBTC,5,last,fixed,shrink25,10,all,no,0,,0.0,,0,,0.0,,0,,0.0,,0.0
KXBTC,5,last,fixed,shrink25,10,cheap,both,0,,0.0,,0,,0.0,,0,,0.0,,0.0
KXBTC,5,last,fixed,shrink25,10,cheap,yes,0,,0.0,,0,,0.0,,0,,0.0,,0.0
KXBTC,5,last,fixed,shrink25,10,cheap,no,0,,0.0,,0,,0.0,,0,,0.0,,0.0
KXBTC,5,last,fixed,shrink25,10,middle,both,0,,0.0,,0,,0.0,,0,,0.0,,0.0
KXBTC,5,last,fixed,shrink25,10,middle,yes,0,,0.0,,0,,0.0,,0,,0.0,,0.0
KXBTC,5,last,fixed,shrink25,10,middle,no,0,,0.0,,0,,0.0,,0,,0.0,,0.0
KXBTC,5,last,fixed,shrink50,2,all,both,99,-6.281414141414141,-621.8599999999999,-0.9733211802813153,29,-13.842758620689652,-401.43999999999994,-1.4834639714703592,23,-6.231739130434784,-143.33000000000004,-0.839093019818964,-114.69000000000003
KXBTC,5,last,fixed,shrink50,2,all,yes,56,-9.554642857142856,-535.06,-1.162595895130802,20,-5.638999999999999,-112.77999999999999,-0.7550778784898141,19,-13.397368421052633,-254.55000000000004,-1.548667367248697,-225.91000000000003
KXBTC,5,last,fixed,shrink50,2,all,no,43,-2.0186046511627893,-86.79999999999994,-0.3209791601349542,9,-32.07333333333334,-288.66,-1.9404996898299613,4,27.805,111.22,3.4601060509499506,111.22
KXBTC,5,last,fixed,shrink50,2,cheap,both,4,-10.104999999999999,-40.419999999999995,-14.824403985675037,3,20.59,61.769999999999996,0.589695665325106,5,-13.796000000000001,-68.98,-4.146252371512831,-56.24
KXBTC,5,last,fixed,shrink50,2,cheap,yes,3,-10.633333333333333,-31.9,-17.457255583669266,3,20.59,61.769999999999996,0.589695665325106,5,-13.796000000000001,-68.98,-4.146252371512831,-56.24
KXBTC,5,last,fixed,shrink50,2,cheap,no,1,-8.519999999999996,-8.519999999999996,,0,,0.0,,0,,0.0,,0.0
KXBTC,5,last,fixed,shrink50,2,middle,both,87,-4.194252873563219,-364.90000000000003,-0.6966755601136176,23,-17.055217391304346,-392.27,-1.8600227797269904,18,-4.130555555555556,-74.35000000000002,-0.44983476182056803,-58.45
KXBTC,5,last,fixed,shrink50,2,middle,yes,53,-9.493584905660375,-503.1599999999999,-1.0723059356212616,17,-10.267647058823528,-174.54999999999995,-1.8637986882524873,14,-13.255,-185.57000000000002,-1.1504087948688972,-169.67000000000002
KXBTC,5,last,fixed,shrink50,2,middle,no,34,4.066470588235293,138.25999999999996,0.6760625007341801,6,-36.28666666666667,-217.72,-1.3650015010357752,4,27.805,111.22,3.4601060509499506,111.22
KXBTC,5,last,fixed,shrink50,5,all,both,19,-5.511052631578948,-104.71000000000001,-0.39215441530396644,2,-24.235,-48.47,,2,29.930000000000003,59.86000000000001,,59.86000000000001
KXBTC,5,last,fixed,shrink50,5,all,yes,17,-4.3876470588235295,-74.59,-0.27722290794009463,2,-24.235,-48.47,,2,29.930000000000003,59.86000000000001,,59.86000000000001
KXBTC,5,last,fixed,shrink50,5,all,no,2,-15.059999999999999,-30.119999999999997,,0,,0.0,,0,,0.0,,0.0
KXBTC,5,last,fixed,shrink50,5,cheap,both,0,,0.0,,0,,0.0,,0,,0.0,,0.0
KXBTC,5,last,fixed,shrink50,5,cheap,yes,0,,0.0,,0,,0.0,,0,,0.0,,0.0
KXBTC,5,last,fixed,shrink50,5,cheap,no,0,,0.0,,0,,0.0,,0,,0.0,,0.0
KXBTC,5,last,fixed,shrink50,5,middle,both,19,-5.511052631578948,-104.71000000000001,-0.39215441530396644,2,-24.235,-48.47,,2,29.930000000000003,59.86000000000001,,59.86000000000001
KXBTC,5,last,fixed,shrink50,5,middle,yes,17,-4.3876470588235295,-74.59,-0.27722290794009463,2,-24.235,-48.47,,2,29.930000000000003,59.86000000000001,,59.86000000000001
KXBTC,5,last,fixed,shrink50,5,middle,no,2,-15.059999999999999,-30.119999999999997,,0,,0.0,,0,,0.0,,0.0
KXBTC,5,last,fixed,shrink50,10,all,both,0,,0.0,,0,,0.0,,0,,0.0,,0.0
KXBTC,5,last,fixed,shrink50,10,all,yes,0,,0.0,,0,,0.0,,0,,0.0,,0.0
KXBTC,5,last,fixed,shrink50,10,all,no,0,,0.0,,0,,0.0,,0,,0.0,,0.0
KXBTC,5,last,fixed,shrink50,10,cheap,both,0,,0.0,,0,,0.0,,0,,0.0,,0.0
KXBTC,5,last,fixed,shrink50,10,cheap,yes,0,,0.0,,0,,0.0,,0,,0.0,,0.0
KXBTC,5,last,fixed,shrink50,10,cheap,no,0,,0.0,,0,,0.0,,0,,0.0,,0.0
KXBTC,5,last,fixed,shrink50,10,middle,both,0,,0.0,,0,,0.0,,0,,0.0,,0.0
KXBTC,5,last,fixed,shrink50,10,middle,yes,0,,0.0,,0,,0.0,,0,,0.0,,0.0
KXBTC,5,last,fixed,shrink50,10,middle,no,0,,0.0,,0,,0.0,,0,,0.0,,0.0
KXBTC,15,last,fixed,none,2,all,both,702,-1.9633618233618233,-1378.28,-1.5765860857447702,295,-3.559016949152542,-1049.9099999999999,-1.637554382844029,271,0.7826937269372697,212.11000000000007,0.3842578947376117,310.68000000000006
KXBTC,15,last,fixed,none,2,all,yes,298,0.22191275167785215,66.12999999999994,0.11831343572728915,147,0.3471428571428566,51.029999999999916,0.09711363187931654,119,5.9863025210084,712.3699999999997,2.398876075567932,707.7199999999999
KXBTC,15,last,fixed,none,2,all,no,404,-3.575272277227723,-1444.41,-2.5982240039226174,148,-7.438783783783783,-1100.9399999999998,-3.37510703419136,152,-3.2911842105263167,-500.26000000000016,-0.9603054786019466,-397.0400000000001
KXBTC,15,last,fixed,none,2,cheap,both,109,-0.1372477064220179,-14.959999999999951,-0.06105482513198763,35,8.530000000000001,298.55,1.2481727107596619,53,7.641320754716982,404.99,1.4177778843345095,414.57000000000005
KXBTC,15,last,fixed,none,2,cheap,yes,109,-0.1372477064220179,-14.959999999999951,-0.06105482513198763,35,8.530000000000001,298.55,1.2481727107596619,53,7.641320754716982,404.99,1.4177778843345095,414.57000000000005
KXBTC,15,last,fixed,none,2,cheap,no,0,,0.0,,0,,0.0,,0,,0.0,,0.0
KXBTC,15,last,fixed,none,2,middle,both,434,-1.8297926267281104,-794.1299999999999,-1.0070181672476939,176,-5.795340909090908,-1019.9799999999998,-1.8295450350424303,139,-0.9393525179856123,-130.5700000000001,-0.2714521759450971,-78.73000000000008
KXBTC,15,last,fixed,none,2,middle,yes,188,0.36138297872340425,67.94,0.12545483283789055,112,-2.21,-247.51999999999998,-0.6508893749490867,66,4.657272727272727,307.38,0.9680080725500768,293.15000000000003
KXBTC,15,last,fixed,none,2,middle,no,246,-3.5043495934959346,-862.0699999999999,-1.7018940538962866,64,-12.069687499999999,-772.4599999999999,-2.181314305993741,73,-5.999315068493151,-437.95000000000005,-1.1021347535470911,-371.88000000000005
KXBTC,15,last,fixed,none,5,all,both,246,0.9247560975609754,227.48999999999995,0.4176736642500429,82,-0.03902439024390215,-3.199999999999976,-0.009922235466229928,50,-8.1976,-409.87999999999994,-1.374169317240484,-370.01
KXBTC,15,last,fixed,none,5,all,yes,117,2.146752136752137,251.17000000000004,0.5853398582836665,61,0.11311475409836057,6.899999999999995,0.023903279385215307,33,-4.13030303030303,-136.29999999999998,-0.7182855361331971,-82.33
KXBTC,15,last,fixed,none,5,all,no,129,-0.18356589147286834,-23.680000000000014,-0.05454694105677641,21,-0.4809523809523794,-10.099999999999968,-0.11616058460007084,17,-16.092941176470593,-273.5800000000001,-1.342381950683069,-287.68000000000006
KXBTC,15,last,fixed,none,5,cheap,both,17,14.331764705882353,243.64000000000001,2.0708337000628414,10,17.046999999999997,170.46999999999997,1.310467925587202,10,7.680000000000002,76.80000000000003,0.6054482375553232,76.80000000000003
KXBTC,15,last,fixed,none,5,cheap,yes,17,14.331764705882353,243.64000000000001,2.0708337000628414,10,17.046999999999997,170.46999999999997,1.310467925587202,10,7.680000000000002,76.80000000000003,0.6054482375553232,76.80000000000003
KXBTC,15,last,fixed,none,5,cheap,no,0,,0.0,,0,,0.0,,0,,0.0,,0.0
KXBTC,15,last,fixed,none,5,middle,both,205,-1.295463414634146,-265.56999999999994,-0.497062101578204,63,-4.26031746031746,-268.4,-0.9801452506204318,38,-13.524473684210525,-513.93,-2.101890278112765,-459.96000000000004
KXBTC,15,last,fixed,none,5,middle,yes,99,-0.05676767676767586,-5.61999999999991,-0.012532863921230094,51,-3.2072549019607846,-163.57000000000002,-0.724770236748096,23,-9.265217391304347,-213.1,-1.389458987802736,-159.13
KXBTC,15,last,fixed,none,5,middle,no,106,-2.452358490566038,-259.95,-0.603549731729956,12,-8.735833333333334,-104.83000000000001,-1.1162325561830182,15,-20.055333333333337,-300.83000000000004,-1.5584951248559968,-300.83000000000004
KXBTC,15,last,fixed,none,10,all,both,56,11.921607142857143,667.61,2.5703134484218944,16,-8.811875,-140.99,-0.7408036572805734,7,-8.585714285714287,-60.10000000000001,-0.9563094978042612,-43.150000000000006
KXBTC,15,last,fixed,none,10,all,yes,39,3.9730769230769236,154.95000000000002,0.6138355205240364,14,-8.978571428571428,-125.69999999999999,-0.7062682556863575,6,-16.238333333333333,-97.43,-3.5538615227127943,-80.48
KXBTC,15,last,fixed,none,10,all,no,17,30.156470588235294,512.66,4.409721120941516,2,-7.644999999999998,-15.289999999999996,,1,37.33,37.33,,37.33
KXBTC,15,last,fixed,none,10,cheap,both,1,-8.52,-8.52,,2,-14.325000000000001,-28.650000000000002,,3,-13.093333333333334,-39.28,-37.05660377358489,-39.28
KXBTC,15,last,fixed,none,10,cheap,yes,1,-8.52,-8.52,,2,-14.325000000000001,-28.650000000000002,,3,-13.093333333333334,-39.28,-37.05660377358489,-39.28
KXBTC,15,last,fixed,none,10,cheap,no,0,,0.0,,0,,0.0,,0,,0.0,,0.0
KXBTC,15,last,fixed,none,10,middle,both,54,12.277407407407408,662.98,2.5386442576202857,14,-8.024285714285714,-112.33999999999999,-0.6213937492698404,4,-5.205000000000002,-20.820000000000007,-0.29893710199415263,-3.8700000000000045
KXBTC,15,last,fixed,none,10,middle,yes,37,4.062702702702702,150.31999999999996,0.5835398765515788,12,-8.0875,-97.05,-0.5749294458295429,3,-19.383333333333336,-58.150000000000006,,-41.2
KXBTC,15,last,fixed,none,10,middle,no,17,30.156470588235294,512.66,4.409721120941516,2,-7.644999999999998,-15.289999999999996,,1,37.33,37.33,,37.33
KXBTC,15,last,fixed,volview,2,all,both,516,-3.162887596899225,-1632.0500000000002,-2.5097836399882265,231,-5.742121212121212,-1326.43,-2.9161364054519336,211,2.6262559241706165,554.1400000000001,1.21374139756422,570.74
KXBTC,15,last,fixed,volview,2,all,yes,198,-1.4096969696969694,-279.11999999999995,-0.6597993598241756,108,-2.8667592592592595,-309.61,-0.8528246241868637,102,6.147941176470588,627.0899999999999,2.0786628584956124,606.5400000000001
KXBTC,15,last,fixed,volview,2,all,no,318,-4.254496855345912,-1352.93,-2.64950764698791,123,-8.266829268292685,-1016.8200000000003,-2.9736028467445306,109,-0.6692660550458717,-72.95000000000002,-0.1762078595935072,-35.800000000000004
KXBTC,15,last,fixed,volview,2,cheap,both,84,-2.2686904761904763,-190.57,-1.1132155549440184,25,0.23440000000000055,5.860000000000014,0.040459479641692275,46,4.175434782608696,192.07000000000002,0.6408783199979486,201.65000000000003
KXBTC,15,last,fixed,volview,2,cheap,yes,84,-2.2686904761904763,-190.57,-1.1132155549440184,25,0.23440000000000055,5.860000000000014,0.040459479641692275,46,4.175434782608696,192.07000000000002,0.6408783199979486,201.65000000000003
KXBTC,15,last,fixed,volview,2,cheap,no,0,,0.0,,0,,0.0,,0,,0.0,,0.0
KXBTC,15,last,fixed,volview,2,middle,both,311,-3.0489710610932477,-948.23,-1.463156268240242,131,-7.911374045801526,-1036.3899999999999,-2.914083496734787,104,2.0293269230769218,211.04999999999984,0.47099753429048985,180.91999999999987
KXBTC,15,last,fixed,volview,2,middle,yes,114,-0.7767543859649118,-88.54999999999994,-0.20242689444243692,83,-3.8008433734939757,-315.46999999999997,-1.2194685022019414,56,7.7682142857142855,435.02,1.4375569155779682,404.89000000000004
KXBTC,15,last,fixed,volview,2,middle,no,197,-4.363857868020305,-859.6800000000001,-1.8328953627213247,48,-15.019166666666665,-720.92,-2.2636549413944773,48,-4.6660416666666675,-223.97000000000006,-0.6298520693882971,-223.97000000000006
KXBTC,15,last,fixed,volview,5,all,both,207,1.1061352657004833,228.97000000000006,0.4007122285338378,75,-0.9975999999999997,-74.81999999999998,-0.24155185084502287,46,-4.903913043478262,-225.58000000000004,-0.9849469197667998,-185.70999999999998
KXBTC,15,last,fixed,volview,5,all,yes,88,1.672727272727274,147.2000000000001,0.34427393876391144,54,-1.1985185185185183,-64.71999999999998,-0.2428750604564961,31,-0.5512903225806445,-17.08999999999998,-0.09470722327620866,36.880000000000024
KXBTC,15,last,fixed,volview,5,all,no,119,0.6871428571428565,81.76999999999992,0.19620918978507038,21,-0.4809523809523794,-10.099999999999968,-0.11616058460007084,15,-13.899333333333335,-208.49,-1.0669001240582594,-222.59000000000003
KXBTC,15,last,fixed,volview,5,cheap,both,16,15.958125,255.33,2.1439255015530088,8,10.938750000000002,87.51000000000002,0.7850241140170329,10,7.680000000000002,76.80000000000003,0.6054482375553232,76.80000000000003
KXBTC,15,last,fixed,volview,5,cheap,yes,16,15.958125,255.33,2.1439255015530088,8,10.938750000000002,87.51000000000002,0.7850241140170329,10,7.680000000000002,76.80000000000003,0.6054482375553232,76.80000000000003
KXBTC,15,last,fixed,volview,5,cheap,no,0,,0.0,,0,,0.0,,0,,0.0,,0.0
KXBTC,15,last,fixed,volview,5,middle,both,173,-1.214566473988439,-210.11999999999995,-0.3880557703623659,58,-4.4320689655172405,-257.05999999999995,-0.9716957138515787,35,-9.042285714285715,-316.48,-1.725177950591353,-262.51000000000005
KXBTC,15,last,fixed,volview,5,middle,yes,72,-1.5018055555555547,-108.12999999999994,-0.2577745569126678,46,-3.3093478260869573,-152.23000000000005,-0.7440285056902011,21,-4.470952380952381,-93.89000000000001,-0.6339573182862268,-39.92000000000001
KXBTC,15,last,fixed,volview,5,middle,no,101,-1.0098019801980203,-101.99000000000004,-0.24748379472721166,12,-8.735833333333334,-104.83000000000001,-1.1162325561830182,14,-15.899285714285716,-222.59000000000003,-1.1637738338099046,-222.59000000000003
KXBTC,15,last,fixed,volview,10,all,both,42,13.890238095238095,583.39,2.2420762425433454,15,-6.0826666666666656,-91.23999999999998,-0.5997264118359973,7,-8.585714285714287,-60.10000000000001,-0.9563094978042612,-43.150000000000006
KXBTC,15,last,fixed,volview,10,all,yes,25,2.8292000000000006,70.73000000000002,0.32131368709897246,13,-5.842307692307691,-75.94999999999999,-0.5354308847391427,6,-16.238333333333333,-97.43,-3.5538615227127943,-80.48
KXBTC,15,last,fixed,volview,10,all,no,17,30.156470588235294,512.66,4.409721120941516,2,-7.644999999999998,-15.289999999999996,,1,37.33,37.33,,37.33
KXBTC,15,last,fixed,volview,10,cheap,both,1,-8.52,-8.52,,2,-14.325000000000001,-28.650000000000002,,3,-13.093333333333334,-39.28,-37.05660377358489,-39.28
KXBTC,15,last,fixed,volview,10,cheap,yes,1,-8.52,-8.52,,2,-14.325000000000001,-28.650000000000002,,3,-13.093333333333334,-39.28,-37.05660377358489,-39.28
KXBTC,15,last,fixed,volview,10,cheap,no,0,,0.0,,0,,0.0,,0,,0.0,,0.0
KXBTC,15,last,fixed,volview,10,middle,both,41,14.436829268292682,591.91,2.2796749112729864,13,-4.814615384615384,-62.58999999999999,-0.43432850114584737,4,-5.205000000000002,-20.820000000000007,-0.29893710199415263,-3.8700000000000045
KXBTC,15,last,fixed,volview,10,middle,yes,24,3.3020833333333335,79.25,0.3618481810058704,11,-4.299999999999999,-47.29999999999999,-0.3515888072048685,3,-19.383333333333336,-58.150000000000006,,-41.2
KXBTC,15,last,fixed,volview,10,middle,no,17,30.156470588235294,512.66,4.409721120941516,2,-7.644999999999998,-15.289999999999996,,1,37.33,37.33,,37.33
KXBTC,15,last,fixed,shrink25,2,all,both,19,11.663157894736843,221.60000000000002,1.094091444671176,3,-26.833333333333332,-80.5,,2,-18.505000000000003,-37.010000000000005,,-37.010000000000005
KXBTC,15,last,fixed,shrink25,2,all,yes,14,4.305714285714285,60.279999999999994,0.29011262101672675,3,-26.833333333333332,-80.5,,2,-18.505000000000003,-37.010000000000005,,-37.010000000000005
KXBTC,15,last,fixed,shrink25,2,all,no,5,32.264,161.32000000000002,5.360510258050714,0,,0.0,,0,,0.0,,0.0
KXBTC,15,last,fixed,shrink25,2,cheap,both,0,,0.0,,1,-14.850000000000001,-14.850000000000001,,1,-13.8,-13.8,,-13.8
KXBTC,15,last,fixed,shrink25,2,cheap,yes,0,,0.0,,1,-14.850000000000001,-14.850000000000001,,1,-13.8,-13.8,,-13.8
KXBTC,15,last,fixed,shrink25,2,cheap,no,0,,0.0,,0,,0.0,,0,,0.0,,0.0
KXBTC,15,last,fixed,shrink25,2,middle,both,18,11.580555555555556,208.45000000000002,1.048600421665346,2,-32.825,-65.65,,1,-23.21,-23.21,,-23.21
KXBTC,15,last,fixed,shrink25,2,middle,yes,13,3.6253846153846156,47.13,0.22957793271340363,2,-32.825,-65.65,,1,-23.21,-23.21,,-23.21
KXBTC,15,last,fixed,shrink25,2,middle,no,5,32.264,161.32000000000002,5.360510258050714,0,,0.0,,0,,0.0,,0.0
KXBTC,15,last,fixed,shrink25,5,all,both,0,,0.0,,1,-49.75,-49.75,,0,,0.0,,0.0
KXBTC,15,last,fixed,shrink25,5,all,yes,0,,0.0,,1,-49.75,-49.75,,0,,0.0,,0.0
KXBTC,15,last,fixed,shrink25,5,all,no,0,,0.0,,0,,0.0,,0,,0.0,,0.0
KXBTC,15,last,fixed,shrink25,5,cheap,both,0,,0.0,,0,,0.0,,0,,0.0,,0.0
KXBTC,15,last,fixed,shrink25,5,cheap,yes,0,,0.0,,0,,0.0,,0,,0.0,,0.0
KXBTC,15,last,fixed,shrink25,5,cheap,no,0,,0.0,,0,,0.0,,0,,0.0,,0.0
KXBTC,15,last,fixed,shrink25,5,middle,both,0,,0.0,,1,-49.75,-49.75,,0,,0.0,,0.0
KXBTC,15,last,fixed,shrink25,5,middle,yes,0,,0.0,,1,-49.75,-49.75,,0,,0.0,,0.0
KXBTC,15,last,fixed,shrink25,5,middle,no,0,,0.0,,0,,0.0,,0,,0.0,,0.0
KXBTC,15,last,fixed,shrink25,10,all,both,0,,0.0,,0,,0.0,,0,,0.0,,0.0
KXBTC,15,last,fixed,shrink25,10,all,yes,0,,0.0,,0,,0.0,,0,,0.0,,0.0
KXBTC,15,last,fixed,shrink25,10,all,no,0,,0.0,,0,,0.0,,0,,0.0,,0.0
KXBTC,15,last,fixed,shrink25,10,cheap,both,0,,0.0,,0,,0.0,,0,,0.0,,0.0
KXBTC,15,last,fixed,shrink25,10,cheap,yes,0,,0.0,,0,,0.0,,0,,0.0,,0.0
KXBTC,15,last,fixed,shrink25,10,cheap,no,0,,0.0,,0,,0.0,,0,,0.0,,0.0
KXBTC,15,last,fixed,shrink25,10,middle,both,0,,0.0,,0,,0.0,,0,,0.0,,0.0
KXBTC,15,last,fixed,shrink25,10,middle,yes,0,,0.0,,0,,0.0,,0,,0.0,,0.0
KXBTC,15,last,fixed,shrink25,10,middle,no,0,,0.0,,0,,0.0,,0,,0.0,,0.0
KXBTC,15,last,fixed,shrink50,2,all,both,165,3.186666666666668,525.8000000000002,1.171401299239544,57,2.174561403508773,123.95000000000006,0.3384184361257969,35,-12.674285714285713,-443.59999999999997,-1.7463819849734934,-426.65000000000003
KXBTC,15,last,fixed,shrink50,2,all,yes,83,2.449518072289158,203.31000000000012,0.543407457445473,44,2.547954545454546,112.11000000000001,0.32609698782689867,25,-5.7212,-143.03,-0.9185745941800265,-126.07999999999998
KXBTC,15,last,fixed,shrink50,2,all,no,82,3.9328048780487808,322.49,0.8895595817495272,13,0.9107692307692304,11.839999999999996,0.19842917070031144,10,-30.057,-300.57,-1.9657754547821478,-300.57
KXBTC,15,last,fixed,shrink50,2,cheap,both,12,6.829166666666666,81.94999999999999,0.8465605851108018,9,20.474444444444444,184.26999999999998,1.4864715958051153,8,0.15375000000000139,1.230000000000011,0.011705171261798535,1.230000000000011
KXBTC,15,last,fixed,shrink50,2,cheap,yes,12,6.829166666666666,81.94999999999999,0.8465605851108018,9,20.474444444444444,184.26999999999998,1.4864715958051153,8,0.15375000000000139,1.230000000000011,0.011705171261798535,1.230000000000011
KXBTC,15,last,fixed,shrink50,2,cheap,no,0,,0.0,,0,,0.0,,0,,0.0,,0.0
KXBTC,15,last,fixed,shrink50,2,middle,both,140,2.185642857142857,305.99,0.7069863536530836,43,-2.6904651162790696,-115.68999999999998,-0.35483509314687817,26,-17.614615384615384,-457.98,-1.9465560633467605,-441.03
KXBTC,15,last,fixed,shrink50,2,middle,yes,70,1.5458571428571435,108.21000000000005,0.27034256487214164,35,-2.061714285714285,-72.15999999999997,-0.2497803721197178,17,-8.485882352941175,-144.26,-0.9642746616262592,-127.30999999999999
KXBTC,15,last,fixed,shrink50,2,middle,no,70,2.825428571428571,197.77999999999997,0.537720305248148,8,-5.44125,-43.53,-0.5869000172835661,9,-34.857777777777784,-313.72,-2.315728291441092,-313.72
KXBTC,15,last,fixed,shrink50,5,all,both,32,5.638750000000002,180.44000000000005,1.0002240275009848,6,-33.745000000000005,-202.47000000000003,,4,-16.935,-67.74,-2.424040135090539,-67.74
KXBTC,15,last,fixed,shrink50,5,all,yes,24,-1.8879166666666656,-45.309999999999974,-0.28034505693296535,5,-31.146000000000004,-155.73000000000002,,4,-16.935,-67.74,-2.424040135090539,-67.74
KXBTC,15,last,fixed,shrink50,5,all,no,8,28.218750000000007,225.75000000000006,2.198900607985694,1,-46.739999999999995,-46.739999999999995,,0,,0.0,,0.0
KXBTC,15,last,fixed,shrink50,5,cheap,both,0,,0.0,,1,-14.850000000000001,-14.850000000000001,,2,-13.27,-26.54,,-26.54
KXBTC,15,last,fixed,shrink50,5,cheap,yes,0,,0.0,,1,-14.850000000000001,-14.850000000000001,,2,-13.27,-26.54,,-26.54
KXBTC,15,last,fixed,shrink50,5,cheap,no,0,,0.0,,0,,0.0,,0,,0.0,,0.0
KXBTC,15,last,fixed,shrink50,5,middle,both,31,5.3964516129032285,167.29000000000008,0.944666293396011,5,-37.524,-187.62,,2,-20.6,-41.2,,-41.2
KXBTC,15,last,fixed,shrink50,5,middle,yes,23,-2.54173913043478,-58.459999999999944,-0.3535330172663321,4,-35.22,-140.88,,2,-20.6,-41.2,,-41.2
KXBTC,15,last,fixed,shrink50,5,middle,no,8,28.218750000000007,225.75000000000006,2.198900607985694,1,-46.739999999999995,-46.739999999999995,,0,,0.0,,0.0
KXBTC,15,last,fixed,shrink50,10,all,both,3,13.053333333333333,39.16,,2,-32.825,-65.65,,0,,0.0,,0.0
KXBTC,15,last,fixed,shrink50,10,all,yes,3,13.053333333333333,39.16,,2,-32.825,-65.65,,0,,0.0,,0.0
KXBTC,15,last,fixed,shrink50,10,all,no,0,,0.0,,0,,0.0,,0,,0.0,,0.0
KXBTC,15,last,fixed,shrink50,10,cheap,both,0,,0.0,,0,,0.0,,0,,0.0,,0.0
KXBTC,15,last,fixed,shrink50,10,cheap,yes,0,,0.0,,0,,0.0,,0,,0.0,,0.0
KXBTC,15,last,fixed,shrink50,10,cheap,no,0,,0.0,,0,,0.0,,0,,0.0,,0.0
KXBTC,15,last,fixed,shrink50,10,middle,both,3,13.053333333333333,39.16,,2,-32.825,-65.65,,0,,0.0,,0.0
KXBTC,15,last,fixed,shrink50,10,middle,yes,3,13.053333333333333,39.16,,2,-32.825,-65.65,,0,,0.0,,0.0
KXBTC,15,last,fixed,shrink50,10,middle,no,0,,0.0,,0,,0.0,,0,,0.0,,0.0
KXBTC,1,last,rolling,none,2,all,both,289,-4.4073010380622835,-1273.71,-2.5109003029381083,143,-7.375734265734266,-1054.73,-3.845686144233914,269,11.105092936802976,2987.2700000000004,0.8992987302765315,-256.76999999999987
KXBTC,1,last,rolling,none,2,all,yes,123,-7.4607317073170725,-917.67,-2.3582276143351555,85,-11.233411764705885,-954.8400000000001,-3.462719306640066,86,-5.719302325581395,-491.85999999999996,-0.9713667073986108,-395.4699999999999
KXBTC,1,last,rolling,none,2,all,no,166,-2.1448192771084327,-356.03999999999985,-0.8915067670889577,58,-1.7222413793103453,-99.89000000000003,-0.29175682216375287,183,19.011639344262296,3479.13,1.0401703710935772,138.7000000000001
KXBTC,1,last,rolling,none,2,cheap,both,19,-5.3636842105263165,-101.91000000000001,-1.0119327721298748,15,-12.529333333333334,-187.94,-4.334491294980258,21,-11.985714285714288,-251.70000000000005,-3.7918997462310102,-228.32000000000002
KXBTC,1,last,rolling,none,2,cheap,yes,19,-5.3636842105263165,-101.91000000000001,-1.0119327721298748,15,-12.529333333333334,-187.94,-4.334491294980258,21,-11.985714285714288,-251.70000000000005,-3.7918997462310102,-228.32000000000002
KXBTC,1,last,rolling,none,2,cheap,no,0,,0.0,,0,,0.0,,0,,0.0,,0.0
KXBTC,1,last,rolling,none,2,middle,both,216,-5.392361111111111,-1164.75,-2.1625368582990254,100,-9.9045,-990.45,-3.3094605887377417,161,19.877267080745344,3200.2400000000007,0.952182697866583,-111.0
KXBTC,1,last,rolling,none,2,middle,yes,103,-8.056893203883496,-829.8600000000001,-2.1737811142189063,70,-10.955714285714286,-766.9000000000001,-2.740691273422918,65,-3.6947692307692312,-240.16000000000003,-0.49891898572930315,-167.14999999999995
KXBTC,1,last,rolling,none,2,middle,no,113,-2.96362831858407,-334.88999999999993,-1.0058175877614859,30,-7.451666666666665,-223.54999999999995,-0.6723404551096978,96,35.8375,3440.3999999999996,1.0176582950285344,56.150000000000034
KXBTC,1,last,rolling,none,5,all,both,96,-2.6103124999999996,-250.58999999999997,-0.9154675861367021,23,-13.547391304347824,-311.59,-0.943535917039747,117,28.025042735042735,3278.93,0.9798292104121092,-59.72000000000006
KXBTC,1,last,rolling,none,5,all,yes,57,-9.35578947368421,-533.28,-1.9698320452354674,17,-6.804705882352941,-115.67999999999999,-0.6393891286740703,30,-7.5293333333333345,-225.88000000000002,-1.5199660233493322,-180.28
KXBTC,1,last,rolling,none,5,all,no,39,7.24846153846154,282.69000000000005,2.1789035204865055,6,-32.65166666666667,-195.91000000000003,-1.0430272972390426,87,40.285172413793106,3504.81,1.0429895643590164,120.56
KXBTC,1,last,rolling,none,5,cheap,both,2,-6.38,-12.76,,3,-14.5,-43.5,,6,-13.445,-80.67,-4.646118245575159,-66.87
KXBTC,1,last,rolling,none,5,cheap,yes,2,-6.38,-12.76,,3,-14.5,-43.5,,6,-13.445,-80.67,-4.646118245575159,-66.87
KXBTC,1,last,rolling,none,5,cheap,no,0,,0.0,,0,,0.0,,0,,0.0,,0.0
KXBTC,1,last,rolling,none,5,middle,both,86,-3.8019767441860477,-326.9700000000001,-1.123688211467583,19,-14.553157894736842,-276.51,-0.8163421263869541,104,31.809326923076924,3308.17,0.984663803044293,-44.28000000000001
KXBTC,1,last,rolling,none,5,middle,yes,54,-9.900370370370368,-534.6199999999999,-1.9732928549974065,14,-5.155714285714284,-72.17999999999998,-0.383191000286676,24,-6.050416666666667,-145.21,-0.9777082797156758,-113.41
KXBTC,1,last,rolling,none,5,middle,no,32,6.489062500000001,207.65000000000003,1.4468121065635378,5,-40.866,-204.33,-1.0953976752808527,80,43.16725,3453.38,1.0309267191942888,69.13
KXBTC,1,last,rolling,none,10,all,both,27,6.095925925925927,164.59000000000003,1.138721561739222,5,-9.378,-46.89,-0.5134388504338038,82,41.679756097560976,3417.74,1.0177197366659476,49.39
KXBTC,1,last,rolling,none,10,all,yes,20,3.0435000000000003,60.870000000000005,0.3669880143035791,5,-9.378,-46.89,-0.5134388504338038,5,6.698,33.49,0.26665166946217994,49.39
KXBTC,1,last,rolling,none,10,all,no,7,14.817142857142857,103.72,0.9213376527187535,0,,0.0,,77,43.951298701298704,3384.25,,0.0
KXBTC,1,last,rolling,none,10,cheap,both,1,-11.69,-11.69,,0,,0.0,,0,,0.0,,0.0
KXBTC,1,last,rolling,none,10,cheap,yes,1,-11.69,-11.69,,0,,0.0,,0,,0.0,,0.0
KXBTC,1,last,rolling,none,10,cheap,no,0,,0.0,,0,,0.0,,0,,0.0,,0.0
KXBTC,1,last,rolling,none,10,middle,both,25,6.4872000000000005,162.18,1.1832414694381852,5,-9.378,-46.89,-0.5134388504338038,82,41.679756097560976,3417.74,1.0177197366659476,49.39
KXBTC,1,last,rolling,none,10,middle,yes,18,3.247777777777779,58.46000000000002,0.3649953927647612,5,-9.378,-46.89,-0.5134388504338038,5,6.698,33.49,0.26665166946217994,49.39
KXBTC,1,last,rolling,none,10,middle,no,7,14.817142857142857,103.72,0.9213376527187535,0,,0.0,,77,43.951298701298704,3384.25,,0.0
KXBTC,1,last,rolling,volview,2,all,both,182,-1.1383516483516474,-207.17999999999984,-0.42040623130281096,113,-9.123893805309736,-1031.0000000000002,-4.222124999357283,245,12.130244897959185,2971.9100000000003,0.8941072596939325,-285.9299999999999
KXBTC,1,last,rolling,volview,2,all,yes,91,-6.222527472527471,-566.2499999999999,-1.4729297491172317,78,-11.861923076923079,-925.2300000000001,-3.214824143697048,78,-5.933461538461539,-462.81,-1.0341735210953311,-380.2199999999999
KXBTC,1,last,rolling,volview,2,all,no,91,3.945824175824175,359.06999999999994,1.046482708613487,35,-3.022,-105.77,-0.5711259293321013,167,20.567185628742518,3434.7200000000003,1.0270418728189517,94.29000000000009
KXBTC,1,last,rolling,volview,2,cheap,both,13,-4.236923076923078,-55.080000000000005,-0.5659926988438192,14,-12.891428571428571,-180.48,-4.405581113618785,17,-12.307058823529411,-209.22,-3.4287498525347533,-199.64
KXBTC,1,last,rolling,volview,2,cheap,yes,13,-4.236923076923078,-55.080000000000005,-0.5659926988438192,14,-12.891428571428571,-180.48,-4.405581113618785,17,-12.307058823529411,-209.22,-3.4287498525347533,-199.64
KXBTC,1,last,rolling,volview,2,cheap,no,0,,0.0,,0,,0.0,,0,,0.0,,0.0
KXBTC,1,last,rolling,volview,2,middle,both,132,-2.0646212121212124,-272.53000000000003,-0.540295178416122,73,-12.997671232876712,-948.8299999999999,-3.7404067155166296,149,21.586510067114094,3216.39,0.9607567705574791,-94.84999999999998
KXBTC,1,last,rolling,volview,2,middle,yes,78,-6.553461538461537,-511.1699999999999,-1.466810797629173,64,-11.63671875,-744.75,-2.5535125664890232,61,-4.157213114754098,-253.59,-0.6028897661195328,-180.58
KXBTC,1,last,rolling,volview,2,middle,no,54,4.41925925925926,238.64000000000001,0.6961922577575738,9,-22.675555555555558,-204.08,-1.3201924415110557,88,39.43159090909091,3469.98,1.0331732156379543,85.73
KXBTC,1,last,rolling,volview,5,all,both,70,-2.577142857142856,-180.39999999999992,-0.6494830137923994,18,-17.649444444444445,-317.69,-1.40000633273496,114,28.839912280701753,3287.75,0.9781580315052291,-64.7
KXBTC,1,last,rolling,volview,5,all,yes,43,-10.34093023255814,-444.66,-1.671986964165273,14,-11.279285714285717,-157.91000000000003,-1.078488485679395,28,-7.043928571428572,-197.23000000000002,-1.2718296684825396,-165.43
KXBTC,1,last,rolling,volview,5,all,no,27,9.787407407407409,264.26000000000005,1.9930620757926905,4,-39.94500000000001,-159.78000000000003,,86,40.52302325581395,3484.98,1.0358597125090512,100.73
KXBTC,1,last,rolling,volview,5,cheap,both,1,-11.69,-11.69,,3,-14.5,-43.5,,4,-13.005,-52.02,-2.802392142289293,-52.02
KXBTC,1,last,rolling,volview,5,cheap,yes,1,-11.69,-11.69,,3,-14.5,-43.5,,4,-13.005,-52.02,-2.802392142289293,-52.02
KXBTC,1,last,rolling,volview,5,cheap,no,0,,0.0,,0,,0.0,,0,,0.0,,0.0
KXBTC,1,last,rolling,volview,5,middle,both,62,-3.931451612903225,-243.74999999999994,-0.8708042849747134,14,-20.18642857142857,-282.61,-1.1873793340532504,103,31.925631067961167,3288.34,0.978106591996893,-64.11
KXBTC,1,last,rolling,volview,5,middle,yes,42,-10.308809523809524,-432.97,-1.6275685894737764,11,-10.400909090909089,-114.40999999999998,-0.7252627887122057,24,-6.050416666666667,-145.21,-0.9777082797156758,-113.41
KXBTC,1,last,rolling,volview,5,middle,no,20,9.461000000000002,189.22000000000003,1.3305035004208414,3,-56.06666666666667,-168.20000000000002,,79,43.4626582278481,3433.55,,49.3
KXBTC,1,last,rolling,volview,10,all,both,19,4.8752631578947385,92.63000000000002,0.6129817736718854,4,-18.855,-75.42,-0.9623202854760673,82,41.679756097560976,3417.74,1.0177197366659476,49.39
KXBTC,1,last,rolling,volview,10,all,yes,15,-0.4573333333333314,-6.859999999999971,-0.04243629412238801,4,-18.855,-75.42,-0.9623202854760673,5,6.698,33.49,0.26665166946217994,49.39
KXBTC,1,last,rolling,volview,10,all,no,4,24.872500000000002,99.49000000000001,1.5550573097803289,0,,0.0,,77,43.951298701298704,3384.25,,0.0
KXBTC,1,last,rolling,volview,10,cheap,both,1,-11.69,-11.69,,0,,0.0,,0,,0.0,,0.0
KXBTC,1,last,rolling,volview,10,cheap,yes,1,-11.69,-11.69,,0,,0.0,,0,,0.0,,0.0
KXBTC,1,last,rolling,volview,10,cheap,no,0,,0.0,,0,,0.0,,0,,0.0,,0.0
KXBTC,1,last,rolling,volview,10,middle,both,18,5.7955555555555565,104.32000000000002,0.6943560455429962,4,-18.855,-75.42,-0.9623202854760673,82,41.679756097560976,3417.74,1.0177197366659476,49.39
KXBTC,1,last,rolling,volview,10,middle,yes,14,0.3450000000000009,4.8300000000000125,0.029778905576157946,4,-18.855,-75.42,-0.9623202854760673,5,6.698,33.49,0.26665166946217994,49.39
KXBTC,1,last,rolling,volview,10,middle,no,4,24.872500000000002,99.49000000000001,1.5550573097803289,0,,0.0,,77,43.951298701298704,3384.25,,0.0
KXBTC,1,last,rolling,shrink25,2,all,both,5,12.236,61.18000000000001,0.8986886164697252,0,,0.0,,78,42.60961538461539,3323.55,,-60.7
KXBTC,1,last,rolling,shrink25,2,all,yes,5,12.236,61.18000000000001,0.8986886164697252,0,,0.0,,1,-60.7,-60.7,,-60.7
KXBTC,1,last,rolling,shrink25,2,all,no,0,,0.0,,0,,0.0,,77,43.951298701298704,3384.25,,0.0
KXBTC,1,last,rolling,shrink25,2,cheap,both,1,-11.69,-11.69,,0,,0.0,,0,,0.0,,0.0
KXBTC,1,last,rolling,shrink25,2,cheap,yes,1,-11.69,-11.69,,0,,0.0,,0,,0.0,,0.0
KXBTC,1,last,rolling,shrink25,2,cheap,no,0,,0.0,,0,,0.0,,0,,0.0,,0.0
KXBTC,1,last,rolling,shrink25,2,middle,both,4,18.217500000000005,72.87000000000002,1.1537127741098765,0,,0.0,,78,42.60961538461539,3323.55,,-60.7
KXBTC,1,last,rolling,shrink25,2,middle,yes,4,18.217500000000005,72.87000000000002,1.1537127741098765,0,,0.0,,1,-60.7,-60.7,,-60.7
KXBTC,1,last,rolling,shrink25,2,middle,no,0,,0.0,,0,,0.0,,77,43.951298701298704,3384.25,,0.0
KXBTC,1,last,rolling,shrink25,5,all,both,0,,0.0,,0,,0.0,,77,43.951298701298704,3384.25,,0.0
KXBTC,1,last,rolling,shrink25,5,all,yes,0,,0.0,,0,,0.0,,0,,0.0,,0.0
KXBTC,1,last,rolling,shrink25,5,all,no,0,,0.0,,0,,0.0,,77,43.951298701298704,3384.25,,0.0
KXBTC,1,last,rolling,shrink25,5,cheap,both,0,,0.0,,0,,0.0,,0,,0.0,,0.0
KXBTC,1,last,rolling,shrink25,5,cheap,yes,0,,0.0,,0,,0.0,,0,,0.0,,0.0
KXBTC,1,last,rolling,shrink25,5,cheap,no,0,,0.0,,0,,0.0,,0,,0.0,,0.0
KXBTC,1,last,rolling,shrink25,5,middle,both,0,,0.0,,0,,0.0,,77,43.951298701298704,3384.25,,0.0
KXBTC,1,last,rolling,shrink25,5,middle,yes,0,,0.0,,0,,0.0,,0,,0.0,,0.0
KXBTC,1,last,rolling,shrink25,5,middle,no,0,,0.0,,0,,0.0,,77,43.951298701298704,3384.25,,0.0
KXBTC,1,last,rolling,shrink25,10,all,both,0,,0.0,,0,,0.0,,0,,0.0,,0.0
KXBTC,1,last,rolling,shrink25,10,all,yes,0,,0.0,,0,,0.0,,0,,0.0,,0.0
KXBTC,1,last,rolling,shrink25,10,all,no,0,,0.0,,0,,0.0,,0,,0.0,,0.0
KXBTC,1,last,rolling,shrink25,10,cheap,both,0,,0.0,,0,,0.0,,0,,0.0,,0.0
KXBTC,1,last,rolling,shrink25,10,cheap,yes,0,,0.0,,0,,0.0,,0,,0.0,,0.0
KXBTC,1,last,rolling,shrink25,10,cheap,no,0,,0.0,,0,,0.0,,0,,0.0,,0.0
KXBTC,1,last,rolling,shrink25,10,middle,both,0,,0.0,,0,,0.0,,0,,0.0,,0.0
KXBTC,1,last,rolling,shrink25,10,middle,yes,0,,0.0,,0,,0.0,,0,,0.0,,0.0
KXBTC,1,last,rolling,shrink25,10,middle,no,0,,0.0,,0,,0.0,,0,,0.0,,0.0
KXBTC,1,last,rolling,shrink50,2,all,both,45,4.8131111111111125,216.59000000000006,0.9677429557634433,17,-14.315882352941175,-243.36999999999998,-1.4197932860211266,98,35.16255102040816,3445.93,1.0240584265805566,77.58000000000001
KXBTC,1,last,rolling,shrink50,2,all,yes,30,-1.0879999999999985,-32.63999999999996,-0.16178754927428518,13,-13.13846153846154,-170.8,-1.4696732603610956,15,0.547333333333333,8.209999999999996,0.051239476523562956,24.109999999999996
KXBTC,1,last,rolling,shrink50,2,all,no,15,16.615333333333336,249.23000000000002,2.570270175872095,4,-18.142500000000002,-72.57000000000001,-0.872150636885243,83,41.418313253012045,3437.72,1.0211669038325728,53.47
KXBTC,1,last,rolling,shrink50,2,cheap,both,2,-6.38,-12.76,,2,-14.325000000000001,-28.650000000000002,,2,-11.16,-22.32,,-22.32
KXBTC,1,last,rolling,shrink50,2,cheap,yes,2,-6.38,-12.76,,2,-14.325000000000001,-28.650000000000002,,2,-11.16,-22.32,,-22.32
KXBTC,1,last,rolling,shrink50,2,cheap,no,0,,0.0,,0,,0.0,,0,,0.0,,0.0
KXBTC,1,last,rolling,shrink50,2,middle,both,39,4.628717948717949,180.52,0.7803246141834802,14,-15.938571428571427,-223.14,-1.2754141438104378,91,37.74296703296704,3434.61,1.0210431804215259,66.26
KXBTC,1,last,rolling,shrink50,2,middle,yes,27,-1.258518518518517,-33.97999999999996,-0.16820583694235927,11,-12.92272727272727,-142.14999999999998,-1.2233739915287831,13,2.3484615384615393,30.53000000000001,0.18935444355689302,46.43000000000001
KXBTC,1,last,rolling,shrink50,2,middle,no,12,17.875000000000004,214.50000000000003,2.2117038230405313,3,-26.99666666666667,-80.99000000000001,-0.9365690355870706,78,43.642051282051284,3404.08,,19.83
KXBTC,1,last,rolling,shrink50,5,all,both,7,21.57714285714286,151.04000000000002,1.6061584207008919,1,-22.17,-22.17,,80,43.145375,3451.63,1.0260731799799994,67.38
KXBTC,1,last,rolling,shrink50,5,all,yes,7,21.57714285714286,151.04000000000002,1.6061584207008919,1,-22.17,-22.17,,3,22.459999999999997,67.38,0.5305255271014515,67.38
KXBTC,1,last,rolling,shrink50,5,all,no,0,,0.0,,0,,0.0,,77,43.951298701298704,3384.25,,0.0
KXBTC,1,last,rolling,shrink50,5,cheap,both,1,-11.69,-11.69,,0,,0.0,,0,,0.0,,0.0
KXBTC,1,last,rolling,shrink50,5,cheap,yes,1,-11.69,-11.69,,0,,0.0,,0,,0.0,,0.0
KXBTC,1,last,rolling,shrink50,5,cheap,no,0,,0.0,,0,,0.0,,0,,0.0,,0.0
KXBTC,1,last,rolling,shrink50,5,middle,both,5,29.726000000000006,148.63000000000002,1.7700125680688232,1,-22.17,-22.17,,80,43.145375,3451.63,1.0260731799799994,67.38
KXBTC,1,last,rolling,shrink50,5,middle,yes,5,29.726000000000006,148.63000000000002,1.7700125680688232,1,-22.17,-22.17,,3,22.459999999999997,67.38,0.5305255271014515,67.38
KXBTC,1,last,rolling,shrink50,5,middle,no,0,,0.0,,0,,0.0,,77,43.951298701298704,3384.25,,0.0
KXBTC,1,last,rolling,shrink50,10,all,both,0,,0.0,,0,,0.0,,77,43.951298701298704,3384.25,,0.0
KXBTC,1,last,rolling,shrink50,10,all,yes,0,,0.0,,0,,0.0,,0,,0.0,,0.0
KXBTC,1,last,rolling,shrink50,10,all,no,0,,0.0,,0,,0.0,,77,43.951298701298704,3384.25,,0.0
KXBTC,1,last,rolling,shrink50,10,cheap,both,0,,0.0,,0,,0.0,,0,,0.0,,0.0
KXBTC,1,last,rolling,shrink50,10,cheap,yes,0,,0.0,,0,,0.0,,0,,0.0,,0.0
KXBTC,1,last,rolling,shrink50,10,cheap,no,0,,0.0,,0,,0.0,,0,,0.0,,0.0
KXBTC,1,last,rolling,shrink50,10,middle,both,0,,0.0,,0,,0.0,,77,43.951298701298704,3384.25,,0.0
KXBTC,1,last,rolling,shrink50,10,middle,yes,0,,0.0,,0,,0.0,,0,,0.0,,0.0
KXBTC,1,last,rolling,shrink50,10,middle,no,0,,0.0,,0,,0.0,,77,43.951298701298704,3384.25,,0.0
KXBTC,5,last,rolling,none,2,all,both,564,-2.081843971631205,-1174.1599999999996,-1.0516147584204005,254,-4.747952755905512,-1205.98,-2.21759966260554,261,-2.0349425287356318,-531.1199999999999,-0.7378687963164794,-194.36000000000004
KXBTC,5,last,rolling,none,2,all,yes,259,-0.4283011583011579,-110.9299999999999,-0.17559130459431072,156,-7.604871794871796,-1186.3600000000001,-3.0283522872652133,147,-1.4117006802721086,-207.51999999999995,-0.4215857902590113,-83.54999999999998
KXBTC,5,last,rolling,none,2,all,no,305,-3.486,-1063.23,-1.5758326551710629,98,-0.2002040816326534,-19.620000000000033,-0.05061702429565733,114,-2.8385964912280692,-323.5999999999999,-1.0178959061479889,-110.81000000000002
KXBTC,5,last,rolling,none,2,cheap,both,66,6.048181818181819,399.18000000000006,1.6484521295018397,42,-4.113809523809524,-172.78,-1.0953732807695666,49,-4.210816326530612,-206.32999999999996,-1.2355770768039158,-171.27
KXBTC,5,last,rolling,none,2,cheap,yes,65,6.272307692307693,407.70000000000005,1.693639399023035,42,-4.113809523809524,-172.78,-1.0953732807695666,49,-4.210816326530612,-206.32999999999996,-1.2355770768039158,-171.27
KXBTC,5,last,rolling,none,2,cheap,no,1,-8.519999999999996,-8.519999999999996,,0,,0.0,,0,,0.0,,0.0
KXBTC,5,last,rolling,none,2,middle,both,356,-2.7095505617977533,-964.6000000000001,-1.1496612056776245,153,-7.728758169934641,-1182.5,-2.4803291165770984,123,-3.5776422764227647,-440.05000000000007,-0.7634086813457596,-267.15
KXBTC,5,last,rolling,none,2,middle,yes,193,-2.7259585492227987,-526.1100000000001,-0.8818678683995854,114,-8.891052631578948,-1013.5799999999999,-2.7787605608261785,98,-0.012142857142857845,-1.1900000000000688,-0.0028077253767055375,87.71999999999998
KXBTC,5,last,rolling,none,2,middle,no,163,-2.6901226993865017,-438.4899999999998,-0.8856264250754434,39,-4.3312820512820505,-168.91999999999996,-0.4384343766935534,25,-17.554399999999998,-438.85999999999996,-1.8014431521294274,-354.86999999999995
KXBTC,5,last,rolling,none,5,all,both,163,-7.793803680981594,-1270.3899999999999,-1.764117231451264,53,-7.888867924528301,-418.10999999999996,-1.2504776089459662,62,3.624516129032257,224.71999999999994,0.6558290249398552,291.4300000000001
KXBTC,5,last,rolling,none,5,all,yes,88,-11.798181818181815,-1038.2399999999998,-2.291100848565571,39,-1.5120512820512817,-58.969999999999985,-0.28304690588717873,53,3.2024528301886797,169.73000000000002,0.5072848101765671,236.44000000000003
KXBTC,5,last,rolling,none,5,all,no,75,-3.095333333333334,-232.15000000000003,-0.5321658355078015,14,-25.65285714285714,-359.14,-1.8962903758368146,9,6.110000000000001,54.99000000000001,0.4273347305217815,54.99000000000001
KXBTC,5,last,rolling,none,5,cheap,both,5,7.892000000000001,39.46000000000001,0.40803460162450744,7,1.8471428571428568,12.929999999999998,0.11342860518927307,11,-4.13,-45.43,-0.4182081929654987,-32.69
KXBTC,5,last,rolling,none,5,cheap,yes,4,11.995000000000001,47.980000000000004,0.49156884740221213,7,1.8471428571428568,12.929999999999998,0.11342860518927307,11,-4.13,-45.43,-0.4182081929654987,-32.69
KXBTC,5,last,rolling,none,5,cheap,no,1,-8.519999999999996,-8.519999999999996,,0,,0.0,,0,,0.0,,0.0
KXBTC,5,last,rolling,none,5,middle,both,143,-8.183496503496501,-1170.2399999999998,-1.9027825021747453,42,-8.796904761904765,-369.4700000000001,-1.2157254311476833,47,7.038297872340425,330.79999999999995,1.3275349951682014,384.77
KXBTC,5,last,rolling,none,5,middle,yes,83,-13.17710843373494,-1093.7,-2.4649826358807054,32,-2.246875000000001,-71.90000000000003,-0.38168112108434343,42,5.122857142857142,215.15999999999997,0.8046329516384537,269.13
KXBTC,5,last,rolling,none,5,middle,no,60,-1.2756666666666667,-76.54,-0.19296480963054427,10,-29.757000000000005,-297.57000000000005,-1.4096286535258165,5,23.128,115.64,2.948949293913173,115.64
KXBTC,5,last,rolling,none,10,all,both,37,-7.077297297297298,-261.86,-0.8847782552687915,6,-9.165,-54.989999999999995,,10,-9.484,-94.84,-0.6888649935383805,-78.94
KXBTC,5,last,rolling,none,10,all,yes,30,-14.729666666666667,-441.89,-1.1600172166580294,5,-1.0479999999999996,-5.239999999999998,,10,-9.484,-94.84,-0.6888649935383805,-78.94
KXBTC,5,last,rolling,none,10,all,no,7,25.718571428571426,180.02999999999997,1.8436137204429968,1,-49.75,-49.75,,0,,0.0,,0.0
KXBTC,5,last,rolling,none,10,cheap,both,0,,0.0,,0,,0.0,,1,-14.850000000000001,-14.850000000000001,,-14.850000000000001
KXBTC,5,last,rolling,none,10,cheap,yes,0,,0.0,,0,,0.0,,1,-14.850000000000001,-14.850000000000001,,-14.850000000000001
KXBTC,5,last,rolling,none,10,cheap,no,0,,0.0,,0,,0.0,,0,,0.0,,0.0
KXBTC,5,last,rolling,none,10,middle,both,37,-7.077297297297298,-261.86,-0.8847782552687915,6,-9.165,-54.989999999999995,,9,-8.887777777777776,-79.98999999999998,-0.5752214958047396,-64.08999999999997
KXBTC,5,last,rolling,none,10,middle,yes,30,-14.729666666666667,-441.89,-1.1600172166580294,5,-1.0479999999999996,-5.239999999999998,,9,-8.887777777777776,-79.98999999999998,-0.5752214958047396,-64.08999999999997
KXBTC,5,last,rolling,none,10,middle,no,7,25.718571428571426,180.02999999999997,1.8436137204429968,1,-49.75,-49.75,,0,,0.0,,0.0
KXBTC,5,last,rolling,volview,2,all,both,345,-3.0450724637681152,-1050.5499999999997,-1.058298037039483,206,-3.9789320388349507,-819.6599999999999,-1.7799109307127146,213,0.21342723004694886,45.46000000000011,0.0695898491642216,285.49
KXBTC,5,last,rolling,volview,2,all,yes,150,-2.9788,-446.82000000000005,-0.7942386694466156,126,-6.995317460317458,-881.4099999999997,-2.45593516918531,121,0.059421487603306414,7.190000000000076,0.015475312816056663,118.42000000000002
KXBTC,5,last,rolling,volview,2,all,no,195,-3.09605128205128,-603.7299999999997,-1.0426431588565608,80,0.7718750000000008,61.75000000000006,0.20725473890841287,92,0.41597826086956546,38.270000000000024,0.14235826481526245,167.06999999999996
KXBTC,5,last,rolling,volview,2,cheap,both,44,6.484772727272728,285.33000000000004,1.2494985405371375,36,-3.291944444444444,-118.50999999999998,-0.7379012074941468,37,-1.5870270270270261,-58.71999999999997,-0.35013848762481004,-36.39999999999998
KXBTC,5,last,rolling,volview,2,cheap,yes,44,6.484772727272728,285.33000000000004,1.2494985405371375,36,-3.291944444444444,-118.50999999999998,-0.7379012074941468,37,-1.5870270270270261,-58.71999999999997,-0.35013848762481004,-36.39999999999998
KXBTC,5,last,rolling,volview,2,cheap,no,0,,0.0,,0,,0.0,,0,,0.0,,0.0
KXBTC,5,last,rolling,volview,2,middle,both,209,-4.866507177033492,-1017.0999999999999,-1.4990698718271356,120,-7.29625,-875.55,-2.1643128259170954,96,-0.46541666666666576,-44.679999999999914,-0.09114208098683206,44.230000000000004
KXBTC,5,last,rolling,volview,2,middle,yes,105,-7.044095238095238,-739.63,-1.4493912176664974,90,-8.476666666666667,-762.9,-2.4583795083916375,84,0.7846428571428576,65.91000000000004,0.1775540174491368,154.81999999999996
KXBTC,5,last,rolling,volview,2,middle,no,104,-2.667980769230769,-277.46999999999997,-0.6907418872495391,30,-3.7549999999999994,-112.64999999999998,-0.37972542119072067,12,-9.215833333333332,-110.58999999999999,-0.5166377261168448,-110.58999999999999
KXBTC,5,last,rolling,volview,5,all,both,126,-9.645555555555557,-1215.3400000000001,-1.9453145646828387,49,-9.573877551020407,-469.12,-1.3787110197300103,58,4.970172413793105,288.2700000000001,0.8760809169984297,354.9800000000001
KXBTC,5,last,rolling,volview,5,all,yes,63,-15.86396825396825,-999.4299999999998,-2.5324896391894822,35,-3.142285714285714,-109.97999999999999,-0.5755797929242393,49,4.760816326530613,233.28000000000006,0.7290316632711235,299.99
KXBTC,5,last,rolling,volview,5,all,no,63,-3.4271428571428575,-215.91000000000003,-0.6304289107805584,14,-25.65285714285714,-359.14,-1.8962903758368146,9,6.110000000000001,54.99000000000001,0.4273347305217815,54.99000000000001
KXBTC,5,last,rolling,volview,5,cheap,both,4,11.995000000000001,47.980000000000004,0.49156884740221213,6,3.2216666666666662,19.33,0.16499100685479393,9,-2.2166666666666663,-19.949999999999996,-0.1900483307098602,-7.209999999999994
KXBTC,5,last,rolling,volview,5,cheap,yes,4,11.995000000000001,47.980000000000004,0.49156884740221213,6,3.2216666666666662,19.33,0.16499100685479393,9,-2.2166666666666663,-19.949999999999996,-0.1900483307098602,-7.209999999999994
KXBTC,5,last,rolling,volview,5,cheap,no,0,,0.0,,0,,0.0,,0,,0.0,,0.0
KXBTC,5,last,rolling,volview,5,middle,both,108,-10.317962962962966,-1114.3400000000004,-2.157694995688556,39,-10.945641025641027,-426.88000000000005,-1.3607242957553602,45,8.19711111111111,368.8699999999999,1.5566243709131748,422.8399999999999
KXBTC,5,last,rolling,volview,5,middle,yes,58,-18.187758620689657,-1054.89,-2.754057362385282,29,-4.4589655172413805,-129.31000000000003,-0.771503510627895,40,6.330749999999999,253.22999999999996,0.9851363858191214,307.20000000000005
KXBTC,5,last,rolling,volview,5,middle,no,50,-1.189000000000003,-59.450000000000145,-0.2116147358903796,10,-29.757000000000005,-297.57000000000005,-1.4096286535258165,5,23.128,115.64,2.948949293913173,115.64
KXBTC,5,last,rolling,volview,10,all,both,30,-11.657333333333334,-349.72,-1.2871629041417014,5,-16.704,-83.52,,10,-9.484,-94.84,-0.6888649935383805,-78.94
KXBTC,5,last,rolling,volview,10,all,yes,23,-23.03260869565218,-529.7500000000001,-1.5401669527346453,4,-8.442499999999999,-33.769999999999996,,10,-9.484,-94.84,-0.6888649935383805,-78.94
KXBTC,5,last,rolling,volview,10,all,no,7,25.718571428571426,180.02999999999997,1.8436137204429968,1,-49.75,-49.75,,0,,0.0,,0.0
KXBTC,5,last,rolling,volview,10,cheap,both,0,,0.0,,0,,0.0,,1,-14.850000000000001,-14.850000000000001,,-14.850000000000001
KXBTC,5,last,rolling,volview,10,cheap,yes,0,,0.0,,0,,0.0,,1,-14.850000000000001,-14.850000000000001,,-14.850000000000001
KXBTC,5,last,rolling,volview,10,cheap,no,0,,0.0,,0,,0.0,,0,,0.0,,0.0
KXBTC,5,last,rolling,volview,10,middle,both,30,-11.657333333333334,-349.72,-1.2871629041417014,5,-16.704,-83.52,,9,-8.887777777777776,-79.98999999999998,-0.5752214958047396,-64.08999999999997
KXBTC,5,last,rolling,volview,10,middle,yes,23,-23.03260869565218,-529.7500000000001,-1.5401669527346453,4,-8.442499999999999,-33.769999999999996,,9,-8.887777777777776,-79.98999999999998,-0.5752214958047396,-64.08999999999997
KXBTC,5,last,rolling,volview,10,middle,no,7,25.718571428571426,180.02999999999997,1.8436137204429968,1,-49.75,-49.75,,0,,0.0,,0.0
KXBTC,5,last,rolling,shrink25,2,all,both,10,-9.233999999999998,-92.33999999999999,-0.39000347514039874,1,-21.12,-21.12,,3,-0.606666666666665,-1.819999999999995,-0.015014396840064564,-1.819999999999995
KXBTC,5,last,rolling,shrink25,2,all,yes,10,-9.233999999999998,-92.33999999999999,-0.39000347514039874,1,-21.12,-21.12,,3,-0.606666666666665,-1.819999999999995,-0.015014396840064564,-1.819999999999995
KXBTC,5,last,rolling,shrink25,2,all,no,0,,0.0,,0,,0.0,,0,,0.0,,0.0
KXBTC,5,last,rolling,shrink25,2,cheap,both,0,,0.0,,0,,0.0,,0,,0.0,,0.0
KXBTC,5,last,rolling,shrink25,2,cheap,yes,0,,0.0,,0,,0.0,,0,,0.0,,0.0
KXBTC,5,last,rolling,shrink25,2,cheap,no,0,,0.0,,0,,0.0,,0,,0.0,,0.0
KXBTC,5,last,rolling,shrink25,2,middle,both,10,-9.233999999999998,-92.33999999999999,-0.39000347514039874,1,-21.12,-21.12,,3,-0.606666666666665,-1.819999999999995,-0.015014396840064564,-1.819999999999995
KXBTC,5,last,rolling,shrink25,2,middle,yes,10,-9.233999999999998,-92.33999999999999,-0.39000347514039874,1,-21.12,-21.12,,3,-0.606666666666665,-1.819999999999995,-0.015014396840064564,-1.819999999999995
KXBTC,5,last,rolling,shrink25,2,middle,no,0,,0.0,,0,,0.0,,0,,0.0,,0.0
KXBTC,5,last,rolling,shrink25,5,all,both,0,,0.0,,0,,0.0,,0,,0.0,,0.0
KXBTC,5,last,rolling,shrink25,5,all,yes,0,,0.0,,0,,0.0,,0,,0.0,,0.0
KXBTC,5,last,rolling,shrink25,5,all,no,0,,0.0,,0,,0.0,,0,,0.0,,0.0
KXBTC,5,last,rolling,shrink25,5,cheap,both,0,,0.0,,0,,0.0,,0,,0.0,,0.0
KXBTC,5,last,rolling,shrink25,5,cheap,yes,0,,0.0,,0,,0.0,,0,,0.0,,0.0
KXBTC,5,last,rolling,shrink25,5,cheap,no,0,,0.0,,0,,0.0,,0,,0.0,,0.0
KXBTC,5,last,rolling,shrink25,5,middle,both,0,,0.0,,0,,0.0,,0,,0.0,,0.0
KXBTC,5,last,rolling,shrink25,5,middle,yes,0,,0.0,,0,,0.0,,0,,0.0,,0.0
KXBTC,5,last,rolling,shrink25,5,middle,no,0,,0.0,,0,,0.0,,0,,0.0,,0.0
KXBTC,5,last,rolling,shrink25,10,all,both,0,,0.0,,0,,0.0,,0,,0.0,,0.0
KXBTC,5,last,rolling,shrink25,10,all,yes,0,,0.0,,0,,0.0,,0,,0.0,,0.0
KXBTC,5,last,rolling,shrink25,10,all,no,0,,0.0,,0,,0.0,,0,,0.0,,0.0
KXBTC,5,last,rolling,shrink25,10,cheap,both,0,,0.0,,0,,0.0,,0,,0.0,,0.0
KXBTC,5,last,rolling,shrink25,10,cheap,yes,0,,0.0,,0,,0.0,,0,,0.0,,0.0
KXBTC,5,last,rolling,shrink25,10,cheap,no,0,,0.0,,0,,0.0,,0,,0.0,,0.0
KXBTC,5,last,rolling,shrink25,10,middle,both,0,,0.0,,0,,0.0,,0,,0.0,,0.0
KXBTC,5,last,rolling,shrink25,10,middle,yes,0,,0.0,,0,,0.0,,0,,0.0,,0.0
KXBTC,5,last,rolling,shrink25,10,middle,no,0,,0.0,,0,,0.0,,0,,0.0,,0.0
KXBTC,5,last,rolling,shrink50,2,all,both,99,-6.101919191919191,-604.0899999999999,-1.0248237425125095,34,-9.098529411764705,-309.34999999999997,-1.1585554659935113,44,6.145,270.38,1.09625174517622,315.97
KXBTC,5,last,rolling,shrink50,2,all,yes,60,-9.359666666666666,-561.5799999999999,-1.217873882484,26,-1.7680769230769233,-45.970000000000006,-0.3055438453381186,37,3.8564864864864865,142.69,0.5572583351528828,188.28
KXBTC,5,last,rolling,shrink50,2,all,no,39,-1.0899999999999992,-42.50999999999997,-0.18331986244966716,8,-32.9225,-263.38,-1.9660582984851354,7,18.241428571428575,127.69000000000001,2.2308326292646865,127.69000000000001
KXBTC,5,last,rolling,shrink50,2,cheap,both,3,-11.686666666666666,-35.059999999999995,-6.395542501791826,6,4.629999999999999,27.779999999999994,0.2403968480314133,9,-1.9822222222222219,-17.839999999999996,-0.17596154265881914,-5.099999999999994
KXBTC,5,last,rolling,shrink50,2,cheap,yes,2,-13.27,-26.54,,6,4.629999999999999,27.779999999999994,0.2403968480314133,9,-1.9822222222222219,-17.839999999999996,-0.17596154265881914,-5.099999999999994
KXBTC,5,last,rolling,shrink50,2,cheap,no,1,-8.519999999999996,-8.519999999999996,,0,,0.0,,0,,0.0,,0.0
KXBTC,5,last,rolling,shrink50,2,middle,both,86,-4.316627906976743,-371.2299999999999,-0.8068131540907039,25,-10.6476,-266.19,-1.183133415503204,32,8.040312499999999,257.28999999999996,1.2907764003611415,290.14
KXBTC,5,last,rolling,shrink50,2,middle,yes,58,-9.224827586206896,-535.04,-1.1533016843377326,20,-3.6875,-73.75,-0.5974570582445399,28,5.733214285714285,160.53,0.7439699039954204,193.38
KXBTC,5,last,rolling,shrink50,2,middle,no,28,5.850357142857141,163.80999999999995,0.9818865189952385,5,-38.488,-192.44,-1.3379665528740368,4,24.19,96.76,2.47472862642884,96.76
KXBTC,5,last,rolling,shrink50,5,all,both,23,-7.094347826086959,-163.17000000000004,-0.5332649669048797,3,-27.673333333333332,-83.02,,5,-8.389999999999999,-41.949999999999996,-0.34607053293134,-41.949999999999996
KXBTC,5,last,rolling,shrink50,5,all,yes,21,-6.335714285714287,-133.05000000000004,-0.43183745536900175,3,-27.673333333333332,-83.02,,5,-8.389999999999999,-41.949999999999996,-0.34607053293134,-41.949999999999996
KXBTC,5,last,rolling,shrink50,5,all,no,2,-15.059999999999999,-30.119999999999997,,0,,0.0,,0,,0.0,,0.0
KXBTC,5,last,rolling,shrink50,5,cheap,both,0,,0.0,,0,,0.0,,1,-14.850000000000001,-14.850000000000001,,-14.850000000000001
KXBTC,5,last,rolling,shrink50,5,cheap,yes,0,,0.0,,0,,0.0,,1,-14.850000000000001,-14.850000000000001,,-14.850000000000001
KXBTC,5,last,rolling,shrink50,5,cheap,no,0,,0.0,,0,,0.0,,0,,0.0,,0.0
KXBTC,5,last,rolling,shrink50,5,middle,both,23,-7.094347826086959,-163.17000000000004,-0.5332649669048797,3,-27.673333333333332,-83.02,,4,-6.774999999999999,-27.099999999999994,-0.211021283596629,-27.099999999999994
KXBTC,5,last,rolling,shrink50,5,middle,yes,21,-6.335714285714287,-133.05000000000004,-0.43183745536900175,3,-27.673333333333332,-83.02,,4,-6.774999999999999,-27.099999999999994,-0.211021283596629,-27.099999999999994
KXBTC,5,last,rolling,shrink50,5,middle,no,2,-15.059999999999999,-30.119999999999997,,0,,0.0,,0,,0.0,,0.0
KXBTC,5,last,rolling,shrink50,10,all,both,0,,0.0,,0,,0.0,,0,,0.0,,0.0
KXBTC,5,last,rolling,shrink50,10,all,yes,0,,0.0,,0,,0.0,,0,,0.0,,0.0
KXBTC,5,last,rolling,shrink50,10,all,no,0,,0.0,,0,,0.0,,0,,0.0,,0.0
KXBTC,5,last,rolling,shrink50,10,cheap,both,0,,0.0,,0,,0.0,,0,,0.0,,0.0
KXBTC,5,last,rolling,shrink50,10,cheap,yes,0,,0.0,,0,,0.0,,0,,0.0,,0.0
KXBTC,5,last,rolling,shrink50,10,cheap,no,0,,0.0,,0,,0.0,,0,,0.0,,0.0
KXBTC,5,last,rolling,shrink50,10,middle,both,0,,0.0,,0,,0.0,,0,,0.0,,0.0
KXBTC,5,last,rolling,shrink50,10,middle,yes,0,,0.0,,0,,0.0,,0,,0.0,,0.0
KXBTC,5,last,rolling,shrink50,10,middle,no,0,,0.0,,0,,0.0,,0,,0.0,,0.0
KXBTC,15,last,rolling,none,2,all,both,676,-2.1396153846153845,-1446.3799999999999,-1.6852539273731404,325,-1.7049846153846153,-554.12,-0.8898747895493139,308,1.822012987012988,561.1800000000003,0.8403364473135219,706.0600000000002
KXBTC,15,last,rolling,none,2,all,yes,296,0.6402364864864865,189.51,0.30759238124063515,175,1.6842285714285714,294.74,0.526938191120565,173,4.625606936416186,800.2300000000001,1.9045021556433206,919.3000000000002
KXBTC,15,last,rolling,none,2,all,no,380,-4.304973684210526,-1635.8899999999999,-2.984584596623725,150,-5.659066666666666,-848.8599999999999,-2.5256887408321425,135,-1.7707407407407407,-239.05,-0.667034457415314,-213.24
KXBTC,15,last,rolling,none,2,cheap,both,95,-0.23473684210526252,-22.29999999999994,-0.0839233994332783,34,8.595294117647061,292.24000000000007,1.4169380660730295,63,8.781269841269841,553.22,1.8225636931380016,581.96
KXBTC,15,last,rolling,none,2,cheap,yes,95,-0.23473684210526252,-22.29999999999994,-0.0839233994332783,34,8.595294117647061,292.24000000000007,1.4169380660730295,63,8.781269841269841,553.22,1.8225636931380016,581.96
KXBTC,15,last,rolling,none,2,cheap,no,0,,0.0,,0,,0.0,,0,,0.0,,0.0
KXBTC,15,last,rolling,none,2,middle,both,421,-1.8018764845605704,-758.5900000000001,-0.9402652728547691,203,-3.548916256157636,-720.4300000000002,-1.4441519776874827,147,-0.10510204081632722,-15.450000000000102,-0.026399409969475342,56.95999999999998
KXBTC,15,last,rolling,none,2,middle,yes,200,0.9932999999999993,198.65999999999985,0.3364155759991031,141,0.01773049645390071,2.5,0.0060029665747375425,110,2.2455454545454554,247.0100000000001,0.5800108356042033,337.3400000000001
KXBTC,15,last,rolling,none,2,middle,no,221,-4.331447963800905,-957.2499999999999,-1.9740379692225285,62,-11.66016129032258,-722.93,-2.3457858988970783,37,-7.093513513513514,-262.46000000000004,-1.0622270901917799,-280.38000000000005
KXBTC,15,last,rolling,none,5,all,both,243,2.573333333333334,625.3200000000002,1.3016005577183452,85,0.28447058823529403,24.179999999999993,0.08112848243727606,73,-3.1736986301369856,-231.67999999999995,-0.6549627152522474,-177.70999999999998
KXBTC,15,last,rolling,none,5,all,yes,126,1.853968253968255,233.6000000000001,0.5090858116864421,62,0.36241935483870924,22.469999999999974,0.07909814983147605,62,1.2540322580645165,77.75000000000001,0.2902804690940707,131.72000000000003
KXBTC,15,last,rolling,none,5,all,no,117,3.348034188034189,391.7200000000001,0.9466642455955413,23,0.0743478260869574,1.7100000000000204,0.0144380048001416,11,-28.13,-309.43,-1.745939436729125,-309.43
KXBTC,15,last,rolling,none,5,cheap,both,14,12.084285714285715,169.18,1.2840139788227165,10,17.153,171.53,1.441583053356874,16,6.732500000000001,107.72000000000001,0.7272220359666853,107.72000000000001
KXBTC,15,last,rolling,none,5,cheap,yes,14,12.084285714285715,169.18,1.2840139788227165,10,17.153,171.53,1.441583053356874,16,6.732500000000001,107.72000000000001,0.7272220359666853,107.72000000000001
KXBTC,15,last,rolling,none,5,cheap,no,0,,0.0,,0,,0.0,,0,,0.0,,0.0
KXBTC,15,last,rolling,none,5,middle,both,203,1.0004926108374381,203.09999999999994,0.3929003327194543,65,-3.8975384615384607,-253.33999999999995,-1.0164642232732357,54,-5.111296296296296,-276.01,-0.8878446193590819,-222.03999999999996
KXBTC,15,last,rolling,none,5,middle,yes,111,0.4618918918918925,51.27000000000007,0.10591245669814679,52,-2.8665384615384615,-149.06,-0.6522955412566428,46,-0.6515217391304341,-29.96999999999997,-0.10905732835078724,24.000000000000014
KXBTC,15,last,rolling,none,5,middle,no,92,1.6503260869565222,151.83000000000004,0.37465895608829386,13,-8.021538461538462,-104.28,-0.7779954144764321,8,-30.755000000000003,-246.04000000000002,-2.6093751539971284,-246.04000000000002
KXBTC,15,last,rolling,none,10,all,both,62,5.503064516129033,341.19000000000005,1.060999257039524,18,-9.715,-174.87,-0.9284632323652869,12,-16.7575,-201.09,-1.5367807796349247,-184.14000000000001
KXBTC,15,last,rolling,none,10,all,yes,43,2.1572093023255814,92.75999999999999,0.32731870348715053,16,-9.973749999999999,-159.57999999999998,-0.9051125921465857,12,-16.7575,-201.09,-1.5367807796349247,-184.14000000000001
KXBTC,15,last,rolling,none,10,all,no,19,13.075263157894739,248.43000000000004,1.464594296732754,2,-7.644999999999998,-15.289999999999996,,0,,0.0,,0.0
KXBTC,15,last,rolling,none,10,cheap,both,1,-8.52,-8.52,,3,-14.15,-42.45,,3,-13.093333333333334,-39.28,-37.05660377358489,-39.28
KXBTC,15,last,rolling,none,10,cheap,yes,1,-8.52,-8.52,,3,-14.15,-42.45,,3,-13.093333333333334,-39.28,-37.05660377358489,-39.28
KXBTC,15,last,rolling,none,10,cheap,no,0,,0.0,,0,,0.0,,0,,0.0,,0.0
KXBTC,15,last,rolling,none,10,middle,both,60,5.609333333333335,336.56000000000006,1.0188558990230645,15,-8.828000000000001,-132.42000000000002,-0.7428321556857153,9,-17.97888888888889,-161.81,-1.1300675319925264,-144.86
KXBTC,15,last,rolling,none,10,middle,yes,41,2.149512195121952,88.13000000000002,0.30612322430620936,13,-9.01,-117.13,-0.7035336735392851,9,-17.97888888888889,-161.81,-1.1300675319925264,-144.86
KXBTC,15,last,rolling,none,10,middle,no,19,13.075263157894739,248.43000000000004,1.464594296732754,2,-7.644999999999998,-15.289999999999996,,0,,0.0,,0.0
KXBTC,15,last,rolling,volview,2,all,both,482,-2.578215767634855,-1242.7,-1.8792542175827245,256,-2.1699609375,-555.51,-0.993571286054149,250,2.7789200000000007,694.7300000000001,1.307520549877224,825.7299999999999
KXBTC,15,last,rolling,volview,2,all,yes,193,-1.4389119170984455,-277.71,-0.6053698936829479,130,1.1816923076923087,153.62000000000012,0.2953233925898945,142,4.02,570.8399999999999,1.6534751048430734,658.1099999999999
KXBTC,15,last,rolling,volview,2,all,no,289,-3.3390657439446363,-964.9899999999999,-2.1371831498387865,126,-5.628015873015874,-709.1300000000001,-2.221707023132728,108,1.1471296296296296,123.88999999999999,0.464911645843021,167.61999999999995
KXBTC,15,last,rolling,volview,2,cheap,both,69,-1.1266666666666665,-77.73999999999998,-0.38405992222724766,25,3.4728000000000008,86.82000000000002,0.5180786199801082,46,7.7628260869565215,357.09,1.2509484895581824,385.83000000000004
KXBTC,15,last,rolling,volview,2,cheap,yes,69,-1.1266666666666665,-77.73999999999998,-0.38405992222724766,25,3.4728000000000008,86.82000000000002,0.5180786199801082,46,7.7628260869565215,357.09,1.2509484895581824,385.83000000000004
KXBTC,15,last,rolling,volview,2,cheap,no,0,,0.0,,0,,0.0,,0,,0.0,,0.0
KXBTC,15,last,rolling,volview,2,middle,both,289,-2.3596193771626286,-681.9299999999997,-1.0275075403907354,149,-3.1832885906040267,-474.30999999999995,-1.059877038701296,120,1.9431666666666667,233.18,0.549205634393247,291.71000000000015
KXBTC,15,last,rolling,volview,2,middle,yes,124,-1.6126612903225803,-199.96999999999997,-0.43180446674432116,105,0.6361904761904755,66.79999999999993,0.17712610897127015,96,2.2265625000000004,213.75000000000006,0.6343405884754664,272.2800000000001
KXBTC,15,last,rolling,volview,2,middle,no,165,-2.920969696969697,-481.96000000000004,-1.0889818974788505,44,-12.297954545454543,-541.1099999999999,-1.7618161802639294,24,0.8095833333333324,19.42999999999998,0.1545370124955704,19.42999999999998
KXBTC,15,last,rolling,volview,5,all,both,199,2.965075376884422,590.05,1.1944766729699605,78,-0.6082051282051274,-47.43999999999994,-0.16244952437520677,68,-1.3266176470588227,-90.20999999999994,-0.265072608107762,-52.13999999999997
KXBTC,15,last,rolling,volview,5,all,yes,93,1.3383870967741947,124.4700000000001,0.27837450465811703,55,-0.8936363636363632,-49.14999999999998,-0.1892801249698283,59,2.6123728813559333,154.13000000000005,0.595110764985706,192.20000000000005
KXBTC,15,last,rolling,volview,5,all,no,106,4.392264150943397,465.5800000000001,1.2048473326288676,23,0.0743478260869574,1.7100000000000204,0.0144380048001416,9,-27.14888888888889,-244.34,-1.4613178961457483,-244.34
KXBTC,15,last,rolling,volview,5,cheap,both,13,13.913076923076924,180.87,1.430056726757251,8,11.071250000000001,88.57000000000001,0.893264498011435,15,8.030666666666669,120.46000000000002,0.8303228371686275,120.46000000000002
KXBTC,15,last,rolling,volview,5,cheap,yes,13,13.913076923076924,180.87,1.430056726757251,8,11.071250000000001,88.57000000000001,0.893264498011435,15,8.030666666666669,120.46000000000002,0.8303228371686275,120.46000000000002
KXBTC,15,last,rolling,volview,5,cheap,no,0,,0.0,,0,,0.0,,0,,0.0,,0.0
KXBTC,15,last,rolling,volview,5,middle,both,166,1.3134337349397593,218.03000000000006,0.45435797205568407,60,-4.033333333333333,-241.99999999999997,-0.9775336105245013,51,-2.63,-134.13,-0.4200877237168977,-96.05999999999996
KXBTC,15,last,rolling,volview,5,middle,yes,80,-0.7049999999999994,-56.39999999999995,-0.13227707449850562,47,-2.9302127659574473,-137.72000000000003,-0.6702834506189763,44,0.765227272727273,33.67000000000001,0.12797857861930942,71.74000000000002
KXBTC,15,last,rolling,volview,5,middle,no,86,3.191046511627907,274.43,0.7261926698891943,13,-8.021538461538462,-104.28,-0.7779954144764321,7,-23.97142857142857,-167.8,-1.8669001343303915,-167.8
KXBTC,15,last,rolling,volview,10,all,both,48,5.3535416666666675,256.97,1.0353646549859152,17,-7.359999999999999,-125.11999999999999,-0.8266452530965633,12,-16.7575,-201.09,-1.5367807796349247,-184.14000000000001
KXBTC,15,last,rolling,volview,10,all,yes,29,0.2944827586206911,8.540000000000042,0.03453469852979679,15,-7.321999999999999,-109.82999999999998,-0.7757891968556099,12,-16.7575,-201.09,-1.5367807796349247,-184.14000000000001
KXBTC,15,last,rolling,volview,10,all,no,19,13.075263157894739,248.43000000000004,1.464594296732754,2,-7.644999999999998,-15.289999999999996,,0,,0.0,,0.0
KXBTC,15,last,rolling,volview,10,cheap,both,1,-8.52,-8.52,,3,-14.15,-42.45,,3,-13.093333333333334,-39.28,-37.05660377358489,-39.28
KXBTC,15,last,rolling,volview,10,cheap,yes,1,-8.52,-8.52,,3,-14.15,-42.45,,3,-13.093333333333334,-39.28,-37.05660377358489,-39.28
KXBTC,15,last,rolling,volview,10,cheap,no,0,,0.0,,0,,0.0,,0,,0.0,,0.0
KXBTC,15,last,rolling,volview,10,middle,both,47,5.648723404255322,265.4900000000001,1.0691440174710618,14,-5.904999999999999,-82.66999999999999,-0.580469822026215,9,-17.97888888888889,-161.81,-1.1300675319925264,-144.86
KXBTC,15,last,rolling,volview,10,middle,yes,28,0.6092857142857151,17.060000000000024,0.06921345527939171,12,-5.614999999999999,-67.38,-0.5058177656202711,9,-17.97888888888889,-161.81,-1.1300675319925264,-144.86
KXBTC,15,last,rolling,volview,10,middle,no,19,13.075263157894739,248.43000000000004,1.464594296732754,2,-7.644999999999998,-15.289999999999996,,0,,0.0,,0.0
KXBTC,15,last,rolling,shrink25,2,all,both,19,13.051578947368421,247.98000000000002,1.1593248241579266,3,-26.833333333333332,-80.5,,5,-16.096,-80.48,-2.8615692795158476,-80.48
KXBTC,15,last,rolling,shrink25,2,all,yes,15,4.299333333333334,64.49000000000001,0.3147769946033154,3,-26.833333333333332,-80.5,,5,-16.096,-80.48,-2.8615692795158476,-80.48
KXBTC,15,last,rolling,shrink25,2,all,no,4,45.8725,183.49,6.080599392188423,0,,0.0,,0,,0.0,,0.0
KXBTC,15,last,rolling,shrink25,2,cheap,both,0,,0.0,,1,-14.850000000000001,-14.850000000000001,,3,-13.093333333333334,-39.28,-37.05660377358489,-39.28
KXBTC,15,last,rolling,shrink25,2,cheap,yes,0,,0.0,,1,-14.850000000000001,-14.850000000000001,,3,-13.093333333333334,-39.28,-37.05660377358489,-39.28
KXBTC,15,last,rolling,shrink25,2,cheap,no,0,,0.0,,0,,0.0,,0,,0.0,,0.0
KXBTC,15,last,rolling,shrink25,2,middle,both,18,13.046111111111113,234.83000000000004,1.1347227615942683,2,-32.825,-65.65,,2,-20.6,-41.2,,-41.2
KXBTC,15,last,rolling,shrink25,2,middle,yes,14,3.667142857142859,51.340000000000025,0.25658407712503584,2,-32.825,-65.65,,2,-20.6,-41.2,,-41.2
KXBTC,15,last,rolling,shrink25,2,middle,no,4,45.8725,183.49,6.080599392188423,0,,0.0,,0,,0.0,,0.0
KXBTC,15,last,rolling,shrink25,5,all,both,0,,0.0,,1,-49.75,-49.75,,0,,0.0,,0.0
KXBTC,15,last,rolling,shrink25,5,all,yes,0,,0.0,,1,-49.75,-49.75,,0,,0.0,,0.0
KXBTC,15,last,rolling,shrink25,5,all,no,0,,0.0,,0,,0.0,,0,,0.0,,0.0
KXBTC,15,last,rolling,shrink25,5,cheap,both,0,,0.0,,0,,0.0,,0,,0.0,,0.0
KXBTC,15,last,rolling,shrink25,5,cheap,yes,0,,0.0,,0,,0.0,,0,,0.0,,0.0
KXBTC,15,last,rolling,shrink25,5,cheap,no,0,,0.0,,0,,0.0,,0,,0.0,,0.0
KXBTC,15,last,rolling,shrink25,5,middle,both,0,,0.0,,1,-49.75,-49.75,,0,,0.0,,0.0
KXBTC,15,last,rolling,shrink25,5,middle,yes,0,,0.0,,1,-49.75,-49.75,,0,,0.0,,0.0
KXBTC,15,last,rolling,shrink25,5,middle,no,0,,0.0,,0,,0.0,,0,,0.0,,0.0
KXBTC,15,last,rolling,shrink25,10,all,both,0,,0.0,,0,,0.0,,0,,0.0,,0.0
KXBTC,15,last,rolling,shrink25,10,all,yes,0,,0.0,,0,,0.0,,0,,0.0,,0.0
KXBTC,15,last,rolling,shrink25,10,all,no,0,,0.0,,0,,0.0,,0,,0.0,,0.0
KXBTC,15,last,rolling,shrink25,10,cheap,both,0,,0.0,,0,,0.0,,0,,0.0,,0.0
KXBTC,15,last,rolling,shrink25,10,cheap,yes,0,,0.0,,0,,0.0,,0,,0.0,,0.0
KXBTC,15,last,rolling,shrink25,10,cheap,no,0,,0.0,,0,,0.0,,0,,0.0,,0.0
KXBTC,15,last,rolling,shrink25,10,middle,both,0,,0.0,,0,,0.0,,0,,0.0,,0.0
KXBTC,15,last,rolling,shrink25,10,middle,yes,0,,0.0,,0,,0.0,,0,,0.0,,0.0
KXBTC,15,last,rolling,shrink25,10,middle,no,0,,0.0,,0,,0.0,,0,,0.0,,0.0
KXBTC,15,last,rolling,shrink50,2,all,both,160,2.4751875000000005,396.0300000000001,0.9017956281071937,63,0.05746031746031731,3.6199999999999903,0.010506225833266969,43,0.03883720930232628,1.6700000000000301,0.0072372689046685265,55.64000000000001
KXBTC,15,last,rolling,shrink50,2,all,yes,88,-0.163181818181818,-14.359999999999985,-0.033724067278498575,50,-0.16439999999999955,-8.219999999999978,-0.025643128497223302,38,1.4955263157894736,56.83,0.2502813042583009,110.80000000000001
KXBTC,15,last,rolling,shrink50,2,all,no,72,5.699861111111113,410.3900000000001,1.3243955429747676,13,0.9107692307692304,11.839999999999996,0.19842917070031144,5,-11.032,-55.160000000000004,-0.6167793968993562,-55.160000000000004
KXBTC,15,last,rolling,shrink50,2,cheap,both,10,10.112,101.12,0.8853645862200558,10,17.153,171.53,1.441583053356874,12,4.364166666666668,52.37000000000001,0.42350994591771984,52.37000000000001
KXBTC,15,last,rolling,shrink50,2,cheap,yes,10,10.112,101.12,0.8853645862200558,10,17.153,171.53,1.441583053356874,12,4.364166666666668,52.37000000000001,0.42350994591771984,52.37000000000001
KXBTC,15,last,rolling,shrink50,2,cheap,no,0,,0.0,,0,,0.0,,0,,0.0,,0.0
KXBTC,15,last,rolling,shrink50,2,middle,both,135,1.1015555555555563,148.7100000000001,0.32985025234313553,48,-4.651666666666666,-223.27999999999997,-0.7459121446183579,30,-2.1283333333333325,-63.84999999999998,-0.3238827122900674,-9.879999999999967
KXBTC,15,last,rolling,shrink50,2,middle,yes,77,-1.6705194805194805,-128.63,-0.30213865830806375,40,-4.49375,-179.75,-0.6911207441555729,26,0.1715384615384624,4.460000000000022,0.02260732835034369,58.43000000000002
KXBTC,15,last,rolling,shrink50,2,middle,no,58,4.781724137931035,277.34000000000003,0.9344245718950485,8,-5.44125,-43.53,-0.5869000172835661,4,-17.0775,-68.31,-0.7863484993785614,-68.31
KXBTC,15,last,rolling,shrink50,5,all,both,38,12.661052631578945,481.1199999999999,2.0398341650156127,7,-19.240000000000002,-134.68,,7,-20.88285714285714,-146.17999999999998,-3.679987350551621,-129.23
KXBTC,15,last,rolling,shrink50,5,all,yes,30,8.774333333333335,263.23,1.4480538975465167,7,-19.240000000000002,-134.68,,7,-20.88285714285714,-146.17999999999998,-3.679987350551621,-129.23
KXBTC,15,last,rolling,shrink50,5,all,no,8,27.236250000000005,217.89000000000004,2.923458311207982,0,,0.0,,0,,0.0,,0.0
KXBTC,15,last,rolling,shrink50,5,cheap,both,0,,0.0,,1,-14.850000000000001,-14.850000000000001,,3,-13.093333333333334,-39.28,-37.05660377358489,-39.28
KXBTC,15,last,rolling,shrink50,5,cheap,yes,0,,0.0,,1,-14.850000000000001,-14.850000000000001,,3,-13.093333333333334,-39.28,-37.05660377358489,-39.28
KXBTC,15,last,rolling,shrink50,5,cheap,no,0,,0.0,,0,,0.0,,0,,0.0,,0.0
KXBTC,15,last,rolling,shrink50,5,middle,both,37,12.647837837837839,467.97,2.006176805902443,6,-19.971666666666668,-119.83,,4,-26.725,-106.9,-3.714689742754376,-89.95
KXBTC,15,last,rolling,shrink50,5,middle,yes,29,8.623448275862069,250.08,1.3803523576847467,6,-19.971666666666668,-119.83,,4,-26.725,-106.9,-3.714689742754376,-89.95
KXBTC,15,last,rolling,shrink50,5,middle,no,8,27.236250000000005,217.89000000000004,2.923458311207982,0,,0.0,,0,,0.0,,0.0
KXBTC,15,last,rolling,shrink50,10,all,both,5,10.899999999999999,54.49999999999999,0.5558508599089772,2,-32.825,-65.65,,0,,0.0,,0.0
KXBTC,15,last,rolling,shrink50,10,all,yes,5,10.899999999999999,54.49999999999999,0.5558508599089772,2,-32.825,-65.65,,0,,0.0,,0.0
KXBTC,15,last,rolling,shrink50,10,all,no,0,,0.0,,0,,0.0,,0,,0.0,,0.0
KXBTC,15,last,rolling,shrink50,10,cheap,both,0,,0.0,,0,,0.0,,0,,0.0,,0.0
KXBTC,15,last,rolling,shrink50,10,cheap,yes,0,,0.0,,0,,0.0,,0,,0.0,,0.0
KXBTC,15,last,rolling,shrink50,10,cheap,no,0,,0.0,,0,,0.0,,0,,0.0,,0.0
KXBTC,15,last,rolling,shrink50,10,middle,both,5,10.899999999999999,54.49999999999999,0.5558508599089772,2,-32.825,-65.65,,0,,0.0,,0.0
KXBTC,15,last,rolling,shrink50,10,middle,yes,5,10.899999999999999,54.49999999999999,0.5558508599089772,2,-32.825,-65.65,,0,,0.0,,0.0
KXBTC,15,last,rolling,shrink50,10,middle,no,0,,0.0,,0,,0.0,,0,,0.0,,0.0
KXBTC,1,day,fixed,none,2,all,both,812,-3.0622044334975365,-2486.5099999999998,-1.9670332472161756,474,-3.256540084388186,-1543.6000000000001,-1.6275378027041858,457,7.120831509846828,3254.2200000000003,1.0747998743269884,262.84000000000003
KXBTC,1,day,fixed,none,2,all,yes,433,-3.348013856812932,-1449.6899999999996,-2.2405946150645577,297,-2.0059595959595957,-595.77,-1.2848081774303475,161,-1.6585714285714281,-267.0299999999999,-0.5182683522807618,123.06000000000004
KXBTC,1,day,fixed,none,2,all,no,379,-2.7356728232189966,-1036.8199999999997,-1.2917933010219094,177,-5.35497175141243,-947.83,-1.4760859606428618,296,11.896114864864865,3521.25,1.0377822690816372,139.77999999999992
KXBTC,1,day,fixed,none,2,cheap,both,220,-2.212136363636363,-486.66999999999985,-1.0208926671365883,196,-2.1203061224489788,-415.5799999999998,-1.00005570249778,119,-2.365882352941176,-281.5399999999999,-0.9274888440091275,-120.11999999999985
KXBTC,1,day,fixed,none,2,cheap,yes,220,-2.212136363636363,-486.66999999999985,-1.0208926671365883,196,-2.1203061224489788,-415.5799999999998,-1.00005570249778,119,-2.365882352941176,-281.5399999999999,-0.9274888440091275,-120.11999999999985
KXBTC,1,day,fixed,none,2,cheap,no,0,,0.0,,0,,0.0,,0,,0.0,,0.0
KXBTC,1,day,fixed,none,2,middle,both,447,-3.704093959731544,-1655.73,-1.6438366748464557,224,-5.565089285714286,-1246.5800000000002,-1.944991928285273,247,14.465546558704453,3572.99,1.1318867312672658,399.4899999999999
KXBTC,1,day,fixed,none,2,middle,yes,213,-4.521220657276994,-963.0199999999998,-1.9181020119784216,101,-1.7840594059405952,-180.1900000000001,-0.7902082850569047,42,0.3454761904761894,14.509999999999954,0.04855068820850787,243.18000000000004
KXBTC,1,day,fixed,none,2,middle,no,234,-2.9602991452991456,-692.71,-0.9358431241586544,123,-8.669837398373984,-1066.39,-1.785395501048156,205,17.358439024390243,3558.48,1.0473236466787759,156.30999999999992
KXBTC,1,day,fixed,none,5,all,both,322,-5.799906832298137,-1867.5700000000002,-2.064547063241837,171,-5.200877192982456,-889.3499999999999,-1.2700692464886805,188,18.56904255319149,3490.98,1.0854549413647927,259.3499999999999
KXBTC,1,day,fixed,none,5,all,yes,170,-6.379470588235294,-1084.51,-2.3659607350016456,98,1.252142857142857,122.70999999999998,0.4370840949832999,44,-4.225909090909091,-185.94,-0.985328832206283,-33.31999999999995
KXBTC,1,day,fixed,none,5,all,no,152,-5.15171052631579,-783.0600000000001,-1.3129183481982563,73,-13.863835616438358,-1012.0600000000002,-1.5542063525109033,144,25.534166666666668,3676.92,1.101102475266053,292.6700000000001
KXBTC,1,day,fixed,none,5,cheap,both,53,-8.162830188679246,-432.63,-3.1794645054670205,59,0.6705084745762715,39.56000000000002,0.19084431126472526,26,-4.952692307692308,-128.77,-1.1704889942535759,-96.86999999999999
KXBTC,1,day,fixed,none,5,cheap,yes,53,-8.162830188679246,-432.63,-3.1794645054670205,59,0.6705084745762715,39.56000000000002,0.19084431126472526,26,-4.952692307692308,-128.77,-1.1704889942535759,-96.86999999999999
KXBTC,1,day,fixed,none,5,cheap,no,0,,0.0,,0,,0.0,,0,,0.0,,0.0
KXBTC,1,day,fixed,none,5,middle,both,255,-4.598901960784315,-1172.7200000000003,-1.5841230417825776,107,-9.039719626168225,-967.2500000000001,-1.5784006087484055,155,23.027483870967743,3569.26,1.1051793695352852,305.72999999999996
KXBTC,1,day,fixed,none,5,middle,yes,117,-5.5716239316239315,-651.88,-1.496767679534355,39,2.132051282051283,83.15000000000003,0.37488835624138356,18,-3.17611111111111,-57.16999999999999,-0.37718553767180185,63.55
KXBTC,1,day,fixed,none,5,middle,no,138,-3.774202898550724,-520.8399999999999,-0.8854824795058892,68,-15.447058823529417,-1050.4000000000003,-1.6700012564962101,137,26.470291970802922,3626.4300000000003,1.085895110952072,242.18
KXBTC,1,day,fixed,none,10,all,both,120,-9.93925,-1192.71,-2.209459678505413,53,-18.17320754716981,-963.18,-1.506853540356207,103,31.693300970873786,3264.41,0.9591728265043384,-103.94
KXBTC,1,day,fixed,none,10,all,yes,52,-6.260576923076924,-325.55,-1.2305875906797876,12,-0.7041666666666663,-8.449999999999996,-0.06362579046859784,3,-19.033333333333335,-57.1,,-41.2
KXBTC,1,day,fixed,none,10,all,no,68,-12.752352941176472,-867.1600000000001,-2.0303585632658385,41,-23.28609756097561,-954.73,-1.976785006664221,100,33.2151,3321.51,0.9723354093641888,-62.74000000000003
KXBTC,1,day,fixed,none,10,cheap,both,10,-11.367999999999999,-113.67999999999999,-3.6229308280255825,2,-11.155000000000001,-22.310000000000002,,0,,0.0,,0.0
KXBTC,1,day,fixed,none,10,cheap,yes,10,-11.367999999999999,-113.67999999999999,-3.6229308280255825,2,-11.155000000000001,-22.310000000000002,,0,,0.0,,0.0
KXBTC,1,day,fixed,none,10,cheap,no,0,,0.0,,0,,0.0,,0,,0.0,,0.0
KXBTC,1,day,fixed,none,10,middle,both,110,-9.809363636363639,-1079.0300000000002,-2.058191943642869,51,-18.44843137254902,-940.87,-1.4817325751866082,103,31.693300970873786,3264.41,0.9591728265043384,-103.94
KXBTC,1,day,fixed,none,10,middle,yes,42,-5.04452380952381,-211.87,-0.8343784352634617,10,1.3860000000000006,13.860000000000007,0.10663756543251568,3,-19.033333333333335,-57.1,,-41.2
KXBTC,1,day,fixed,none,10,middle,no,68,-12.752352941176472,-867.1600000000001,-2.0303585632658385,41,-23.28609756097561,-954.73,-1.976785006664221,100,33.2151,3321.51,0.9723354093641888,-62.74000000000003
KXBTC,1,day,fixed,volview,2,all,both,602,-3.717491694352159,-2237.93,-2.177612397167649,339,-1.5009144542772865,-508.8100000000001,-0.7731189211476962,307,8.722084690553748,2677.6800000000007,0.8727143922935542,-338.20999999999975
KXBTC,1,day,fixed,volview,2,all,yes,352,-3.600198863636363,-1267.2699999999998,-2.233949258006143,233,-1.3342489270386266,-310.88,-0.7651850996657563,116,-3.91551724137931,-454.19999999999993,-1.1165121144328265,-106.53999999999995
KXBTC,1,day,fixed,volview,2,all,no,250,-3.88264,-970.66,-1.5186139153680698,106,-1.8672641509433976,-197.93000000000015,-0.5017372063165002,191,16.397277486910994,3131.88,0.9225842373863182,-231.66999999999993
KXBTC,1,day,fixed,volview,2,cheap,both,186,-3.487258064516129,-648.63,-1.5360341171953944,141,-1.1702836879432617,-165.0099999999999,-0.49489838069090797,77,-5.530129870129868,-425.8199999999999,-2.053777834949477,-289.87999999999994
KXBTC,1,day,fixed,volview,2,cheap,yes,186,-3.487258064516129,-648.63,-1.5360341171953944,141,-1.1702836879432617,-165.0099999999999,-0.49489838069090797,77,-5.530129870129868,-425.8199999999999,-2.053777834949477,-289.87999999999994
KXBTC,1,day,fixed,volview,2,cheap,no,0,,0.0,,0,,0.0,,0,,0.0,,0.0
KXBTC,1,day,fixed,volview,2,middle,both,300,-3.9614333333333334,-1188.43,-1.5338781254459457,144,-3.2108333333333343,-462.3600000000001,-1.1821078695822314,147,21.388163265306122,3144.06,0.9883133005770449,-28.47000000000002
KXBTC,1,day,fixed,volview,2,middle,yes,166,-3.7267469879518074,-618.64,-1.4736337878093047,92,-1.5855434782608706,-145.8700000000001,-0.6902609774900401,39,-0.7276923076923075,-28.379999999999995,-0.1056719607149545,183.34
KXBTC,1,day,fixed,volview,2,middle,no,134,-4.252164179104478,-569.7900000000001,-1.022298364428659,52,-6.086346153846156,-316.4900000000001,-0.9357665328612131,108,29.374444444444446,3172.44,0.928265626308399,-211.81000000000003
KXBTC,1,day,fixed,volview,5,all,both,255,-6.666509803921567,-1699.9599999999996,-2.1889549956780963,128,-1.4392968750000006,-184.23000000000008,-0.3745939122911681,140,21.76328571428571,3046.8599999999997,0.9350840542029586,-184.77
KXBTC,1,day,fixed,volview,5,all,yes,145,-5.639379310344827,-817.7099999999999,-1.8733914057493348,89,1.1986516853932587,106.68000000000004,0.37369894888536065,37,-6.6913513513513525,-247.58000000000004,-1.6123939687242574,-94.95999999999998
KXBTC,1,day,fixed,volview,5,all,no,110,-8.020454545454545,-882.25,-1.7582754030570327,39,-7.459230769230767,-290.9099999999999,-0.7884904994189875,103,31.984854368932034,3294.4399999999996,0.9660760702642497,-89.80999999999999
KXBTC,1,day,fixed,volview,5,cheap,both,47,-10.201489361702127,-479.46999999999997,-3.6239395868518245,51,0.08803921568627442,4.489999999999995,0.022932755137447816,19,-10.021578947368424,-190.41000000000005,-7.418606100532201,-158.51
KXBTC,1,day,fixed,volview,5,cheap,yes,47,-10.201489361702127,-479.46999999999997,-3.6239395868518245,51,0.08803921568627442,4.489999999999995,0.022932755137447816,19,-10.021578947368424,-190.41000000000005,-7.418606100532201,-158.51
KXBTC,1,day,fixed,volview,5,cheap,no,0,,0.0,,0,,0.0,,0,,0.0,,0.0
KXBTC,1,day,fixed,volview,5,middle,both,194,-4.939536082474227,-958.27,-1.536523780547419,72,-3.153611111111112,-227.06000000000006,-0.5290127840372403,114,27.954210526315787,3186.7799999999997,0.9695563249513969,-76.74999999999999
KXBTC,1,day,fixed,volview,5,middle,yes,98,-3.451428571428571,-338.23999999999995,-0.8862473875308619,38,2.689210526315791,102.19000000000005,0.4596622208578696,18,-3.17611111111111,-57.16999999999999,-0.37718553767180185,63.55
KXBTC,1,day,fixed,volview,5,middle,no,96,-6.4586458333333345,-620.0300000000001,-1.2468852729944093,34,-9.683823529411764,-329.25,-0.913063108790175,96,33.79114583333333,3243.95,,-140.3
KXBTC,1,day,fixed,volview,10,all,both,107,-9.564859813084112,-1023.44,-1.9189515804213984,33,-6.842424242424243,-225.8,-0.7661269029403455,85,38.422117647058826,3265.88,0.955039226614061,-102.46999999999998
KXBTC,1,day,fixed,volview,10,all,yes,47,-3.4061702127659577,-160.09,-0.5508789006538775,12,-0.7041666666666663,-8.449999999999996,-0.06362579046859784,3,-19.033333333333335,-57.1,,-41.2
KXBTC,1,day,fixed,volview,10,all,no,60,-14.389166666666664,-863.3499999999999,-2.3009575311075605,21,-10.350000000000001,-217.35000000000002,-0.7744585346896324,82,40.52414634146341,3322.9799999999996,,-61.270000000000024
KXBTC,1,day,fixed,volview,10,cheap,both,10,-11.367999999999999,-113.67999999999999,-3.6229308280255825,2,-11.155000000000001,-22.310000000000002,,0,,0.0,,0.0
KXBTC,1,day,fixed,volview,10,cheap,yes,10,-11.367999999999999,-113.67999999999999,-3.6229308280255825,2,-11.155000000000001,-22.310000000000002,,0,,0.0,,0.0
KXBTC,1,day,fixed,volview,10,cheap,no,0,,0.0,,0,,0.0,,0,,0.0,,0.0
KXBTC,1,day,fixed,volview,10,middle,both,97,-9.37896907216495,-909.76,-1.7521950488691622,31,-6.564193548387097,-203.49,-0.6876556538374345,85,38.422117647058826,3265.88,0.955039226614061,-102.46999999999998
KXBTC,1,day,fixed,volview,10,middle,yes,37,-1.2543243243243243,-46.41,-0.16693360121294132,10,1.3860000000000006,13.860000000000007,0.10663756543251568,3,-19.033333333333335,-57.1,,-41.2
KXBTC,1,day,fixed,volview,10,middle,no,60,-14.389166666666664,-863.3499999999999,-2.3009575311075605,21,-10.350000000000001,-217.35000000000002,-0.7744585346896324,82,40.52414634146341,3322.9799999999996,,-61.270000000000024
KXBTC,1,day,fixed,shrink25,2,all,both,32,-11.1428125,-356.57,-1.1314818007339271,22,-29.933181818181822,-658.5300000000001,-1.4091353179277304,79,43.796329113924045,3459.91,,75.66
KXBTC,1,day,fixed,shrink25,2,all,yes,11,2.22,24.42,0.10267781284612032,6,0.5933333333333314,3.559999999999988,,0,,0.0,,0.0
KXBTC,1,day,fixed,shrink25,2,all,no,21,-18.142380952380954,-380.99,-2.1982465285293356,16,-41.380625,-662.09,,79,43.796329113924045,3459.91,,75.66
KXBTC,1,day,fixed,shrink25,2,cheap,both,2,-13.27,-26.54,,1,-14.850000000000001,-14.850000000000001,,0,,0.0,,0.0
KXBTC,1,day,fixed,shrink25,2,cheap,yes,2,-13.27,-26.54,,1,-14.850000000000001,-14.850000000000001,,0,,0.0,,0.0
KXBTC,1,day,fixed,shrink25,2,cheap,no,0,,0.0,,0,,0.0,,0,,0.0,,0.0
KXBTC,1,day,fixed,shrink25,2,middle,both,30,-11.001000000000001,-330.03000000000003,-1.044243408247716,21,-30.651428571428575,-643.6800000000001,-1.436347446631178,79,43.796329113924045,3459.91,,75.66
KXBTC,1,day,fixed,shrink25,2,middle,yes,9,5.662222222222223,50.96,0.2140959348315801,5,3.6819999999999995,18.409999999999997,,0,,0.0,,0.0
KXBTC,1,day,fixed,shrink25,2,middle,no,21,-18.142380952380954,-380.99,-2.1982465285293356,16,-41.380625,-662.09,,79,43.796329113924045,3459.91,,75.66
KXBTC,1,day,fixed,shrink25,5,all,both,4,-28.125,-112.5,,0,,0.0,,77,43.951298701298704,3384.25,,0.0
KXBTC,1,day,fixed,shrink25,5,all,yes,1,-26.32,-26.32,,0,,0.0,,0,,0.0,,0.0
KXBTC,1,day,fixed,shrink25,5,all,no,3,-28.72666666666667,-86.18,,0,,0.0,,77,43.951298701298704,3384.25,,0.0
KXBTC,1,day,fixed,shrink25,5,cheap,both,0,,0.0,,0,,0.0,,0,,0.0,,0.0
KXBTC,1,day,fixed,shrink25,5,cheap,yes,0,,0.0,,0,,0.0,,0,,0.0,,0.0
KXBTC,1,day,fixed,shrink25,5,cheap,no,0,,0.0,,0,,0.0,,0,,0.0,,0.0
KXBTC,1,day,fixed,shrink25,5,middle,both,4,-28.125,-112.5,,0,,0.0,,77,43.951298701298704,3384.25,,0.0
KXBTC,1,day,fixed,shrink25,5,middle,yes,1,-26.32,-26.32,,0,,0.0,,0,,0.0,,0.0
KXBTC,1,day,fixed,shrink25,5,middle,no,3,-28.72666666666667,-86.18,,0,,0.0,,77,43.951298701298704,3384.25,,0.0
KXBTC,1,day,fixed,shrink25,10,all,both,0,,0.0,,0,,0.0,,0,,0.0,,0.0
KXBTC,1,day,fixed,shrink25,10,all,yes,0,,0.0,,0,,0.0,,0,,0.0,,0.0
KXBTC,1,day,fixed,shrink25,10,all,no,0,,0.0,,0,,0.0,,0,,0.0,,0.0
KXBTC,1,day,fixed,shrink25,10,cheap,both,0,,0.0,,0,,0.0,,0,,0.0,,0.0
KXBTC,1,day,fixed,shrink25,10,cheap,yes,0,,0.0,,0,,0.0,,0,,0.0,,0.0
KXBTC,1,day,fixed,shrink25,10,cheap,no,0,,0.0,,0,,0.0,,0,,0.0,,0.0
KXBTC,1,day,fixed,shrink25,10,middle,both,0,,0.0,,0,,0.0,,0,,0.0,,0.0
KXBTC,1,day,fixed,shrink25,10,middle,yes,0,,0.0,,0,,0.0,,0,,0.0,,0.0
KXBTC,1,day,fixed,shrink25,10,middle,no,0,,0.0,,0,,0.0,,0,,0.0,,0.0
KXBTC,1,day,fixed,shrink50,2,all,both,199,-4.800753768844221,-955.3499999999999,-1.2948534576386113,118,-6.928898305084747,-817.6100000000001,-1.167650231538544,158,21.67246835443038,3424.25,1.0409144306425786,126.92000000000003
KXBTC,1,day,fixed,shrink50,2,all,yes,105,-3.7095238095238083,-389.4999999999999,-0.9766063803481282,61,1.4965573770491798,91.28999999999996,0.33121268611369137,30,-0.5009999999999996,-15.029999999999985,-0.10490882399572939,71.89000000000001
KXBTC,1,day,fixed,shrink50,2,all,no,94,-6.019680851063828,-565.8499999999999,-0.9953784094459359,57,-15.945614035087722,-908.9000000000002,-1.3976990207954523,128,26.869374999999998,3439.2799999999997,1.0178489870979452,55.029999999999966
KXBTC,1,day,fixed,shrink50,2,cheap,both,29,-5.937931034482758,-172.2,-1.9944781180325601,33,-0.28606060606060557,-9.439999999999984,-0.06361718910053028,17,-2.444117647058823,-41.54999999999999,-0.38913992832569444,-9.649999999999997
KXBTC,1,day,fixed,shrink50,2,cheap,yes,29,-5.937931034482758,-172.2,-1.9944781180325601,33,-0.28606060606060557,-9.439999999999984,-0.06361718910053028,17,-2.444117647058823,-41.54999999999999,-0.38913992832569444,-9.649999999999997
KXBTC,1,day,fixed,shrink50,2,cheap,no,0,,0.0,,0,,0.0,,0,,0.0,,0.0
KXBTC,1,day,fixed,shrink50,2,middle,both,168,-4.773154761904761,-801.89,-1.1754549113585937,80,-10.581375000000003,-846.5100000000002,-1.2956385653033524,135,25.368000000000002,3424.6800000000003,1.0310679029872643,95.45000000000005
KXBTC,1,day,fixed,shrink50,2,middle,yes,76,-2.8592105263157888,-217.29999999999995,-0.5556812700817433,28,3.5974999999999997,100.72999999999999,0.3768877647214241,13,2.040000000000001,26.52000000000001,0.26118078087566665,81.54
KXBTC,1,day,fixed,shrink50,2,middle,no,92,-6.3542391304347845,-584.5900000000001,-1.0314787093239712,52,-18.21615384615385,-947.2400000000002,-1.4979427911388812,122,27.853770491803278,3398.16,1.0038337988541683,13.909999999999936
KXBTC,1,day,fixed,shrink50,5,all,both,73,-12.777808219178082,-932.78,-1.8001389506852952,38,-21.509736842105266,-817.3700000000001,-1.5352708316067842,88,39.52522727272728,3478.2200000000003,,93.97000000000001
KXBTC,1,day,fixed,shrink50,5,all,yes,24,-10.659583333333332,-255.82999999999998,-1.2615966010143536,10,-8.3,-83.0,-1.40929041561068,0,,0.0,,0.0
KXBTC,1,day,fixed,shrink50,5,all,no,49,-13.81530612244898,-676.95,-1.3996884729081096,28,-26.227500000000003,-734.3700000000001,-1.5264439466745223,88,39.52522727272728,3478.2200000000003,,93.97000000000001
KXBTC,1,day,fixed,shrink50,5,cheap,both,6,-12.74,-76.44,-3.1574077322395184,1,-14.850000000000001,-14.850000000000001,,0,,0.0,,0.0
KXBTC,1,day,fixed,shrink50,5,cheap,yes,6,-12.74,-76.44,-3.1574077322395184,1,-14.850000000000001,-14.850000000000001,,0,,0.0,,0.0
KXBTC,1,day,fixed,shrink50,5,cheap,no,0,,0.0,,0,,0.0,,0,,0.0,,0.0
KXBTC,1,day,fixed,shrink50,5,middle,both,67,-12.781194029850745,-856.3399999999999,-1.6533819926454179,37,-21.68972972972973,-802.5200000000001,-1.5009503569976352,88,39.52522727272728,3478.2200000000003,,93.97000000000001
KXBTC,1,day,fixed,shrink50,5,middle,yes,18,-9.966111111111111,-179.39,-0.9055433926864517,9,-7.572222222222223,-68.15,-1.3867222025037071,0,,0.0,,0.0
KXBTC,1,day,fixed,shrink50,5,middle,no,49,-13.81530612244898,-676.95,-1.3996884729081096,28,-26.227500000000003,-734.3700000000001,-1.5264439466745223,88,39.52522727272728,3478.2200000000003,,93.97000000000001
KXBTC,1,day,fixed,shrink50,10,all,both,13,-16.083846153846153,-209.09,-0.9467389158349014,7,-42.16428571428572,-295.15000000000003,,77,43.951298701298704,3384.25,,0.0
KXBTC,1,day,fixed,shrink50,10,all,yes,6,2.3800000000000026,14.280000000000015,0.08189022142431392,0,,0.0,,0,,0.0,,0.0
KXBTC,1,day,fixed,shrink50,10,all,no,7,-31.909999999999997,-223.36999999999998,,7,-42.16428571428572,-295.15000000000003,,77,43.951298701298704,3384.25,,0.0
KXBTC,1,day,fixed,shrink50,10,cheap,both,0,,0.0,,0,,0.0,,0,,0.0,,0.0
KXBTC,1,day,fixed,shrink50,10,cheap,yes,0,,0.0,,0,,0.0,,0,,0.0,,0.0
KXBTC,1,day,fixed,shrink50,10,cheap,no,0,,0.0,,0,,0.0,,0,,0.0,,0.0
KXBTC,1,day,fixed,shrink50,10,middle,both,13,-16.083846153846153,-209.09,-0.9467389158349014,7,-42.16428571428572,-295.15000000000003,,77,43.951298701298704,3384.25,,0.0
KXBTC,1,day,fixed,shrink50,10,middle,yes,6,2.3800000000000026,14.280000000000015,0.08189022142431392,0,,0.0,,0,,0.0,,0.0
KXBTC,1,day,fixed,shrink50,10,middle,no,7,-31.909999999999997,-223.36999999999998,,7,-42.16428571428572,-295.15000000000003,,77,43.951298701298704,3384.25,,0.0
KXBTC,5,day,fixed,none,2,all,both,1212,-2.583349834983499,-3131.0200000000004,-2.209280336403053,609,-3.2607553366174056,-1985.8,-1.9723080740971006,486,-2.0029218106995885,-973.42,-1.3970181330566809,-453.7499999999999
KXBTC,5,day,fixed,none,2,all,yes,651,-1.927665130568356,-1254.9099999999999,-1.4685213465234725,396,-1.8886363636363632,-747.8999999999999,-1.337852218317532,278,-1.088453237410071,-302.58999999999975,-0.6002250127579054,86.17000000000002
KXBTC,5,day,fixed,none,2,all,no,561,-3.344224598930482,-1876.1100000000006,-2.143925882404238,213,-5.811737089201879,-1237.9,-1.8001223273498779,208,-3.2251442307692297,-670.8299999999998,-1.5504442268545484,-539.9200000000001
KXBTC,5,day,fixed,none,2,cheap,both,378,-0.8173544973544968,-308.9599999999998,-0.522967876645035,281,-1.464733096085409,-411.5899999999999,-0.7513766318111008,221,-1.3971493212669677,-308.76999999999987,-0.8718869619205042,-67.71999999999974
KXBTC,5,day,fixed,none,2,cheap,yes,378,-0.8173544973544968,-308.9599999999998,-0.522967876645035,281,-1.464733096085409,-411.5899999999999,-0.7513766318111008,221,-1.3971493212669677,-308.76999999999987,-0.8718869619205042,-67.71999999999974
KXBTC,5,day,fixed,none,2,cheap,no,0,,0.0,,0,,0.0,,0,,0.0,,0.0
KXBTC,5,day,fixed,none,2,middle,both,587,-4.11763202725724,-2417.05,-2.1561844167339568,238,-6.386218487394958,-1519.9199999999998,-2.3804037348370057,199,-2.4433165829145738,-486.22000000000014,-1.268133105027358,-338.5100000000001
KXBTC,5,day,fixed,none,2,middle,yes,272,-3.505257352941176,-953.43,-1.4671895454262252,115,-2.924434782608696,-336.31,-1.5517732112395972,57,0.10842105263157915,6.180000000000012,0.02566536593698548,153.89000000000001
KXBTC,5,day,fixed,none,2,middle,no,315,-4.646412698412699,-1463.6200000000001,-2.050171997679453,123,-9.622845528455283,-1183.61,-1.8308479252443939,142,-3.467605633802817,-492.40000000000003,-1.463015587405219,-492.40000000000003
KXBTC,5,day,fixed,none,5,all,both,470,-4.283744680851064,-2013.3600000000001,-1.8068721571973791,212,-6.675188679245283,-1415.1399999999999,-2.226989150065688,134,-1.1929850746268644,-159.85999999999984,-0.42033605979668864,29.9500000000002
KXBTC,5,day,fixed,none,5,all,yes,276,-4.232934782608695,-1168.29,-1.7386496587356322,142,-3.2497183098591544,-461.4599999999999,-1.6893917679590558,70,-2.482571428571428,-173.77999999999997,-0.6481478885440982,16.030000000000058
KXBTC,5,day,fixed,none,5,all,no,194,-4.356030927835052,-845.07,-1.1812061154470563,70,-13.624000000000002,-953.6800000000002,-1.725573323723713,64,0.21750000000000091,13.920000000000059,0.0515360105208771,13.920000000000059
KXBTC,5,day,fixed,none,5,cheap,both,120,-3.756,-450.71999999999997,-1.1931703805527085,91,-2.336813186813185,-212.64999999999986,-1.0170357970751245,48,-0.28083333333333416,-13.48000000000004,-0.07560722973377175,88.45999999999997
KXBTC,5,day,fixed,none,5,cheap,yes,120,-3.756,-450.71999999999997,-1.1931703805527085,91,-2.336813186813185,-212.64999999999986,-1.0170357970751245,48,-0.28083333333333416,-13.48000000000004,-0.07560722973377175,88.45999999999997
KXBTC,5,day,fixed,none,5,cheap,no,0,,0.0,,0,,0.0,,0,,0.0,,0.0
KXBTC,5,day,fixed,none,5,middle,both,320,-4.5056562499999995,-1441.81,-1.559230195805412,120,-10.083083333333331,-1209.9699999999998,-2.2077650605321915,85,-1.821176470588234,-154.7999999999999,-0.5636287298522306,-66.92999999999994
KXBTC,5,day,fixed,none,5,middle,yes,156,-4.599807692307692,-717.5699999999999,-1.20033644186071,51,-4.8786274509803915,-248.80999999999997,-1.2516879531130978,22,-7.286363636363637,-160.3,-1.4265330175321491,-72.43
KXBTC,5,day,fixed,none,5,middle,no,164,-4.416097560975611,-724.2400000000001,-1.0257633557661678,69,-13.929855072463772,-961.1600000000002,-1.8274551218174433,63,0.08730158730158843,5.500000000000071,0.020161849672510196,5.500000000000071
KXBTC,5,day,fixed,none,10,all,both,152,-4.843092105263159,-736.1500000000001,-0.9601269094456852,66,-17.349090909090908,-1145.04,-2.2478671016825587,39,-7.261282051282051,-283.19,-1.0346059669012189,-215.40999999999997
KXBTC,5,day,fixed,none,10,all,yes,70,-4.2498571428571426,-297.49,-0.764290399801266,22,-9.405454545454544,-206.91999999999996,-1.5259500143189413,10,0.4489999999999995,4.489999999999995,0.03662749247379506,72.27
KXBTC,5,day,fixed,none,10,all,no,82,-5.349512195121952,-438.6600000000001,-0.7532163201979261,44,-21.320909090909094,-938.1200000000001,-2.204325408413647,29,-9.92,-287.68,-1.2019712957150623,-287.68
KXBTC,5,day,fixed,none,10,cheap,both,14,-11.762142857142857,-164.67,-5.07474957667324,5,-11.054,-55.27,-2.3583028129007078,1,-14.850000000000001,-14.850000000000001,,0.0
KXBTC,5,day,fixed,none,10,cheap,yes,14,-11.762142857142857,-164.67,-5.07474957667324,5,-11.054,-55.27,-2.3583028129007078,1,-14.850000000000001,-14.850000000000001,,0.0
KXBTC,5,day,fixed,none,10,cheap,no,0,,0.0,,0,,0.0,,0,,0.0,,0.0
KXBTC,5,day,fixed,none,10,middle,both,138,-4.141159420289855,-571.48,-0.7791478771148875,61,-17.86508196721312,-1089.7700000000002,-2.2040539487820507,38,-7.06157894736842,-268.34,-0.9837267100664637,-215.40999999999997
KXBTC,5,day,fixed,none,10,middle,yes,56,-2.3717857142857137,-132.81999999999996,-0.3551715127945146,17,-8.920588235294117,-151.64999999999998,-1.1181919814424657,9,2.1488888888888886,19.339999999999996,0.17537338949789347,72.27
KXBTC,5,day,fixed,none,10,middle,no,82,-5.349512195121952,-438.6600000000001,-0.7532163201979261,44,-21.320909090909094,-938.1200000000001,-2.204325408413647,29,-9.92,-287.68,-1.2019712957150623,-287.68
KXBTC,5,day,fixed,volview,2,all,both,993,-2.5354481369587107,-2517.7,-2.0278463905060784,496,-3.448588709677419,-1710.4999999999998,-2.0885449913427188,368,-2.5126902173913046,-924.6700000000001,-1.3932992198626335,-477.1299999999999
KXBTC,5,day,fixed,volview,2,all,yes,523,-2.4174569789674947,-1264.3299999999997,-1.6284924088964217,317,-2.046056782334385,-648.6,-1.3388834395489793,218,-1.45591743119266,-317.3899999999999,-0.6127086520886904,-0.7599999999999056
KXBTC,5,day,fixed,volview,2,all,no,470,-2.6667446808510644,-1253.3700000000003,-1.7212165026523598,179,-5.932402234636872,-1061.9,-1.921330072381794,150,-4.048533333333333,-607.28,-1.897675391292923,-476.37000000000006
KXBTC,5,day,fixed,volview,2,cheap,both,328,-1.1768597560975613,-386.0100000000001,-0.7649847173744693,227,-0.7024669603524221,-159.4599999999998,-0.3352280831019027,173,-1.9504046242774555,-337.4199999999998,-0.9588534015609059,-135.6499999999999
KXBTC,5,day,fixed,volview,2,cheap,yes,328,-1.1768597560975613,-386.0100000000001,-0.7649847173744693,227,-0.7024669603524221,-159.4599999999998,-0.3352280831019027,173,-1.9504046242774555,-337.4199999999998,-0.9588534015609059,-135.6499999999999
KXBTC,5,day,fixed,volview,2,cheap,no,0,,0.0,,0,,0.0,,0,,0.0,,0.0
KXBTC,5,day,fixed,volview,2,middle,both,447,-4.244608501118568,-1897.34,-1.8028515586129403,190,-8.000263157894736,-1520.0499999999997,-3.4542620258741388,133,-2.7209022556390976,-361.88,-1.1031302290471303,-247.01999999999998
KXBTC,5,day,fixed,volview,2,middle,yes,194,-4.565979381443299,-885.8,-1.3612290600760464,90,-5.434888888888889,-489.14,-2.13122227006948,45,0.44511111111111223,20.03000000000005,0.0752068110359195,134.89000000000001
KXBTC,5,day,fixed,volview,2,middle,no,253,-3.998181818181819,-1011.5400000000002,-1.6637258566373219,100,-10.309099999999999,-1030.9099999999999,-2.0997597272993227,88,-4.339886363636364,-381.90999999999997,-1.6195123944468375,-381.90999999999997
KXBTC,5,day,fixed,volview,5,all,both,428,-4.21390186915888,-1803.5500000000004,-1.7135033685591645,188,-5.7009042553191485,-1071.77,-2.3934653450590284,105,-0.9543809523809512,-100.20999999999988,-0.2853478159023029,89.60000000000004
KXBTC,5,day,fixed,volview,5,all,yes,238,-4.36155462184874,-1038.0500000000002,-1.6846308639057257,129,-3.1010852713178285,-400.0399999999999,-1.3504296884758835,65,-1.354615384615383,-88.0499999999999,-0.3212260745695187,101.76000000000008
KXBTC,5,day,fixed,volview,5,all,no,190,-4.028947368421052,-765.5,-1.1457360110486354,59,-11.385254237288136,-671.73,-1.6407493707958545,40,-0.30399999999999955,-12.159999999999982,-0.05290497472908063,-12.159999999999982
KXBTC,5,day,fixed,volview,5,cheap,both,108,-3.8008333333333324,-410.4899999999999,-1.2940414460026406,82,-1.8530487804878046,-151.95,-0.7576776402005718,46,0.28391304347826074,13.059999999999993,0.07378988695321682,114.99999999999999
KXBTC,5,day,fixed,volview,5,cheap,yes,108,-3.8008333333333324,-410.4899999999999,-1.2940414460026406,82,-1.8530487804878046,-151.95,-0.7576776402005718,46,0.28391304347826074,13.059999999999993,0.07378988695321682,114.99999999999999
KXBTC,5,day,fixed,volview,5,cheap,no,0,,0.0,,0,,0.0,,0,,0.0,,0.0
KXBTC,5,day,fixed,volview,5,middle,both,290,-4.387000000000001,-1272.2300000000005,-1.4566447889882057,105,-8.831428571428571,-927.3,-2.768240588735267,58,-2.098103448275862,-121.68999999999998,-0.5025279830478009,-33.819999999999936
KXBTC,5,day,fixed,volview,5,middle,yes,130,-4.827384615384616,-627.5600000000001,-1.1178027889814814,47,-5.278510638297872,-248.08999999999997,-1.2298293855507265,19,-5.32157894736842,-101.10999999999997,-0.7831321915742632,-13.239999999999986
KXBTC,5,day,fixed,volview,5,middle,no,160,-4.029187500000001,-644.6700000000002,-0.9799607236443204,58,-11.71051724137931,-679.21,-1.7353077955748932,39,-0.5276923076923073,-20.579999999999988,-0.08840341346546854,-20.579999999999988
KXBTC,5,day,fixed,volview,10,all,both,145,-5.066620689655173,-734.6600000000001,-0.9574987897897227,59,-15.756440677966099,-929.6299999999999,-2.345774266880435,29,-10.840000000000002,-314.36000000000007,-1.1284633527095183,-246.58000000000004
KXBTC,5,day,fixed,volview,10,all,yes,63,-4.698412698412699,-296.0,-0.776753685998473,21,-9.046190476190475,-189.96999999999997,-1.4219268409742667,10,0.4489999999999995,4.489999999999995,0.03662749247379506,72.27
KXBTC,5,day,fixed,volview,10,all,no,82,-5.349512195121952,-438.6600000000001,-0.7532163201979261,38,-19.464736842105264,-739.6600000000001,-1.9473805115629526,19,-16.781578947368423,-318.85,-1.349320913909087,-318.85
KXBTC,5,day,fixed,volview,10,cheap,both,13,-11.605384615384613,-150.86999999999998,-4.879345232114976,5,-11.054,-55.27,-2.3583028129007078,1,-14.850000000000001,-14.850000000000001,,0.0
KXBTC,5,day,fixed,volview,10,cheap,yes,13,-11.605384615384613,-150.86999999999998,-4.879345232114976,5,-11.054,-55.27,-2.3583028129007078,1,-14.850000000000001,-14.850000000000001,,0.0
KXBTC,5,day,fixed,volview,10,cheap,no,0,,0.0,,0,,0.0,,0,,0.0,,0.0
KXBTC,5,day,fixed,volview,10,middle,both,132,-4.4226515151515144,-583.79,-0.7946294935546455,54,-16.191851851851855,-874.3600000000001,-2.259067129423581,28,-10.696785714285715,-299.51000000000005,-1.0774344427251452,-246.58000000000004
KXBTC,5,day,fixed,volview,10,middle,yes,50,-2.902599999999999,-145.12999999999997,-0.39323238016800427,16,-8.41875,-134.7,-0.9728153511879144,9,2.1488888888888886,19.339999999999996,0.17537338949789347,72.27
KXBTC,5,day,fixed,volview,10,middle,no,82,-5.349512195121952,-438.6600000000001,-0.7532163201979261,38,-19.464736842105264,-739.6600000000001,-1.9473805115629526,19,-16.781578947368423,-318.85,-1.349320913909087,-318.85
KXBTC,5,day,fixed,shrink25,2,all,both,66,-10.611818181818181,-700.38,-1.3741092905912775,25,-20.542799999999996,-513.5699999999999,-2.1851371556899464,8,-13.736250000000002,-109.89000000000001,-0.6932913006855411,-109.89000000000001
KXBTC,5,day,fixed,shrink25,2,all,yes,29,-4.96551724137931,-143.99999999999997,-0.513551704597054,7,-19.02285714285714,-133.16,-2.881515623088331,2,33.055,66.11,,66.11
KXBTC,5,day,fixed,shrink25,2,all,no,37,-15.037297297297295,-556.3799999999999,-1.5386725043826495,18,-21.13388888888889,-380.41,,6,-29.33333333333334,-176.00000000000003,,-176.00000000000003
KXBTC,5,day,fixed,shrink25,2,cheap,both,5,-14.008,-70.03999999999999,-5.79771130200881,1,-10.63,-10.63,,0,,0.0,,0.0
KXBTC,5,day,fixed,shrink25,2,cheap,yes,5,-14.008,-70.03999999999999,-5.79771130200881,1,-10.63,-10.63,,0,,0.0,,0.0
KXBTC,5,day,fixed,shrink25,2,cheap,no,0,,0.0,,0,,0.0,,0,,0.0,,0.0
KXBTC,5,day,fixed,shrink25,2,middle,both,61,-10.333442622950816,-630.3399999999998,-1.271207685814073,24,-20.955833333333334,-502.94000000000005,-2.120524144868128,8,-13.736250000000002,-109.89000000000001,-0.6932913006855411,-109.89000000000001
KXBTC,5,day,fixed,shrink25,2,middle,yes,24,-3.0816666666666657,-73.95999999999998,-0.2692719040686793,6,-20.421666666666663,-122.52999999999999,-3.1954999849072703,2,33.055,66.11,,66.11
KXBTC,5,day,fixed,shrink25,2,middle,no,37,-15.037297297297295,-556.3799999999999,-1.5386725043826495,18,-21.13388888888889,-380.41,,6,-29.33333333333334,-176.00000000000003,,-176.00000000000003
KXBTC,5,day,fixed,shrink25,5,all,both,9,-18.64222222222222,-167.77999999999997,-1.0756442873420318,1,-47.74,-47.74,,0,,0.0,,0.0
KXBTC,5,day,fixed,shrink25,5,all,yes,4,-4.409999999999997,-17.639999999999986,,0,,0.0,,0,,0.0,,0.0
KXBTC,5,day,fixed,shrink25,5,all,no,5,-30.028,-150.14,,1,-47.74,-47.74,,0,,0.0,,0.0
KXBTC,5,day,fixed,shrink25,5,cheap,both,0,,0.0,,0,,0.0,,0,,0.0,,0.0
KXBTC,5,day,fixed,shrink25,5,cheap,yes,0,,0.0,,0,,0.0,,0,,0.0,,0.0
KXBTC,5,day,fixed,shrink25,5,cheap,no,0,,0.0,,0,,0.0,,0,,0.0,,0.0
KXBTC,5,day,fixed,shrink25,5,middle,both,9,-18.64222222222222,-167.77999999999997,-1.0756442873420318,1,-47.74,-47.74,,0,,0.0,,0.0
KXBTC,5,day,fixed,shrink25,5,middle,yes,4,-4.409999999999997,-17.639999999999986,,0,,0.0,,0,,0.0,,0.0
KXBTC,5,day,fixed,shrink25,5,middle,no,5,-30.028,-150.14,,1,-47.74,-47.74,,0,,0.0,,0.0
KXBTC,5,day,fixed,shrink25,10,all,both,0,,0.0,,0,,0.0,,0,,0.0,,0.0
KXBTC,5,day,fixed,shrink25,10,all,yes,0,,0.0,,0,,0.0,,0,,0.0,,0.0
KXBTC,5,day,fixed,shrink25,10,all,no,0,,0.0,,0,,0.0,,0,,0.0,,0.0
KXBTC,5,day,fixed,shrink25,10,cheap,both,0,,0.0,,0,,0.0,,0,,0.0,,0.0
KXBTC,5,day,fixed,shrink25,10,cheap,yes,0,,0.0,,0,,0.0,,0,,0.0,,0.0
KXBTC,5,day,fixed,shrink25,10,cheap,no,0,,0.0,,0,,0.0,,0,,0.0,,0.0
KXBTC,5,day,fixed,shrink25,10,middle,both,0,,0.0,,0,,0.0,,0,,0.0,,0.0
KXBTC,5,day,fixed,shrink25,10,middle,yes,0,,0.0,,0,,0.0,,0,,0.0,,0.0
KXBTC,5,day,fixed,shrink25,10,middle,no,0,,0.0,,0,,0.0,,0,,0.0,,0.0
KXBTC,5,day,fixed,shrink50,2,all,both,366,-4.64707650273224,-1700.83,-1.6787872369894166,175,-7.490914285714285,-1310.9099999999999,-2.2995097704936125,105,-3.164571428571428,-332.28,-0.9075022015802289,-192.25999999999996
KXBTC,5,day,fixed,shrink50,2,all,yes,218,-3.876238532110091,-845.0199999999999,-1.331448265511963,113,-4.929646017699115,-557.05,-2.0191709802072846,53,-4.338301886792452,-229.92999999999998,-0.8050115706998578,-89.90999999999997
KXBTC,5,day,fixed,shrink50,2,all,no,148,-5.7825000000000015,-855.8100000000002,-1.2686979263499552,62,-12.159032258064519,-753.8600000000001,-1.5115766672008983,52,-1.968269230769231,-102.35000000000002,-0.39639744134113786,-102.35000000000002
KXBTC,5,day,fixed,shrink50,2,cheap,both,97,-4.275463917525772,-414.7199999999999,-1.4212319160008628,71,-4.449154929577464,-315.88999999999993,-1.6571711517629226,36,-1.9441666666666657,-69.98999999999997,-0.4117687608240626,17.100000000000016
KXBTC,5,day,fixed,shrink50,2,cheap,yes,97,-4.275463917525772,-414.7199999999999,-1.4212319160008628,71,-4.449154929577464,-315.88999999999993,-1.6571711517629226,36,-1.9441666666666657,-69.98999999999997,-0.4117687608240626,17.100000000000016
KXBTC,5,day,fixed,shrink50,2,cheap,no,0,,0.0,,0,,0.0,,0,,0.0,,0.0
KXBTC,5,day,fixed,shrink50,2,middle,both,253,-4.8741106719367595,-1233.15,-1.4086333742371155,103,-9.733009708737864,-1002.5,-2.1215205390822582,68,-3.9810294117647063,-270.71000000000004,-0.9983359791774072,-217.78
KXBTC,5,day,fixed,shrink50,2,middle,yes,121,-3.5561983471074377,-430.29999999999995,-0.7576180718708793,42,-5.7419047619047605,-241.15999999999994,-1.3073231752291057,17,-9.408235294117647,-159.94,-1.14511206316568,-107.01
KXBTC,5,day,fixed,shrink50,2,middle,no,132,-6.08219696969697,-802.8500000000001,-1.2036648743880696,61,-12.480983606557379,-761.3400000000001,-1.6101772217258168,51,-2.171960784313726,-110.77000000000002,-0.42531870292018054,-110.77000000000002
KXBTC,5,day,fixed,shrink50,5,all,both,96,-8.414479166666666,-807.79,-1.0967545799668508,47,-23.958723404255316,-1126.06,-2.2073052883811597,13,-3.596923076923077,-46.760000000000005,-0.3705514620974019,-46.760000000000005
KXBTC,5,day,fixed,shrink50,5,all,yes,40,-2.105999999999999,-84.23999999999997,-0.23661084249251105,11,-19.875454545454545,-218.63,-3.3707949173319194,2,33.055,66.11,,66.11
KXBTC,5,day,fixed,shrink50,5,all,no,56,-12.920535714285714,-723.55,-1.2653139937485443,36,-25.206388888888892,-907.4300000000001,,11,-10.260909090909093,-112.87000000000002,,-112.87000000000002
KXBTC,5,day,fixed,shrink50,5,cheap,both,7,-12.440000000000001,-87.08000000000001,-4.566747091671897,1,-10.63,-10.63,,0,,0.0,,0.0
KXBTC,5,day,fixed,shrink50,5,cheap,yes,7,-12.440000000000001,-87.08000000000001,-4.566747091671897,1,-10.63,-10.63,,0,,0.0,,0.0
KXBTC,5,day,fixed,shrink50,5,cheap,no,0,,0.0,,0,,0.0,,0,,0.0,,0.0
KXBTC,5,day,fixed,shrink50,5,middle,both,89,-8.097865168539327,-720.71,-1.0116587951309803,46,-24.248478260869568,-1115.43,-2.1751578466000967,13,-3.596923076923077,-46.760000000000005,-0.3705514620974019,-46.760000000000005
KXBTC,5,day,fixed,shrink50,5,middle,yes,33,0.08606060606060853,2.8400000000000816,0.008236754790959444,10,-20.8,-208.0,-3.5470199493116352,2,33.055,66.11,,66.11
KXBTC,5,day,fixed,shrink50,5,middle,no,56,-12.920535714285714,-723.55,-1.2653139937485443,36,-25.206388888888892,-907.4300000000001,,11,-10.260909090909093,-112.87000000000002,,-112.87000000000002
KXBTC,5,day,fixed,shrink50,10,all,both,22,-15.873636363636363,-349.21999999999997,-0.9947634023926175,5,-33.944,-169.72000000000003,,0,,0.0,,0.0
KXBTC,5,day,fixed,shrink50,10,all,yes,7,13.332857142857147,93.33000000000003,0.3591926627037989,0,,0.0,,0,,0.0,,0.0
KXBTC,5,day,fixed,shrink50,10,all,no,15,-29.50333333333333,-442.54999999999995,-2.368542725004166,5,-33.944,-169.72000000000003,,0,,0.0,,0.0
KXBTC,5,day,fixed,shrink50,10,cheap,both,1,-13.8,-13.8,,0,,0.0,,0,,0.0,,0.0
KXBTC,5,day,fixed,shrink50,10,cheap,yes,1,-13.8,-13.8,,0,,0.0,,0,,0.0,,0.0
KXBTC,5,day,fixed,shrink50,10,cheap,no,0,,0.0,,0,,0.0,,0,,0.0,,0.0
KXBTC,5,day,fixed,shrink50,10,middle,both,21,-15.972380952380954,-335.42,-0.9489394593055458,5,-33.944,-169.72000000000003,,0,,0.0,,0.0
KXBTC,5,day,fixed,shrink50,10,middle,yes,6,17.855000000000004,107.13000000000002,,0,,0.0,,0,,0.0,,0.0
KXBTC,5,day,fixed,shrink50,10,middle,no,15,-29.50333333333333,-442.54999999999995,-2.368542725004166,5,-33.944,-169.72000000000003,,0,,0.0,,0.0
KXBTC,15,day,fixed,none,2,all,both,1283,-1.7637957911145754,-2262.9500000000003,-1.4166619499551403,664,-2.5014457831325294,-1660.9599999999996,-1.9161874519352102,534,-1.6031835205992508,-856.0999999999999,-1.511641513207398,-623.2400000000002
KXBTC,15,day,fixed,none,2,all,yes,633,-1.8470300157977884,-1169.17,-1.4329730558917506,418,-2.2405741626794256,-936.5599999999998,-1.727826615031741,300,0.6237333333333333,187.11999999999998,0.3479336621802451,305.13
KXBTC,15,day,fixed,none,2,all,no,650,-1.6827384615384617,-1093.7800000000002,-1.1522935278924757,246,-2.9447154471544716,-724.4,-1.319817716589074,234,-4.45820512820513,-1043.2200000000003,-4.148885526730818,-928.37
KXBTC,15,day,fixed,none,2,cheap,both,350,-1.6446285714285716,-575.62,-1.1740479839407878,269,-2.018810408921932,-543.0599999999997,-1.2935732349538167,231,1.2451082251082264,287.6200000000003,0.5729948184349095,469.2700000000002
KXBTC,15,day,fixed,none,2,cheap,yes,350,-1.6446285714285716,-575.62,-1.1740479839407878,269,-2.018810408921932,-543.0599999999997,-1.2935732349538167,231,1.2451082251082264,287.6200000000003,0.5729948184349095,469.2700000000002
KXBTC,15,day,fixed,none,2,cheap,no,0,,0.0,,0,,0.0,,0,,0.0,,0.0
KXBTC,15,day,fixed,none,2,middle,both,659,-3.162427921092566,-2084.040000000001,-1.689023767245391,271,-3.677933579335794,-996.7200000000001,-1.7719276046832868,235,-4.413021276595745,-1037.0600000000002,-2.4493354709379416,-1120.53
KXBTC,15,day,fixed,none,2,middle,yes,282,-2.1514184397163123,-606.7,-0.9039615683639604,149,-2.6409395973154353,-393.4999999999999,-0.9521870655455317,69,-1.4565217391304348,-100.5,-0.37197406432942226,-164.14000000000001
KXBTC,15,day,fixed,none,2,middle,no,377,-3.91867374005305,-1477.34,-1.8390368617980968,122,-4.944426229508197,-603.22,-1.3065155541051467,166,-5.641927710843374,-936.5600000000002,-3.4769312921219058,-956.3900000000001
KXBTC,15,day,fixed,none,5,all,both,496,-3.4659677419354846,-1719.1200000000003,-1.4757786710472651,241,-4.182697095435684,-1008.03,-1.3810160375910463,161,-3.388012422360247,-545.4699999999998,-1.301500897507054,-234.90999999999985
KXBTC,15,day,fixed,none,5,all,yes,278,-3.613021582733813,-1004.4200000000001,-1.5434583844734258,158,-2.1083544303797463,-333.11999999999995,-1.0427005994391725,93,-4.893118279569891,-455.0599999999999,-1.008003187585279,-144.49999999999991
KXBTC,15,day,fixed,none,5,all,no,218,-3.278440366972478,-714.7000000000002,-1.018232553853031,83,-8.131445783132529,-674.91,-1.2717151209013193,68,-1.329558823529412,-90.41000000000001,-0.9754363558463295,-90.41000000000001
KXBTC,15,day,fixed,none,5,cheap,both,114,-0.18114035087719296,-20.65,-0.07343698576323038,95,-2.1208421052631583,-201.48000000000002,-1.0426798311987129,64,-1.5365624999999996,-98.33999999999997,-0.3278953171247803,58.880000000000045
KXBTC,15,day,fixed,none,5,cheap,yes,114,-0.18114035087719296,-20.65,-0.07343698576323038,95,-2.1208421052631583,-201.48000000000002,-1.0426798311987129,64,-1.5365624999999996,-98.33999999999997,-0.3278953171247803,58.880000000000045
KXBTC,15,day,fixed,none,5,cheap,no,0,,0.0,,0,,0.0,,0,,0.0,,0.0
KXBTC,15,day,fixed,none,5,middle,both,356,-4.933230337078652,-1756.2300000000002,-1.7463258645573112,142,-5.266197183098592,-747.8000000000001,-1.0919098676099321,95,-4.953578947368424,-470.59000000000026,-2.0851572342519216,-317.25000000000006
KXBTC,15,day,fixed,none,5,middle,yes,163,-6.116073619631902,-996.9200000000001,-1.6247183343912357,63,-2.089523809523809,-131.64,-0.38205181565245366,29,-12.30068965517241,-356.7199999999999,-1.7932082189174938,-203.38000000000002
KXBTC,15,day,fixed,none,5,middle,no,193,-3.9342487046632133,-759.3100000000002,-1.179901874945604,79,-7.799493670886077,-616.1600000000001,-1.1623513810531854,66,-1.7253030303030308,-113.87000000000003,-1.3164576908369758,-113.87000000000003
KXBTC,15,day,fixed,none,10,all,both,184,-3.567010869565217,-656.3299999999999,-0.990348044888508,72,-15.254861111111117,-1098.3500000000004,-2.628922855419768,36,-5.774166666666666,-207.86999999999998,-1.2351562334040083,-179.25000000000009
KXBTC,15,day,fixed,none,10,all,yes,93,-4.4510752688172035,-413.94999999999993,-1.1484009551205236,31,-15.239032258064517,-472.41,-2.6053467076073273,10,-7.971000000000001,-79.71000000000001,-3.684592510550373,-51.09000000000001
KXBTC,15,day,fixed,none,10,all,no,91,-2.6635164835164837,-242.38000000000002,-0.5212357927809266,41,-15.266829268292684,-625.94,-2.0267236593708438,26,-4.929230769230769,-128.16,-0.6894610416189014,-128.16
KXBTC,15,day,fixed,none,10,cheap,both,24,1.9145833333333329,45.94999999999999,0.33953558339869444,11,-11.015454545454544,-121.16999999999999,-6.771269639656137,3,-10.983333333333334,-32.95,-7.158021769840661,-22.32
KXBTC,15,day,fixed,none,10,cheap,yes,24,1.9145833333333329,45.94999999999999,0.33953558339869444,11,-11.015454545454544,-121.16999999999999,-6.771269639656137,3,-10.983333333333334,-32.95,-7.158021769840661,-22.32
KXBTC,15,day,fixed,none,10,cheap,no,0,,0.0,,0,,0.0,,0,,0.0,,0.0
KXBTC,15,day,fixed,none,10,middle,both,160,-4.38925,-702.28,-1.1454411148384795,61,-16.019344262295085,-977.1800000000003,-2.4894721893176843,33,-5.300606060606061,-174.92000000000002,-1.02745824424748,-156.93000000000006
KXBTC,15,day,fixed,none,10,middle,yes,69,-6.665217391304346,-459.8999999999999,-1.2935593808862844,20,-17.562000000000005,-351.24000000000007,-2.3090451045194706,7,-6.6800000000000015,-46.76000000000001,-10.486914913296385,-28.770000000000014
KXBTC,15,day,fixed,none,10,middle,no,91,-2.6635164835164837,-242.38000000000002,-0.5212357927809266,41,-15.266829268292684,-625.94,-2.0267236593708438,26,-4.929230769230769,-128.16,-0.6894610416189014,-128.16
KXBTC,15,day,fixed,volview,2,all,both,1082,-1.8003696857670983,-1948.0000000000005,-1.370908724575549,567,-2.8830864197530865,-1634.71,-1.8320709719890245,453,-1.2021412803532012,-544.5700000000002,-0.9237600009266821,-344.9499999999998
KXBTC,15,day,fixed,volview,2,all,yes,513,-2.1496101364522415,-1102.75,-1.4169793178964976,342,-2.7793567251461986,-950.54,-1.9681168306221226,262,-0.6945801526717557,-181.98,-0.34397161719053804,-117.04000000000003
KXBTC,15,day,fixed,volview,2,all,no,569,-1.485500878734622,-845.2499999999999,-1.002794122786653,225,-3.040755555555556,-684.1700000000001,-1.296702058602628,191,-1.8983769633507854,-362.59000000000003,-1.0602935406001324,-227.91000000000005
KXBTC,15,day,fixed,volview,2,cheap,both,319,-1.4581504702194352,-465.14999999999986,-0.9911680870771719,225,-2.5904,-582.8399999999999,-1.4251509850487636,202,-0.5520792079207919,-111.51999999999997,-0.24525438496075802,32.96000000000001
KXBTC,15,day,fixed,volview,2,cheap,yes,319,-1.4581504702194352,-465.14999999999986,-0.9911680870771719,225,-2.5904,-582.8399999999999,-1.4251509850487636,202,-0.5520792079207919,-111.51999999999997,-0.24525438496075802,32.96000000000001
KXBTC,15,day,fixed,volview,2,cheap,no,0,,0.0,,0,,0.0,,0,,0.0,,0.0
KXBTC,15,day,fixed,volview,2,middle,both,505,-3.4734257425742583,-1754.0800000000004,-1.5844623957611137,228,-4.134254385964913,-942.6100000000001,-1.44111657844913,187,-2.150267379679144,-402.09999999999997,-1.012310638563022,-481.64000000000004
KXBTC,15,day,fixed,volview,2,middle,yes,194,-3.2865979381443307,-637.6000000000001,-0.935642329973581,117,-3.142735042735043,-367.70000000000005,-1.0222050277169197,60,-1.1743333333333335,-70.46000000000001,-0.2846997992553507,-150.00000000000003
KXBTC,15,day,fixed,volview,2,middle,no,311,-3.5899678456591646,-1116.4800000000002,-1.6174444311665517,111,-5.17936936936937,-574.9100000000001,-1.186556336184806,127,-2.611338582677166,-331.6400000000001,-1.0085054640117652,-331.6400000000001
KXBTC,15,day,fixed,volview,5,all,both,440,-3.271795454545455,-1439.5900000000001,-1.2762732280798128,225,-3.550266666666667,-798.8100000000001,-1.100748538106365,157,-3.851910828025477,-604.7499999999999,-1.4808728363361268,-306.92999999999995
KXBTC,15,day,fixed,volview,5,all,yes,232,-3.8036206896551725,-882.44,-1.463786380864352,145,-0.918758620689655,-133.21999999999997,-0.4189305229429301,92,-4.807826086956521,-442.3199999999999,-0.9981816406964195,-144.49999999999991
KXBTC,15,day,fixed,volview,5,all,no,208,-2.67860576923077,-557.1500000000001,-0.8458141004098829,80,-8.319875000000001,-665.5900000000001,-1.2977605769987581,65,-2.4989230769230777,-162.43000000000006,-1.5324728676925699,-162.43000000000006
KXBTC,15,day,fixed,volview,5,cheap,both,106,0.6970754716981139,73.89000000000007,0.23203892340478102,89,-1.6786516853932583,-149.39999999999998,-0.7373571039665269,63,-1.3587301587301581,-85.59999999999997,-0.29194851421079443,58.880000000000045
KXBTC,15,day,fixed,volview,5,cheap,yes,106,0.6970754716981139,73.89000000000007,0.23203892340478102,89,-1.6786516853932583,-149.39999999999998,-0.7373571039665269,63,-1.3587301587301581,-85.59999999999997,-0.29194851421079443,58.880000000000045
KXBTC,15,day,fixed,volview,5,cheap,no,0,,0.0,,0,,0.0,,0,,0.0,,0.0
KXBTC,15,day,fixed,volview,5,middle,both,309,-5.042362459546926,-1558.0900000000001,-1.6356772851216745,132,-4.4746969696969705,-590.6600000000001,-0.8780751640897726,92,-5.897934782608695,-542.61,-2.4652050044776126,-389.27
KXBTC,15,day,fixed,volview,5,middle,yes,126,-7.5899206349206345,-956.3299999999999,-1.722368245467715,56,0.2889285714285713,16.179999999999993,0.048955051405878185,29,-12.30068965517241,-356.7199999999999,-1.7932082189174938,-203.38000000000002
KXBTC,15,day,fixed,volview,5,middle,no,183,-3.288306010928962,-601.7600000000001,-1.0073215740716932,76,-7.984736842105265,-606.8400000000001,-1.197138836214119,63,-2.9506349206349207,-185.89000000000001,-1.961026916333295,-185.89000000000001
KXBTC,15,day,fixed,volview,10,all,both,174,-2.445919540229885,-425.59,-0.6382718708190304,69,-15.125942028985508,-1043.69,-2.565829352183603,36,-5.774166666666666,-207.86999999999998,-1.2351562334040083,-179.25000000000009
KXBTC,15,day,fixed,volview,10,all,yes,83,-2.207349397590361,-183.20999999999995,-0.5285592468882884,30,-14.801000000000004,-444.0300000000001,-2.706997562218443,10,-7.971000000000001,-79.71000000000001,-3.684592510550373,-51.09000000000001
KXBTC,15,day,fixed,volview,10,all,no,91,-2.6635164835164837,-242.38000000000002,-0.5212357927809266,39,-15.375897435897437,-599.6600000000001,-1.9412816612134018,26,-4.929230769230769,-128.16,-0.6894610416189014,-128.16
KXBTC,15,day,fixed,volview,10,cheap,both,22,3.1990909090909097,70.38000000000001,0.497919932513837,11,-11.015454545454544,-121.16999999999999,-6.771269639656137,3,-10.983333333333334,-32.95,-7.158021769840661,-22.32
KXBTC,15,day,fixed,volview,10,cheap,yes,22,3.1990909090909097,70.38000000000001,0.497919932513837,11,-11.015454545454544,-121.16999999999999,-6.771269639656137,3,-10.983333333333334,-32.95,-7.158021769840661,-22.32
KXBTC,15,day,fixed,volview,10,cheap,no,0,,0.0,,0,,0.0,,0,,0.0,,0.0
KXBTC,15,day,fixed,volview,10,middle,both,152,-3.26296052631579,-495.9700000000001,-0.8059495252579509,58,-15.905517241379313,-922.5200000000001,-2.3958754089283025,33,-5.300606060606061,-174.92000000000002,-1.02745824424748,-156.93000000000006
KXBTC,15,day,fixed,volview,10,middle,yes,61,-4.157213114754098,-253.58999999999997,-0.7390883373185256,19,-16.992631578947368,-322.86,-2.3972526888885217,7,-6.6800000000000015,-46.76000000000001,-10.486914913296385,-28.770000000000014
KXBTC,15,day,fixed,volview,10,middle,no,91,-2.6635164835164837,-242.38000000000002,-0.5212357927809266,39,-15.375897435897437,-599.6600000000001,-1.9412816612134018,26,-4.929230769230769,-128.16,-0.6894610416189014,-128.16
KXBTC,15,day,fixed,shrink25,2,all,both,83,-8.034216867469882,-666.8400000000001,-1.4594303379728935,32,-21.648437500000004,-692.7500000000001,-1.9925885253942937,13,-23.995384615384616,-311.94,-1.2256969865035683,-301.31
KXBTC,15,day,fixed,shrink25,2,all,yes,42,-6.73142857142857,-282.71999999999997,-1.2944369396846278,12,-11.385,-136.62,-1.0903765252017505,6,-15.008333333333333,-90.05,-2.87094849101255,-79.42
KXBTC,15,day,fixed,shrink25,2,all,no,41,-9.368780487804878,-384.12,-1.051798735222315,20,-27.8065,-556.13,,7,-31.698571428571427,-221.89,,-221.89
KXBTC,15,day,fixed,shrink25,2,cheap,both,7,2.298571428571429,16.090000000000003,0.20445630738477188,2,-12.740000000000002,-25.480000000000004,,3,-10.983333333333334,-32.95,-7.158021769840661,-22.32
KXBTC,15,day,fixed,shrink25,2,cheap,yes,7,2.298571428571429,16.090000000000003,0.20445630738477188,2,-12.740000000000002,-25.480000000000004,,3,-10.983333333333334,-32.95,-7.158021769840661,-22.32
KXBTC,15,day,fixed,shrink25,2,cheap,no,0,,0.0,,0,,0.0,,0,,0.0,,0.0
KXBTC,15,day,fixed,shrink25,2,middle,both,76,-8.98592105263158,-682.9300000000001,-1.5340761942495102,30,-22.242333333333338,-667.2700000000001,-1.9641124792548177,10,-27.899,-278.99,-1.081396803275877,-278.99
KXBTC,15,day,fixed,shrink25,2,middle,yes,35,-8.53742857142857,-298.80999999999995,-1.4487721579693378,10,-11.113999999999999,-111.13999999999999,-0.9001513201437621,3,-19.03333333333333,-57.099999999999994,,-57.099999999999994
KXBTC,15,day,fixed,shrink25,2,middle,no,41,-9.368780487804878,-384.12,-1.051798735222315,20,-27.8065,-556.13,,7,-31.698571428571427,-221.89,,-221.89
KXBTC,15,day,fixed,shrink25,5,all,both,14,-24.907857142857136,-348.7099999999999,-1.790892819694333,4,-26.5,-106.0,,0,,0.0,,0.0
KXBTC,15,day,fixed,shrink25,5,all,yes,4,-10.32,-41.28,-0.43183135082540824,0,,0.0,,0,,0.0,,0.0
KXBTC,15,day,fixed,shrink25,5,all,no,10,-30.742999999999995,-307.42999999999995,-2.3842213921631155,4,-26.5,-106.0,,0,,0.0,,0.0
KXBTC,15,day,fixed,shrink25,5,cheap,both,0,,0.0,,0,,0.0,,0,,0.0,,0.0
KXBTC,15,day,fixed,shrink25,5,cheap,yes,0,,0.0,,0,,0.0,,0,,0.0,,0.0
KXBTC,15,day,fixed,shrink25,5,cheap,no,0,,0.0,,0,,0.0,,0,,0.0,,0.0
KXBTC,15,day,fixed,shrink25,5,middle,both,14,-24.907857142857136,-348.7099999999999,-1.790892819694333,4,-26.5,-106.0,,0,,0.0,,0.0
KXBTC,15,day,fixed,shrink25,5,middle,yes,4,-10.32,-41.28,-0.43183135082540824,0,,0.0,,0,,0.0,,0.0
KXBTC,15,day,fixed,shrink25,5,middle,no,10,-30.742999999999995,-307.42999999999995,-2.3842213921631155,4,-26.5,-106.0,,0,,0.0,,0.0
KXBTC,15,day,fixed,shrink25,10,all,both,0,,0.0,,0,,0.0,,0,,0.0,,0.0
KXBTC,15,day,fixed,shrink25,10,all,yes,0,,0.0,,0,,0.0,,0,,0.0,,0.0
KXBTC,15,day,fixed,shrink25,10,all,no,0,,0.0,,0,,0.0,,0,,0.0,,0.0
KXBTC,15,day,fixed,shrink25,10,cheap,both,0,,0.0,,0,,0.0,,0,,0.0,,0.0
KXBTC,15,day,fixed,shrink25,10,cheap,yes,0,,0.0,,0,,0.0,,0,,0.0,,0.0
KXBTC,15,day,fixed,shrink25,10,cheap,no,0,,0.0,,0,,0.0,,0,,0.0,,0.0
KXBTC,15,day,fixed,shrink25,10,middle,both,0,,0.0,,0,,0.0,,0,,0.0,,0.0
KXBTC,15,day,fixed,shrink25,10,middle,yes,0,,0.0,,0,,0.0,,0,,0.0,,0.0
KXBTC,15,day,fixed,shrink25,10,middle,no,0,,0.0,,0,,0.0,,0,,0.0,,0.0
KXBTC,15,day,fixed,shrink50,2,all,both,385,-3.6615584415584412,-1409.6999999999998,-1.29272308468503,194,-6.3719072164948445,-1236.1499999999999,-2.0443152509827685,115,-2.540521739130435,-292.16,-0.8601609828020625,-97.18999999999997
KXBTC,15,day,fixed,shrink50,2,all,yes,224,-2.7789732142857138,-622.4899999999999,-1.0294510431135837,130,-3.1769999999999996,-413.00999999999993,-1.3137210465559188,67,-4.72641791044776,-316.66999999999996,-0.9345044754898196,-121.70000000000002
KXBTC,15,day,fixed,shrink50,2,all,no,161,-4.889503105590063,-787.2100000000002,-1.1500798054714318,64,-12.8615625,-823.14,-1.8409950793218084,48,0.5106249999999989,24.50999999999995,0.13973531199834732,24.50999999999995
KXBTC,15,day,fixed,shrink50,2,cheap,both,87,-0.48402298850574665,-42.10999999999996,-0.22141446796603487,80,-3.971499999999999,-317.7199999999999,-1.9244275220282794,49,-0.5783673469387753,-28.33999999999999,-0.11039890316334286,67.27000000000002
KXBTC,15,day,fixed,shrink50,2,cheap,yes,87,-0.48402298850574665,-42.10999999999996,-0.22141446796603487,80,-3.971499999999999,-317.7199999999999,-1.9244275220282794,49,-0.5783673469387753,-28.33999999999999,-0.11039890316334286,67.27000000000002
KXBTC,15,day,fixed,shrink50,2,cheap,no,0,,0.0,,0,,0.0,,0,,0.0,,0.0
KXBTC,15,day,fixed,shrink50,2,middle,both,283,-4.649010600706714,-1315.67,-1.404932966857708,111,-7.66900900900901,-851.2600000000001,-1.4767308027506678,65,-4.261076923076924,-276.9700000000001,-1.16059414966835,-177.61000000000007
KXBTC,15,day,fixed,shrink50,2,middle,yes,136,-4.364191176470588,-593.53,-0.9739759851302503,50,-1.9057999999999995,-95.28999999999998,-0.2980401679706336,18,-16.018333333333334,-288.33000000000004,-3.5517148115023693,-188.97000000000003
KXBTC,15,day,fixed,shrink50,2,middle,no,147,-4.912517006802722,-722.1400000000001,-1.1539620842706884,61,-12.392950819672132,-755.97,-1.8266852821769741,47,0.24170212765957355,11.359999999999957,0.06423971820246673,11.359999999999957
KXBTC,15,day,fixed,shrink50,5,all,both,123,-5.227723577235772,-643.01,-1.0979565244140883,52,-14.29076923076923,-743.12,-2.0418016898429254,20,-8.658999999999999,-173.17999999999998,-1.0056616548133932,-162.54999999999998
KXBTC,15,day,fixed,shrink50,5,all,yes,58,-4.79155172413793,-277.90999999999997,-1.0159523409682192,18,-14.859444444444442,-267.46999999999997,-2.15296965889783,6,-15.008333333333333,-90.05,-2.87094849101255,-79.42
KXBTC,15,day,fixed,shrink50,5,all,no,65,-5.616923076923079,-365.10000000000014,-0.7561532391279893,34,-13.989705882352943,-475.6500000000001,,14,-5.937857142857145,-83.13000000000002,,-83.13000000000002
KXBTC,15,day,fixed,shrink50,5,cheap,both,9,0.24777777777777643,2.229999999999988,0.027058716132642845,3,-13.093333333333334,-39.28,-10.322590469676431,3,-10.983333333333334,-32.95,-7.158021769840661,-22.32
KXBTC,15,day,fixed,shrink50,5,cheap,yes,9,0.24777777777777643,2.229999999999988,0.027058716132642845,3,-13.093333333333334,-39.28,-10.322590469676431,3,-10.983333333333334,-32.95,-7.158021769840661,-22.32
KXBTC,15,day,fixed,shrink50,5,cheap,no,0,,0.0,,0,,0.0,,0,,0.0,,0.0
KXBTC,15,day,fixed,shrink50,5,middle,both,114,-5.66,-645.24,-1.143204610779042,49,-14.364081632653065,-703.8400000000001,-1.9895878126249473,17,-8.248823529411764,-140.23,-0.7842410006773729,-140.23
KXBTC,15,day,fixed,shrink50,5,middle,yes,49,-5.717142857142855,-280.13999999999993,-1.0868840834076472,15,-15.212666666666667,-228.19,-2.1760746785155747,3,-19.03333333333333,-57.099999999999994,,-57.099999999999994
KXBTC,15,day,fixed,shrink50,5,middle,no,65,-5.616923076923079,-365.10000000000014,-0.7561532391279893,34,-13.989705882352943,-475.6500000000001,,14,-5.937857142857145,-83.13000000000002,,-83.13000000000002
KXBTC,15,day,fixed,shrink50,10,all,both,31,-13.606129032258064,-421.78999999999996,-1.355861196479978,9,-14.433333333333334,-129.9,-1.2617027157754939,0,,0.0,,0.0
KXBTC,15,day,fixed,shrink50,10,all,yes,12,-4.963333333333334,-59.56,-0.615323368300457,1,-15.9,-15.9,,0,,0.0,,0.0
KXBTC,15,day,fixed,shrink50,10,all,no,19,-19.064736842105265,-362.23,-1.2325031817324317,8,-14.25,-114.0,,0,,0.0,,0.0
KXBTC,15,day,fixed,shrink50,10,cheap,both,1,-14.850000000000001,-14.850000000000001,,0,,0.0,,0,,0.0,,0.0
KXBTC,15,day,fixed,shrink50,10,cheap,yes,1,-14.850000000000001,-14.850000000000001,,0,,0.0,,0,,0.0,,0.0
KXBTC,15,day,fixed,shrink50,10,cheap,no,0,,0.0,,0,,0.0,,0,,0.0,,0.0
KXBTC,15,day,fixed,shrink50,10,middle,both,30,-13.564666666666664,-406.93999999999994,-1.3072960323698324,9,-14.433333333333334,-129.9,-1.2617027157754939,0,,0.0,,0.0
KXBTC,15,day,fixed,shrink50,10,middle,yes,11,-4.0645454545454545,-44.71,-0.4942367679053247,1,-15.9,-15.9,,0,,0.0,,0.0
KXBTC,15,day,fixed,shrink50,10,middle,no,19,-19.064736842105265,-362.23,-1.2325031817324317,8,-14.25,-114.0,,0,,0.0,,0.0
KXBTC,1,day,rolling,none,2,all,both,810,-3.229024691358025,-2615.51,-2.2815492773626107,479,-3.2771607515657615,-1569.7599999999998,-1.5584651736921673,474,6.642995780590717,3148.78,0.9911605309604535,33.459999999999866
KXBTC,1,day,rolling,none,2,all,yes,437,-3.717757437070938,-1624.6599999999999,-2.68479683859926,316,-1.9733544303797466,-623.5799999999999,-1.130532923955858,193,-1.653523316062176,-319.13,-0.7367678825502836,-46.44
KXBTC,1,day,rolling,none,2,all,no,373,-2.6564343163538866,-990.8499999999997,-1.3629440673578812,163,-5.804785276073621,-946.1800000000002,-1.4213644299518957,281,12.341316725978647,3467.91,1.0190678501487815,79.89999999999986
KXBTC,1,day,rolling,none,2,cheap,both,216,-2.301388888888888,-497.0999999999998,-1.1236384803482966,199,-1.5521105527638186,-308.8699999999999,-0.6498806176382051,134,-3.5478358208955223,-475.40999999999997,-1.3124385310303792,-287.44999999999993
KXBTC,1,day,rolling,none,2,cheap,yes,216,-2.301388888888888,-497.0999999999998,-1.1236384803482966,199,-1.5521105527638186,-308.8699999999999,-0.6498806176382051,134,-3.5478358208955223,-475.40999999999997,-1.3124385310303792,-287.44999999999993
KXBTC,1,day,rolling,none,2,cheap,no,0,,0.0,,0,,0.0,,0,,0.0,,0.0
KXBTC,1,day,rolling,none,2,middle,both,446,-4.0095964125560535,-1788.2799999999997,-1.9173940413677366,218,-6.143623853211009,-1339.31,-2.137365175637444,235,15.383574468085106,3615.14,1.0935175744231371,297.69999999999993
KXBTC,1,day,rolling,none,2,middle,yes,221,-5.1020814479637995,-1127.5599999999997,-2.260598411832811,117,-2.6898290598290595,-314.71,-1.2737258110894583,59,2.648813559322035,156.28000000000006,0.9783966341028937,241.01
KXBTC,1,day,rolling,none,2,middle,no,225,-2.9365333333333337,-660.72,-0.9984532289391767,101,-10.144554455445546,-1024.6000000000001,-1.7832402478195588,176,19.652613636363636,3458.8599999999997,1.015276017135621,56.68999999999995
KXBTC,1,day,rolling,none,5,all,both,325,-5.644861538461538,-1834.58,-2.0590485798300704,181,-5.467900552486187,-989.6899999999998,-1.4179945084839298,207,15.942222222222222,3300.04,1.0507772072048085,158.50999999999996
KXBTC,1,day,rolling,none,5,all,yes,177,-6.0956497175141235,-1078.9299999999998,-2.4294127142642568,113,-0.5060176991150435,-57.179999999999914,-0.16519404118084868,68,-3.5601470588235293,-242.09,-0.6973829219667608,0.6299999999999919
KXBTC,1,day,rolling,none,5,all,no,148,-5.105743243243244,-755.6500000000001,-1.3257378703196678,68,-13.713382352941178,-932.5100000000001,-1.4493795423993123,139,25.48294964028777,3542.13,1.0536504781234792,157.8799999999999
KXBTC,1,day,rolling,none,5,cheap,both,56,-8.257142857142858,-462.40000000000003,-3.312159969597684,66,0.7790909090909085,51.41999999999996,0.19053879510375743,39,-7.92948717948718,-309.25,-2.3567907291923524,-239.13
KXBTC,1,day,rolling,none,5,cheap,yes,56,-8.257142857142858,-462.40000000000003,-3.312159969597684,66,0.7790909090909085,51.41999999999996,0.19053879510375743,39,-7.92948717948718,-309.25,-2.3567907291923524,-239.13
KXBTC,1,day,rolling,none,5,cheap,no,0,,0.0,,0,,0.0,,0,,0.0,,0.0
KXBTC,1,day,rolling,none,5,middle,both,254,-4.425433070866142,-1124.0600000000002,-1.5437732506455075,110,-9.813181818181821,-1079.4500000000003,-1.8753354239276565,160,22.201625,3552.2599999999998,1.1188027146084285,340.61
KXBTC,1,day,rolling,none,5,middle,yes,121,-5.095289256198347,-616.53,-1.5699948693245174,47,-2.310638297872341,-108.60000000000002,-0.5218026655089029,29,2.315862068965518,67.16000000000001,0.26028367109715306,239.76
KXBTC,1,day,rolling,none,5,middle,no,133,-3.8160150375939854,-507.5300000000001,-0.906399120839089,63,-15.410317460317463,-970.8500000000001,-1.555474720903705,131,26.60381679389313,3485.1000000000004,1.0363065330341967,100.84999999999997
KXBTC,1,day,rolling,none,10,all,both,124,-9.51983870967742,-1180.4600000000003,-2.0930222650853514,53,-13.521886792452829,-716.66,-1.3253263222755456,104,30.85326923076923,3208.74,0.9579952120744812,-110.91
KXBTC,1,day,rolling,none,10,all,yes,57,-5.1157894736842096,-291.59999999999997,-0.9163932188203067,15,7.854666666666666,117.82,0.8545094772760988,9,-7.685555555555554,-69.16999999999999,-1.0278931669769782,-4.56999999999999
KXBTC,1,day,rolling,none,10,all,no,67,-13.266567164179103,-888.8599999999999,-2.1346669336568818,38,-21.960000000000004,-834.4800000000001,-1.9963983300333146,95,34.50431578947368,3277.91,0.953112847065174,-106.34
KXBTC,1,day,rolling,none,10,cheap,both,11,-11.492727272727272,-126.41999999999999,-4.086352269956289,2,-11.155000000000001,-22.310000000000002,,1,-9.58,-9.58,,0.0
KXBTC,1,day,rolling,none,10,cheap,yes,11,-11.492727272727272,-126.41999999999999,-4.086352269956289,2,-11.155000000000001,-22.310000000000002,,1,-9.58,-9.58,,0.0
KXBTC,1,day,rolling,none,10,cheap,no,0,,0.0,,0,,0.0,,0,,0.0,,0.0
KXBTC,1,day,rolling,none,10,middle,both,113,-9.327787610619469,-1054.04,-1.9148654403962797,51,-13.614705882352942,-694.35,-1.2862763068315983,103,31.245825242718443,3218.3199999999997,0.9581166824486697,-110.91
KXBTC,1,day,rolling,none,10,middle,yes,46,-3.5908695652173903,-165.17999999999995,-0.5377005327396343,13,10.779230769230768,140.13,1.1068771173527834,8,-7.448749999999998,-59.58999999999998,-1.0180500460389486,-4.56999999999999
KXBTC,1,day,rolling,none,10,middle,no,67,-13.266567164179103,-888.8599999999999,-2.1346669336568818,38,-21.960000000000004,-834.4800000000001,-1.9963983300333146,95,34.50431578947368,3277.91,0.953112847065174,-106.34
KXBTC,1,day,rolling,volview,2,all,both,604,-3.9604966887417223,-2392.1400000000003,-2.3279173361942957,365,-1.5951232876712322,-582.2199999999998,-0.7768488857321816,344,8.060872093023256,2772.9400000000005,0.8544870069866266,-414.57000000000005
KXBTC,1,day,rolling,volview,2,all,yes,355,-4.052478873239436,-1438.6299999999999,-2.4313559246202945,256,-0.8123046875000001,-207.95000000000002,-0.42894610524618154,144,-3.664444444444445,-527.6800000000001,-1.976641100265779,-345.09999999999997
KXBTC,1,day,rolling,volview,2,all,no,249,-3.829357429718876,-953.5100000000001,-1.5063883147567185,109,-3.433669724770641,-374.26999999999987,-0.8368440765317264,200,16.503100000000003,3300.620000000001,0.9745160738215013,-69.47000000000003
KXBTC,1,day,rolling,volview,2,cheap,both,183,-3.1303278688524587,-572.8499999999999,-1.4227574954207969,150,-0.5525999999999995,-82.88999999999993,-0.2045957728889229,94,-7.408829787234044,-696.4300000000002,-3.122978269102898,-545.64
KXBTC,1,day,rolling,volview,2,cheap,yes,183,-3.1303278688524587,-572.8499999999999,-1.4227574954207969,150,-0.5525999999999995,-82.88999999999993,-0.2045957728889229,94,-7.408829787234044,-696.4300000000002,-3.122978269102898,-545.64
KXBTC,1,day,rolling,volview,2,cheap,no,0,,0.0,,0,,0.0,,0,,0.0,,0.0
KXBTC,1,day,rolling,volview,2,middle,both,301,-4.7836544850498335,-1439.8799999999999,-1.7879342832008442,153,-3.776143790849673,-577.75,-1.3335358479511632,152,22.51407894736842,3422.14,1.0210832025925294,69.68
KXBTC,1,day,rolling,volview,2,middle,yes,172,-5.033604651162791,-865.7800000000001,-1.8612159634527217,106,-1.1798113207547167,-125.05999999999997,-0.6307885922612747,50,3.375,168.75,1.4103637787610872,200.54000000000002
KXBTC,1,day,rolling,volview,2,middle,no,129,-4.450387596899225,-574.1,-1.0411313095926744,47,-9.631702127659576,-452.69000000000005,-1.2295514905494087,102,31.89598039215686,3253.39,0.9531420139652002,-130.85999999999999
KXBTC,1,day,rolling,volview,5,all,both,258,-6.665503875968992,-1719.6999999999998,-2.1749582221151553,144,-2.4303472222222218,-349.9699999999999,-0.6743944937903253,164,18.30390243902439,3001.84,0.9423707586619765,-156.63999999999996
KXBTC,1,day,rolling,volview,5,all,yes,150,-6.017533333333334,-902.63,-2.0387334248083713,105,-0.637714285714285,-66.95999999999992,-0.19582141221424199,61,-4.56311475409836,-278.34999999999997,-0.9320963767533977,-52.58
KXBTC,1,day,rolling,volview,5,all,no,108,-7.565462962962965,-817.0700000000002,-1.7033664614096544,39,-7.256666666666668,-283.01000000000005,-0.783240956830513,103,31.846504854368934,3280.19,0.9605950407422524,-104.06
KXBTC,1,day,rolling,volview,5,cheap,both,50,-10.184800000000001,-509.24,-3.68819715739209,60,0.07683333333333285,4.609999999999971,0.017479460107010254,33,-10.983636363636363,-362.46,-4.4699446666418075,-292.34
KXBTC,1,day,rolling,volview,5,cheap,yes,50,-10.184800000000001,-509.24,-3.68819715739209,60,0.07683333333333285,4.609999999999971,0.017479460107010254,33,-10.983636363636363,-362.46,-4.4699446666418075,-292.34
KXBTC,1,day,rolling,volview,5,cheap,no,0,,0.0,,0,,0.0,,0,,0.0,,0.0
KXBTC,1,day,rolling,volview,5,middle,both,193,-4.98621761658031,-962.3399999999999,-1.5242801441312799,79,-4.973670886075951,-392.9200000000001,-1.002108932111759,123,26.88837398373984,3307.2700000000004,1.0264586711032309,78.67
KXBTC,1,day,rolling,volview,5,middle,yes,100,-3.9338999999999986,-393.3899999999999,-1.0730051806114913,45,-1.5904444444444443,-71.57,-0.3618060244089958,28,3.0039285714285717,84.11000000000001,0.34632909475351104,239.76
KXBTC,1,day,rolling,volview,5,middle,no,93,-6.117741935483871,-568.95,-1.209159791511954,34,-9.451470588235297,-321.35000000000014,-0.9105051204279139,95,33.928,3223.16,,-161.09
KXBTC,1,day,rolling,volview,10,all,both,110,-9.434272727272727,-1037.77,-1.8746959551512339,36,-3.811944444444445,-137.23000000000002,-0.35813814750353185,89,35.940561797752814,3198.7100000000005,0.951495839901987,-120.94
KXBTC,1,day,rolling,volview,10,all,yes,51,-2.994509803921569,-152.72000000000003,-0.4585120126983397,14,9.775714285714285,136.85999999999999,0.9186494008254271,9,-7.685555555555554,-69.16999999999999,-1.0278931669769782,-4.56999999999999
KXBTC,1,day,rolling,volview,10,all,no,59,-15.000847457627119,-885.05,-2.422105741415425,22,-12.458636363636366,-274.09000000000003,-0.816155637098194,80,40.8485,3267.88,,-116.37000000000002
KXBTC,1,day,rolling,volview,10,cheap,both,11,-11.492727272727272,-126.41999999999999,-4.086352269956289,2,-11.155000000000001,-22.310000000000002,,1,-9.58,-9.58,,0.0
KXBTC,1,day,rolling,volview,10,cheap,yes,11,-11.492727272727272,-126.41999999999999,-4.086352269956289,2,-11.155000000000001,-22.310000000000002,,1,-9.58,-9.58,,0.0
KXBTC,1,day,rolling,volview,10,cheap,no,0,,0.0,,0,,0.0,,0,,0.0,,0.0
KXBTC,1,day,rolling,volview,10,middle,both,99,-9.205555555555554,-911.3499999999999,-1.6842199903102277,34,-3.38,-114.92,-0.2979295205679966,88,36.45784090909091,3208.2900000000004,0.9516351179102315,-120.94
KXBTC,1,day,rolling,volview,10,middle,yes,40,-0.6575000000000006,-26.300000000000026,-0.08221768557095199,12,13.264166666666666,159.17,1.1568862809662293,8,-7.448749999999998,-59.58999999999998,-1.0180500460389486,-4.56999999999999
KXBTC,1,day,rolling,volview,10,middle,no,59,-15.000847457627119,-885.05,-2.422105741415425,22,-12.458636363636366,-274.09000000000003,-0.816155637098194,80,40.8485,3267.88,,-116.37000000000002
KXBTC,1,day,rolling,shrink25,2,all,both,32,-11.3396875,-362.87,-1.1526813028865757,24,-29.025000000000006,-696.6000000000001,-1.5398849611214374,78,43.917051282051276,3425.5299999999997,,41.279999999999994
KXBTC,1,day,rolling,shrink25,2,all,yes,11,1.6472727272727274,18.12,0.07601206607552279,8,-4.313750000000001,-34.510000000000005,,0,,0.0,,0.0
KXBTC,1,day,rolling,shrink25,2,all,no,21,-18.142380952380954,-380.99,-2.1982465285293356,16,-41.380625,-662.09,,78,43.917051282051276,3425.5299999999997,,41.279999999999994
KXBTC,1,day,rolling,shrink25,2,cheap,both,1,-14.850000000000001,-14.850000000000001,,1,-14.850000000000001,-14.850000000000001,,0,,0.0,,0.0
KXBTC,1,day,rolling,shrink25,2,cheap,yes,1,-14.850000000000001,-14.850000000000001,,1,-14.850000000000001,-14.850000000000001,,0,,0.0,,0.0
KXBTC,1,day,rolling,shrink25,2,cheap,no,0,,0.0,,0,,0.0,,0,,0.0,,0.0
KXBTC,1,day,rolling,shrink25,2,middle,both,31,-11.226451612903228,-348.02000000000004,-1.1049394753710282,23,-29.641304347826093,-681.7500000000001,-1.4889021284752588,78,43.917051282051276,3425.5299999999997,,41.279999999999994
KXBTC,1,day,rolling,shrink25,2,middle,yes,10,3.2969999999999997,32.97,0.13959428937668503,7,-2.8085714285714323,-19.660000000000025,,0,,0.0,,0.0
KXBTC,1,day,rolling,shrink25,2,middle,no,21,-18.142380952380954,-380.99,-2.1982465285293356,16,-41.380625,-662.09,,78,43.917051282051276,3425.5299999999997,,41.279999999999994
KXBTC,1,day,rolling,shrink25,5,all,both,3,-28.040000000000003,-84.12,,0,,0.0,,77,43.951298701298704,3384.25,,0.0
KXBTC,1,day,rolling,shrink25,5,all,yes,1,-26.32,-26.32,,0,,0.0,,0,,0.0,,0.0
KXBTC,1,day,rolling,shrink25,5,all,no,2,-28.900000000000002,-57.800000000000004,,0,,0.0,,77,43.951298701298704,3384.25,,0.0
KXBTC,1,day,rolling,shrink25,5,cheap,both,0,,0.0,,0,,0.0,,0,,0.0,,0.0
KXBTC,1,day,rolling,shrink25,5,cheap,yes,0,,0.0,,0,,0.0,,0,,0.0,,0.0
KXBTC,1,day,rolling,shrink25,5,cheap,no,0,,0.0,,0,,0.0,,0,,0.0,,0.0
KXBTC,1,day,rolling,shrink25,5,middle,both,3,-28.040000000000003,-84.12,,0,,0.0,,77,43.951298701298704,3384.25,,0.0
KXBTC,1,day,rolling,shrink25,5,middle,yes,1,-26.32,-26.32,,0,,0.0,,0,,0.0,,0.0
KXBTC,1,day,rolling,shrink25,5,middle,no,2,-28.900000000000002,-57.800000000000004,,0,,0.0,,77,43.951298701298704,3384.25,,0.0
KXBTC,1,day,rolling,shrink25,10,all,both,0,,0.0,,0,,0.0,,0,,0.0,,0.0
KXBTC,1,day,rolling,shrink25,10,all,yes,0,,0.0,,0,,0.0,,0,,0.0,,0.0
KXBTC,1,day,rolling,shrink25,10,all,no,0,,0.0,,0,,0.0,,0,,0.0,,0.0
KXBTC,1,day,rolling,shrink25,10,cheap,both,0,,0.0,,0,,0.0,,0,,0.0,,0.0
KXBTC,1,day,rolling,shrink25,10,cheap,yes,0,,0.0,,0,,0.0,,0,,0.0,,0.0
KXBTC,1,day,rolling,shrink25,10,cheap,no,0,,0.0,,0,,0.0,,0,,0.0,,0.0
KXBTC,1,day,rolling,shrink25,10,middle,both,0,,0.0,,0,,0.0,,0,,0.0,,0.0
KXBTC,1,day,rolling,shrink25,10,middle,yes,0,,0.0,,0,,0.0,,0,,0.0,,0.0
KXBTC,1,day,rolling,shrink25,10,middle,no,0,,0.0,,0,,0.0,,0,,0.0,,0.0
KXBTC,1,day,rolling,shrink50,2,all,both,199,-5.4865326633165825,-1091.82,-1.519843643720363,124,-8.036532258064515,-996.5299999999999,-1.4569399193940695,156,20.534551282051286,3203.3900000000003,0.9832297410186227,-44.140000000000015
KXBTC,1,day,rolling,shrink50,2,all,yes,107,-3.645794392523364,-390.09999999999997,-0.928515850890099,71,-0.9628169014084504,-68.35999999999999,-0.2575814741680303,41,-2.2641463414634138,-92.82999999999997,-0.4918205504619415,43.890000000000015
KXBTC,1,day,rolling,shrink50,2,all,no,92,-7.627391304347826,-701.72,-1.1931856912959937,53,-17.512641509433962,-928.1700000000001,-1.368774097085928,115,28.66278260869565,3296.22,0.9666133556121119,-88.02999999999999
KXBTC,1,day,rolling,shrink50,2,cheap,both,28,-5.845714285714286,-163.68,-2.025288751483502,39,-1.9858974358974366,-77.45000000000003,-0.5189575048298616,22,-9.04409090909091,-198.97000000000003,-6.513186617231999,-167.07000000000002
KXBTC,1,day,rolling,shrink50,2,cheap,yes,28,-5.845714285714286,-163.68,-2.025288751483502,39,-1.9858974358974366,-77.45000000000003,-0.5189575048298616,22,-9.04409090909091,-198.97000000000003,-6.513186617231999,-167.07000000000002
KXBTC,1,day,rolling,shrink50,2,cheap,no,0,,0.0,,0,,0.0,,0,,0.0,,0.0
KXBTC,1,day,rolling,shrink50,2,middle,both,168,-5.113571428571428,-859.08,-1.2313508676454563,80,-11.967749999999999,-957.42,-1.4730936610226448,128,26.2596875,3361.24,1.0271680666656937,81.81
KXBTC,1,day,rolling,shrink50,2,middle,yes,79,-2.866075949367088,-226.41999999999996,-0.5487838375108736,32,0.28406250000000055,9.090000000000018,0.03455551823562509,19,5.586315789473685,106.14,0.5783182541545933,210.95999999999998
KXBTC,1,day,rolling,shrink50,2,middle,no,89,-7.108539325842697,-632.6600000000001,-1.0807054739001594,48,-20.135625,-966.51,-1.4837519713437752,109,29.86330275229358,3255.1000000000004,0.9489421227981878,-129.15
KXBTC,1,day,rolling,shrink50,5,all,both,73,-13.27068493150685,-968.76,-1.8531687319750376,37,-18.740270270270273,-693.3900000000001,-1.239520673412546,88,39.43420454545455,3470.21,1.0376026775524028,85.95999999999998
KXBTC,1,day,rolling,shrink50,5,all,yes,26,-12.457307692307692,-323.89,-1.560449426018693,11,-0.09000000000000083,-0.9900000000000091,-0.007228342154961551,2,-20.6,-41.2,,-41.2
KXBTC,1,day,rolling,shrink50,5,all,no,47,-13.720638297872338,-644.8699999999999,-1.2875954846605218,26,-26.630769230769236,-692.4000000000001,-1.4001371167820362,86,40.8303488372093,3511.41,,127.16
KXBTC,1,day,rolling,shrink50,5,cheap,both,5,-12.95,-64.75,-2.762802734491059,1,-14.850000000000001,-14.850000000000001,,0,,0.0,,0.0
KXBTC,1,day,rolling,shrink50,5,cheap,yes,5,-12.95,-64.75,-2.762802734491059,1,-14.850000000000001,-14.850000000000001,,0,,0.0,,0.0
KXBTC,1,day,rolling,shrink50,5,cheap,no,0,,0.0,,0,,0.0,,0,,0.0,,0.0
KXBTC,1,day,rolling,shrink50,5,middle,both,68,-13.294264705882355,-904.0100000000001,-1.7278270716448194,36,-18.84833333333334,-678.5400000000002,-1.2094641239029045,88,39.43420454545455,3470.21,1.0376026775524028,85.95999999999998
KXBTC,1,day,rolling,shrink50,5,middle,yes,21,-12.34,-259.14,-1.2893123534492892,10,1.3860000000000006,13.860000000000007,0.10663756543251568,2,-20.6,-41.2,,-41.2
KXBTC,1,day,rolling,shrink50,5,middle,no,47,-13.720638297872338,-644.8699999999999,-1.2875954846605218,26,-26.630769230769236,-692.4000000000001,-1.4001371167820362,86,40.8303488372093,3511.41,,127.16
KXBTC,1,day,rolling,shrink50,10,all,both,11,-12.725454545454545,-139.98,-0.6819066138158528,6,-39.075,-234.45000000000002,,77,43.951298701298704,3384.25,,0.0
KXBTC,1,day,rolling,shrink50,10,all,yes,6,2.3800000000000026,14.280000000000015,0.08189022142431392,0,,0.0,,0,,0.0,,0.0
KXBTC,1,day,rolling,shrink50,10,all,no,5,-30.851999999999997,-154.26,,6,-39.075,-234.45000000000002,,77,43.951298701298704,3384.25,,0.0
KXBTC,1,day,rolling,shrink50,10,cheap,both,0,,0.0,,0,,0.0,,0,,0.0,,0.0
KXBTC,1,day,rolling,shrink50,10,cheap,yes,0,,0.0,,0,,0.0,,0,,0.0,,0.0
KXBTC,1,day,rolling,shrink50,10,cheap,no,0,,0.0,,0,,0.0,,0,,0.0,,0.0
KXBTC,1,day,rolling,shrink50,10,middle,both,11,-12.725454545454545,-139.98,-0.6819066138158528,6,-39.075,-234.45000000000002,,77,43.951298701298704,3384.25,,0.0
KXBTC,1,day,rolling,shrink50,10,middle,yes,6,2.3800000000000026,14.280000000000015,0.08189022142431392,0,,0.0,,0,,0.0,,0.0
KXBTC,1,day,rolling,shrink50,10,middle,no,5,-30.851999999999997,-154.26,,6,-39.075,-234.45000000000002,,77,43.951298701298704,3384.25,,0.0
KXBTC,5,day,rolling,none,2,all,both,1217,-2.559909613804437,-3115.41,-2.3692839049906356,632,-3.2661392405063294,-2064.2000000000003,-2.1719233910991425,546,-1.6064652014652008,-877.1299999999997,-0.9724274754721061,-241.8499999999998
KXBTC,5,day,rolling,none,2,all,yes,651,-2.115437788018433,-1377.1499999999999,-1.6668431987819703,413,-2.0534382566585956,-848.0699999999999,-1.5004362363520622,336,-0.08624999999999938,-28.97999999999979,-0.04527164366493891,420.2200000000001
KXBTC,5,day,rolling,none,2,all,no,566,-3.07113074204947,-1738.26,-1.939511607706517,219,-5.553105022831049,-1216.1299999999997,-1.7949963562569735,210,-4.038809523809523,-848.15,-1.8849002587197659,-662.0699999999999
KXBTC,5,day,rolling,none,2,cheap,both,372,-1.138763440860215,-423.62,-0.7634732205810761,279,-1.1000358422939067,-306.90999999999997,-0.5650553032194433,253,-1.6698814229249002,-422.47999999999973,-1.0517344878468604,-153.83999999999978
KXBTC,5,day,rolling,none,2,cheap,yes,372,-1.138763440860215,-423.62,-0.7634732205810761,279,-1.1000358422939067,-306.90999999999997,-0.5650553032194433,253,-1.6698814229249002,-422.47999999999973,-1.0517344878468604,-153.83999999999978
KXBTC,5,day,rolling,none,2,cheap,no,0,,0.0,,0,,0.0,,0,,0.0,,0.0
KXBTC,5,day,rolling,none,2,middle,both,584,-3.9014212328767126,-2278.4300000000003,-2.2231289217450034,245,-7.08530612244898,-1735.9,-3.0227710151784932,195,-0.7440512820512828,-145.09000000000015,-0.29126381915158855,35.46999999999997
KXBTC,5,day,rolling,none,2,middle,yes,278,-3.456870503597122,-961.01,-1.526295678700518,134,-4.038507462686567,-541.1600000000001,-2.2370210197413107,83,4.740963855421687,393.50000000000006,0.9752449480292638,574.0599999999998
KXBTC,5,day,rolling,none,2,middle,no,306,-4.305294117647059,-1317.42,-1.826133556809457,111,-10.763423423423424,-1194.74,-2.000655590463778,112,-4.808839285714287,-538.5900000000001,-1.7890189679294142,-538.5900000000001
KXBTC,5,day,rolling,none,5,all,both,471,-4.257622080679406,-2005.3400000000001,-1.741846597226027,224,-4.145982142857142,-928.6999999999999,-1.4009918693974512,149,-3.9310067114093963,-585.72,-1.4794345972106964,-333.39
KXBTC,5,day,rolling,none,5,all,yes,280,-4.5337499999999995,-1269.4499999999998,-1.8079330013934851,158,-0.2755696202531636,-43.53999999999985,-0.12461942521845061,99,-4.2760606060606055,-423.3299999999999,-1.3280276856740287,-170.99999999999994
KXBTC,5,day,rolling,none,5,all,no,191,-3.8528272251308917,-735.8900000000003,-1.0429993838919704,66,-13.41151515151515,-885.16,-1.9826172707256386,50,-3.2477999999999994,-162.38999999999996,-0.6542288231783382,-162.38999999999996
KXBTC,5,day,rolling,none,5,cheap,both,121,-3.9528925619834707,-478.29999999999995,-1.2390669941809898,95,0.3156842105263162,29.990000000000038,0.1051982322008254,63,-3.0468253968253975,-191.95000000000005,-0.9192991458196378,-63.47
KXBTC,5,day,rolling,none,5,cheap,yes,121,-3.9528925619834707,-478.29999999999995,-1.2390669941809898,95,0.3156842105263162,29.990000000000038,0.1051982322008254,63,-3.0468253968253975,-191.95000000000005,-0.9192991458196378,-63.47
KXBTC,5,day,rolling,none,5,cheap,no,0,,0.0,,0,,0.0,,0,,0.0,,0.0
KXBTC,5,day,rolling,none,5,middle,both,320,-4.385531250000001,-1403.3700000000003,-1.4420940123680932,127,-7.673937007874015,-974.5899999999999,-1.7609860917300482,85,-4.731647058823529,-402.18999999999994,-1.5034934406660387,-278.34
KXBTC,5,day,rolling,none,5,middle,yes,159,-4.975786163522011,-791.1499999999999,-1.295856194716255,63,-1.167142857142858,-73.53000000000004,-0.2611675554211576,36,-6.427222222222223,-231.38000000000002,-1.5658933910382367,-107.52999999999999
KXBTC,5,day,rolling,none,5,middle,no,161,-3.8026086956521756,-612.2200000000003,-0.8872360265056972,64,-14.0790625,-901.06,-2.3220622260094,49,-3.4859183673469376,-170.80999999999995,-0.6861453821104333,-170.80999999999995
KXBTC,5,day,rolling,none,10,all,both,153,-7.065228758169935,-1080.98,-1.3591780718879936,72,-16.49319444444444,-1187.5099999999998,-2.4451536127640394,35,-9.296000000000001,-325.36000000000007,-1.751807417976812,-257.58000000000004
KXBTC,5,day,rolling,none,10,all,yes,77,-4.886883116883117,-376.28999999999996,-0.7883290724978443,30,-8.342666666666666,-250.27999999999997,-1.1320702461099776,15,-5.199333333333333,-77.99,-0.6553282864743815,-10.209999999999996
KXBTC,5,day,rolling,none,10,all,no,76,-9.272236842105263,-704.6899999999999,-1.261625784591011,42,-22.315,-937.23,,20,-12.368500000000001,-247.37,,-247.37
KXBTC,5,day,rolling,none,10,cheap,both,15,-11.967999999999998,-179.51999999999998,-4.409027214892501,9,-9.809999999999999,-88.28999999999999,-4.099148640955705,3,-10.63,-31.89,-5.037914691943127,-17.04
KXBTC,5,day,rolling,none,10,cheap,yes,15,-11.967999999999998,-179.51999999999998,-4.409027214892501,9,-9.809999999999999,-88.28999999999999,-4.099148640955705,3,-10.63,-31.89,-5.037914691943127,-17.04
KXBTC,5,day,rolling,none,10,cheap,no,0,,0.0,,0,,0.0,,0,,0.0,,0.0
KXBTC,5,day,rolling,none,10,middle,both,138,-6.532318840579711,-901.46,-1.1818629145390747,63,-17.447936507936507,-1099.22,-2.371739848567908,32,-9.170937499999999,-293.46999999999997,-1.6266684737796029,-240.54000000000008
KXBTC,5,day,rolling,none,10,middle,yes,62,-3.1737096774193545,-196.76999999999998,-0.42225066170310177,21,-7.7138095238095215,-161.98999999999995,-0.7243294033425979,12,-3.8416666666666663,-46.099999999999994,-0.3924796510968533,6.830000000000004
KXBTC,5,day,rolling,none,10,middle,no,76,-9.272236842105263,-704.6899999999999,-1.261625784591011,42,-22.315,-937.23,,20,-12.368500000000001,-247.37,,-247.37
KXBTC,5,day,rolling,volview,2,all,both,992,-2.495645161290323,-2475.6800000000003,-1.993220202818172,519,-2.681329479768786,-1391.61,-1.7589324203281975,425,-1.9617176470588236,-833.73,-1.0795285009943172,-366.57999999999976
KXBTC,5,day,rolling,volview,2,all,yes,519,-2.546666666666667,-1321.72,-1.7087033640244287,328,-1.3066158536585368,-428.5700000000001,-0.7594502611056538,261,-0.7719923371647501,-201.48999999999978,-0.3597783803913025,79.5800000000001
KXBTC,5,day,rolling,volview,2,all,no,473,-2.4396617336152224,-1153.9600000000003,-1.4872715700445014,191,-5.042094240837697,-963.0400000000001,-1.7042561217432608,164,-3.8551219512195116,-632.2399999999999,-1.8084886423875441,-446.1599999999999
KXBTC,5,day,rolling,volview,2,cheap,both,322,-1.2671739130434778,-408.02999999999986,-0.844876479673845,222,0.12162162162162239,27.00000000000017,0.05594149144821209,198,-2.204090909090908,-436.4099999999998,-1.1672239503828672,-231.4799999999998
KXBTC,5,day,rolling,volview,2,cheap,yes,322,-1.2671739130434778,-408.02999999999986,-0.844876479673845,222,0.12162162162162239,27.00000000000017,0.05594149144821209,198,-2.204090909090908,-436.4099999999998,-1.1672239503828672,-231.4799999999998
KXBTC,5,day,rolling,volview,2,cheap,no,0,,0.0,,0,,0.0,,0,,0.0,,0.0
KXBTC,5,day,rolling,volview,2,middle,both,438,-4.166552511415525,-1824.9500000000003,-1.7065503909781858,197,-7.291319796954314,-1436.3899999999999,-2.807702063700534,133,-1.2290977443609028,-163.47000000000008,-0.3810977984641352,-87.33000000000003
KXBTC,5,day,rolling,volview,2,middle,yes,196,-4.69984693877551,-921.1699999999998,-1.4242166607353792,106,-4.297830188679245,-455.57,-1.2067674880407637,63,3.7288888888888883,234.91999999999996,0.7606153142529802,311.06
KXBTC,5,day,rolling,volview,2,middle,no,242,-3.7346280991735537,-903.78,-1.3934827780578645,91,-10.778241758241757,-980.8199999999999,-2.15694952231278,70,-5.691285714285716,-398.3900000000001,-1.4449164877975973,-398.3900000000001
KXBTC,5,day,rolling,volview,5,all,both,425,-4.3708,-1857.5900000000001,-1.7194777355048143,204,-3.1481862745098033,-642.2299999999999,-1.1787865436952885,126,-3.786666666666667,-477.12000000000006,-1.218425571565553,-241.74
KXBTC,5,day,rolling,volview,5,all,yes,240,-4.771625,-1145.19,-1.807717579776328,148,0.11972972972973069,17.72000000000014,0.04744515243670402,93,-3.4478494623655913,-320.65,-0.9793859579997952,-85.27
KXBTC,5,day,rolling,volview,5,all,no,185,-3.8508108108108106,-712.4,-1.0806824351636346,56,-11.78482142857143,-659.95,-1.8879785096537578,33,-4.741515151515154,-156.47000000000008,-0.7415530744413236,-156.47000000000008
KXBTC,5,day,rolling,volview,5,cheap,both,108,-3.928425925925925,-424.2699999999999,-1.2991446499757815,90,0.7943333333333341,71.49000000000007,0.25858900014611036,61,-2.7116393442622946,-165.40999999999997,-0.7901116289887172,-36.92999999999998
KXBTC,5,day,rolling,volview,5,cheap,yes,108,-3.928425925925925,-424.2699999999999,-1.2991446499757815,90,0.7943333333333341,71.49000000000007,0.25858900014611036,61,-2.7116393442622946,-165.40999999999997,-0.7901116289887172,-36.92999999999998
KXBTC,5,day,rolling,volview,5,cheap,no,0,,0.0,,0,,0.0,,0,,0.0,,0.0
KXBTC,5,day,rolling,volview,5,middle,both,287,-4.563240418118467,-1309.65,-1.438925783788459,112,-6.514464285714287,-729.6200000000001,-1.743711878671237,64,-5.00203125,-320.13,-1.2213256327273256,-213.22999999999993
KXBTC,5,day,rolling,volview,5,middle,yes,132,-5.46151515151515,-720.9199999999998,-1.2734765836114834,58,-0.9270689655172408,-53.76999999999997,-0.18411805611031243,32,-4.8512499999999985,-155.23999999999995,-0.9229582855724889,-48.33999999999997
KXBTC,5,day,rolling,volview,5,middle,no,155,-3.79825806451613,-588.7300000000001,-0.9156695316206922,54,-12.515740740740743,-675.8500000000001,-2.2057731022094216,32,-5.152812500000001,-164.89000000000004,-0.7808450330195644,-164.89000000000004
KXBTC,5,day,rolling,volview,10,all,both,145,-7.812068965517241,-1132.75,-1.42474785386887,66,-15.588484848484851,-1028.8400000000001,-2.619525754148652,29,-11.572758620689658,-335.61000000000007,-1.7562892266459844,-267.83000000000004
KXBTC,5,day,rolling,volview,10,all,yes,69,-6.203768115942029,-428.06,-0.9025542146381995,29,-8.045862068965517,-233.32999999999998,-1.0613584468069592,15,-5.199333333333333,-77.99,-0.6553282864743815,-10.209999999999996
KXBTC,5,day,rolling,volview,10,all,no,76,-9.272236842105263,-704.6899999999999,-1.261625784591011,37,-21.50027027027027,-795.51,,14,-18.40142857142857,-257.62,,-257.62
KXBTC,5,day,rolling,volview,10,cheap,both,14,-11.837142857142855,-165.71999999999997,-4.088517489732368,9,-9.809999999999999,-88.28999999999999,-4.099148640955705,3,-10.63,-31.89,-5.037914691943127,-17.04
KXBTC,5,day,rolling,volview,10,cheap,yes,14,-11.837142857142855,-165.71999999999997,-4.088517489732368,9,-9.809999999999999,-88.28999999999999,-4.099148640955705,3,-10.63,-31.89,-5.037914691943127,-17.04
KXBTC,5,day,rolling,volview,10,cheap,no,0,,0.0,,0,,0.0,,0,,0.0,,0.0
KXBTC,5,day,rolling,volview,10,middle,both,131,-7.381908396946565,-967.03,-1.2664919270313133,57,-16.500877192982454,-940.55,-2.504514615664693,26,-11.681538461538459,-303.7199999999999,-1.6360750366391033,-250.79000000000005
KXBTC,5,day,rolling,volview,10,middle,yes,55,-4.769818181818182,-262.34,-0.5630553844566415,20,-7.251999999999998,-145.03999999999996,-0.6441660471865747,12,-3.8416666666666663,-46.099999999999994,-0.3924796510968533,6.830000000000004
KXBTC,5,day,rolling,volview,10,middle,no,76,-9.272236842105263,-704.6899999999999,-1.261625784591011,37,-21.50027027027027,-795.51,,14,-18.40142857142857,-257.62,,-257.62
KXBTC,5,day,rolling,shrink25,2,all,both,62,-10.066774193548387,-624.14,-1.2298263317311617,25,-21.541600000000003,-538.5400000000001,-1.9001537167886893,9,-4.41777777777778,-39.76000000000002,-0.4525683025150868,-2.730000000000018
KXBTC,5,day,rolling,shrink25,2,all,yes,31,-3.1812903225806446,-98.61999999999998,-0.29044393052502465,11,-19.875454545454545,-218.63,-3.3707949173319194,5,1.592000000000001,7.960000000000004,,44.99
KXBTC,5,day,rolling,shrink25,2,all,no,31,-16.952258064516126,-525.5199999999999,-1.8824974124073282,14,-22.850714285714286,-319.91,,4,-11.930000000000003,-47.72000000000001,,-47.72000000000001
KXBTC,5,day,rolling,shrink25,2,cheap,both,5,-14.008,-70.03999999999999,-5.79771130200881,1,-10.63,-10.63,,0,,0.0,,0.0
KXBTC,5,day,rolling,shrink25,2,cheap,yes,5,-14.008,-70.03999999999999,-5.79771130200881,1,-10.63,-10.63,,0,,0.0,,0.0
KXBTC,5,day,rolling,shrink25,2,cheap,no,0,,0.0,,0,,0.0,,0,,0.0,,0.0
KXBTC,5,day,rolling,shrink25,2,middle,both,57,-9.721052631578948,-554.1,-1.1283650318970873,24,-21.996250000000003,-527.9100000000001,-1.8601542363001196,9,-4.41777777777778,-39.76000000000002,-0.4525683025150868,-2.730000000000018
KXBTC,5,day,rolling,shrink25,2,middle,yes,26,-1.0992307692307675,-28.579999999999956,-0.08595692240505783,10,-20.8,-208.0,-3.5470199493116352,5,1.592000000000001,7.960000000000004,,44.99
KXBTC,5,day,rolling,shrink25,2,middle,no,31,-16.952258064516126,-525.5199999999999,-1.8824974124073282,14,-22.850714285714286,-319.91,,4,-11.930000000000003,-47.72000000000001,,-47.72000000000001
KXBTC,5,day,rolling,shrink25,5,all,both,8,-5.436249999999999,-43.489999999999995,-0.21294831132366404,1,-47.74,-47.74,,0,,0.0,,0.0
KXBTC,5,day,rolling,shrink25,5,all,yes,5,9.356000000000003,46.780000000000015,,0,,0.0,,0,,0.0,,0.0
KXBTC,5,day,rolling,shrink25,5,all,no,3,-30.090000000000003,-90.27000000000001,,1,-47.74,-47.74,,0,,0.0,,0.0
KXBTC,5,day,rolling,shrink25,5,cheap,both,0,,0.0,,0,,0.0,,0,,0.0,,0.0
KXBTC,5,day,rolling,shrink25,5,cheap,yes,0,,0.0,,0,,0.0,,0,,0.0,,0.0
KXBTC,5,day,rolling,shrink25,5,cheap,no,0,,0.0,,0,,0.0,,0,,0.0,,0.0
KXBTC,5,day,rolling,shrink25,5,middle,both,8,-5.436249999999999,-43.489999999999995,-0.21294831132366404,1,-47.74,-47.74,,0,,0.0,,0.0
KXBTC,5,day,rolling,shrink25,5,middle,yes,5,9.356000000000003,46.780000000000015,,0,,0.0,,0,,0.0,,0.0
KXBTC,5,day,rolling,shrink25,5,middle,no,3,-30.090000000000003,-90.27000000000001,,1,-47.74,-47.74,,0,,0.0,,0.0
KXBTC,5,day,rolling,shrink25,10,all,both,0,,0.0,,0,,0.0,,0,,0.0,,0.0
KXBTC,5,day,rolling,shrink25,10,all,yes,0,,0.0,,0,,0.0,,0,,0.0,,0.0
KXBTC,5,day,rolling,shrink25,10,all,no,0,,0.0,,0,,0.0,,0,,0.0,,0.0
KXBTC,5,day,rolling,shrink25,10,cheap,both,0,,0.0,,0,,0.0,,0,,0.0,,0.0
KXBTC,5,day,rolling,shrink25,10,cheap,yes,0,,0.0,,0,,0.0,,0,,0.0,,0.0
KXBTC,5,day,rolling,shrink25,10,cheap,no,0,,0.0,,0,,0.0,,0,,0.0,,0.0
KXBTC,5,day,rolling,shrink25,10,middle,both,0,,0.0,,0,,0.0,,0,,0.0,,0.0
KXBTC,5,day,rolling,shrink25,10,middle,yes,0,,0.0,,0,,0.0,,0,,0.0,,0.0
KXBTC,5,day,rolling,shrink25,10,middle,no,0,,0.0,,0,,0.0,,0,,0.0,,0.0
KXBTC,5,day,rolling,shrink50,2,all,both,372,-4.6161021505376345,-1717.19,-1.707236686865974,186,-6.822634408602149,-1269.0099999999998,-1.8851489513694777,115,-4.745565217391302,-545.7399999999998,-1.2568094958979217,-340.03
KXBTC,5,day,rolling,shrink50,2,all,yes,226,-4.540000000000001,-1026.0400000000002,-1.6579286900835934,128,-3.753046874999999,-480.3899999999999,-1.6671375479967045,76,-2.6067105263157893,-198.10999999999999,-0.6781672075606029,7.60000000000006
KXBTC,5,day,rolling,shrink50,2,all,no,146,-4.733904109589042,-691.1500000000001,-0.996966508240233,58,-13.59689655172414,-788.6200000000001,-1.3575163217238342,39,-8.913589743589743,-347.62999999999994,-1.0480397212808497,-347.62999999999994
KXBTC,5,day,rolling,shrink50,2,cheap,both,99,-5.606262626262625,-555.0199999999999,-2.1065106933787536,82,-2.929634146341463,-240.22999999999996,-1.0123622453616974,51,-1.013137254901961,-51.670000000000016,-0.28435339187018355,50.269999999999975
KXBTC,5,day,rolling,shrink50,2,cheap,yes,99,-5.606262626262625,-555.0199999999999,-2.1065106933787536,82,-2.929634146341463,-240.22999999999996,-1.0123622453616974,51,-1.013137254901961,-51.670000000000016,-0.28435339187018355,50.269999999999975
KXBTC,5,day,rolling,shrink50,2,cheap,no,0,,0.0,,0,,0.0,,0,,0.0,,0.0
KXBTC,5,day,rolling,shrink50,2,middle,both,255,-4.415882352941177,-1126.05,-1.3024317415917224,103,-10.060776699029127,-1036.26,-1.8025531702963953,63,-7.976031746031746,-502.48999999999995,-1.48670424132929,-398.7199999999999
KXBTC,5,day,rolling,shrink50,2,middle,yes,127,-3.7088188976377943,-471.01999999999987,-0.8463154818917964,46,-5.220869565217391,-240.15999999999997,-1.381436464448517,25,-5.8576,-146.44,-1.0210670130395119,-42.66999999999997
KXBTC,5,day,rolling,shrink50,2,middle,no,128,-5.117421875000001,-655.0300000000001,-0.9548194874485004,57,-13.966666666666669,-796.1000000000001,-1.4195958436210792,38,-9.369736842105262,-356.04999999999995,-1.0834207874410604,-356.04999999999995
KXBTC,5,day,rolling,shrink50,5,all,both,98,-9.775816326530611,-958.0299999999999,-1.3434725777593512,49,-20.840612244897954,-1021.1899999999998,-2.121032637329478,15,-7.157333333333335,-107.36000000000001,-0.7917837586011651,-70.33000000000001
KXBTC,5,day,rolling,shrink50,5,all,yes,44,-3.8331818181818176,-168.65999999999997,-0.5046318008158891,16,-7.828124999999999,-125.24999999999999,-0.9536284203692134,8,4.404999999999999,35.239999999999995,0.3600044383184733,72.27
KXBTC,5,day,rolling,shrink50,5,all,no,54,-14.617962962962963,-789.37,-1.424063008570299,33,-27.149696969696972,-895.94,,7,-20.371428571428574,-142.60000000000002,,-142.60000000000002
KXBTC,5,day,rolling,shrink50,5,cheap,both,8,-12.34625,-98.77,-4.69545747923938,1,-10.63,-10.63,,0,,0.0,,0.0
KXBTC,5,day,rolling,shrink50,5,cheap,yes,8,-12.34625,-98.77,-4.69545747923938,1,-10.63,-10.63,,0,,0.0,,0.0
KXBTC,5,day,rolling,shrink50,5,cheap,no,0,,0.0,,0,,0.0,,0,,0.0,,0.0
KXBTC,5,day,rolling,shrink50,5,middle,both,90,-9.547333333333333,-859.2599999999999,-1.2480575281165134,48,-21.05333333333333,-1010.56,-2.082670420344985,15,-7.157333333333335,-107.36000000000001,-0.7917837586011651,-70.33000000000001
KXBTC,5,day,rolling,shrink50,5,middle,yes,36,-1.9413888888888877,-69.88999999999996,-0.21540663447110012,15,-7.641333333333329,-114.61999999999993,-0.8590958992533784,8,4.404999999999999,35.239999999999995,0.3600044383184733,72.27
KXBTC,5,day,rolling,shrink50,5,middle,no,54,-14.617962962962963,-789.37,-1.424063008570299,33,-27.149696969696972,-895.94,,7,-20.371428571428574,-142.60000000000002,,-142.60000000000002
KXBTC,5,day,rolling,shrink50,10,all,both,21,-14.692857142857143,-308.55,-0.9476229543616338,5,-33.944,-169.72000000000003,,0,,0.0,,0.0
KXBTC,5,day,rolling,shrink50,10,all,yes,7,13.332857142857147,93.33000000000003,0.3591926627037989,0,,0.0,,0,,0.0,,0.0
KXBTC,5,day,rolling,shrink50,10,all,no,14,-28.705714285714286,-401.88,-2.735796755108378,5,-33.944,-169.72000000000003,,0,,0.0,,0.0
KXBTC,5,day,rolling,shrink50,10,cheap,both,1,-13.8,-13.8,,0,,0.0,,0,,0.0,,0.0
KXBTC,5,day,rolling,shrink50,10,cheap,yes,1,-13.8,-13.8,,0,,0.0,,0,,0.0,,0.0
KXBTC,5,day,rolling,shrink50,10,cheap,no,0,,0.0,,0,,0.0,,0,,0.0,,0.0
KXBTC,5,day,rolling,shrink50,10,middle,both,20,-14.7375,-294.75,-0.8978786341224503,5,-33.944,-169.72000000000003,,0,,0.0,,0.0
KXBTC,5,day,rolling,shrink50,10,middle,yes,6,17.855000000000004,107.13000000000002,,0,,0.0,,0,,0.0,,0.0
KXBTC,5,day,rolling,shrink50,10,middle,no,14,-28.705714285714286,-401.88,-2.735796755108378,5,-33.944,-169.72000000000003,,0,,0.0,,0.0
KXBTC,15,day,rolling,none,2,all,both,1275,-1.8199607843137258,-2320.4500000000003,-1.5107935327384445,683,-2.241405563689604,-1530.8799999999997,-1.7239240680464645,535,-1.0322803738317754,-552.2699999999999,-0.8184815225990894,-241.8699999999999
KXBTC,15,day,rolling,none,2,all,yes,636,-1.9638050314465412,-1248.9800000000002,-1.5357125941375762,433,-1.4173903002309465,-613.7299999999998,-1.1091424749111756,324,-0.4663580246913574,-151.0999999999998,-0.23731854732505323,72.5100000000001
KXBTC,15,day,rolling,none,2,all,no,639,-1.6767918622848204,-1071.4700000000003,-1.1771166825630848,250,-3.6685999999999996,-917.1499999999999,-1.6517063221794532,211,-1.9012796208530796,-401.1699999999998,-1.5622011898329875,-314.3799999999999
KXBTC,15,day,rolling,none,2,cheap,both,350,-1.7263142857142855,-604.2099999999999,-1.2099768001797784,259,-2.0384169884169876,-527.9499999999998,-1.2843731493074808,223,1.039147982062781,231.73000000000013,0.4510590646836973,413.3800000000002
KXBTC,15,day,rolling,none,2,cheap,yes,350,-1.7263142857142855,-604.2099999999999,-1.2099768001797784,259,-2.0384169884169876,-527.9499999999998,-1.2843731493074808,223,1.039147982062781,231.73000000000013,0.4510590646836973,413.3800000000002
KXBTC,15,day,rolling,none,2,cheap,no,0,,0.0,,0,,0.0,,0,,0.0,,0.0
KXBTC,15,day,rolling,none,2,middle,both,650,-3.2636000000000003,-2121.34,-1.8055429253478543,283,-2.1420141342756183,-606.1899999999999,-0.8871536831317398,214,-3.2316355140186923,-691.5700000000002,-2.2050420155292745,-669.44
KXBTC,15,day,rolling,none,2,middle,yes,285,-2.3084912280701757,-657.9200000000001,-0.9476807479337048,174,-0.49298850574712694,-85.78000000000009,-0.1768334029140979,101,-3.7903960396039604,-382.83,-1.597664242749574,-340.86999999999995
KXBTC,15,day,rolling,none,2,middle,no,365,-4.009369863013699,-1463.4200000000003,-1.8897436302061525,109,-4.77440366972477,-520.41,-0.9980791752953394,113,-2.7322123893805306,-308.73999999999995,-1.2016553764446667,-328.56999999999994
KXBTC,15,day,rolling,none,5,all,both,511,-3.7007045009784743,-1891.0600000000004,-1.6024073092684565,254,-3.9445669291338588,-1001.9200000000001,-1.5025010938813397,166,-4.347349397590361,-721.66,-1.3760585381568455,-411.09999999999985
KXBTC,15,day,rolling,none,5,all,yes,290,-3.652068965517241,-1059.1,-1.6383915673947118,174,-1.1171839080459771,-194.39000000000001,-0.5717063305991816,113,-4.580973451327433,-517.65,-1.12690193146157,-207.08999999999995
KXBTC,15,day,rolling,none,5,all,no,221,-3.7645248868778283,-831.96,-1.1968344889782316,80,-10.094125,-807.53,-1.7714504977852317,53,-3.849245283018869,-204.01000000000005,-0.9011609856234817,-204.01000000000005
KXBTC,15,day,rolling,none,5,cheap,both,119,-0.8246218487394957,-98.13,-0.34560660573701646,98,-0.7621428571428563,-74.68999999999993,-0.34529612942986576,77,-1.078701298701298,-83.05999999999995,-0.27998856115672854,74.16000000000003
KXBTC,15,day,rolling,none,5,cheap,yes,119,-0.8246218487394957,-98.13,-0.34560660573701646,98,-0.7621428571428563,-74.68999999999993,-0.34529612942986576,77,-1.078701298701298,-83.05999999999995,-0.27998856115672854,74.16000000000003
KXBTC,15,day,rolling,none,5,cheap,no,0,,0.0,,0,,0.0,,0,,0.0,,0.0
KXBTC,15,day,rolling,none,5,middle,both,365,-5.093452054794521,-1859.1100000000001,-1.811964135269872,147,-5.546462585034015,-815.3300000000002,-1.2753462177242068,86,-6.655465116279071,-572.3700000000001,-1.7694107842271267,-419.03000000000003
KXBTC,15,day,rolling,none,5,middle,yes,170,-5.730117647058824,-974.1200000000001,-1.5866945403879997,76,-1.575,-119.7,-0.31644423448714576,36,-12.071944444444444,-434.59,-2.11806339004032,-281.25000000000006
KXBTC,15,day,rolling,none,5,middle,no,195,-4.538410256410256,-884.99,-1.386457901051367,71,-9.797605633802817,-695.63,-1.5161164809080554,50,-2.7556000000000025,-137.78000000000011,-0.6438454760975012,-137.78000000000011
KXBTC,15,day,rolling,none,10,all,both,183,-5.42912568306011,-993.5300000000001,-1.4601079797771674,77,-12.221428571428573,-941.0500000000002,-2.011537413469647,44,-5.951136363636365,-261.85,-1.2391117086798102,-169.69000000000003
KXBTC,15,day,rolling,none,10,all,yes,94,-8.254893617021278,-775.9600000000002,-1.7345320319908621,37,-9.227837837837837,-341.43,-1.3916342632931555,25,-9.126800000000001,-228.17000000000004,-1.3814897254780207,-136.01
KXBTC,15,day,rolling,none,10,all,no,89,-2.4446067415730344,-217.57000000000008,-0.47304820943224607,40,-14.990500000000003,-599.6200000000001,,19,-1.7726315789473692,-33.680000000000014,-0.21168208153323703,-33.680000000000014
KXBTC,15,day,rolling,none,10,cheap,both,22,-1.6827272727272733,-37.02000000000001,-0.34205778181679347,12,-11.159166666666666,-133.91,-6.990967766707296,11,-2.116363636363636,-23.279999999999994,-0.22041761514637775,10.730000000000004
KXBTC,15,day,rolling,none,10,cheap,yes,22,-1.6827272727272733,-37.02000000000001,-0.34205778181679347,12,-11.159166666666666,-133.91,-6.990967766707296,11,-2.116363636363636,-23.279999999999994,-0.22041761514637775,10.730000000000004
KXBTC,15,day,rolling,none,10,cheap,no,0,,0.0,,0,,0.0,,0,,0.0,,0.0
KXBTC,15,day,rolling,none,10,middle,both,161,-5.941055900621118,-956.51,-1.515065532881393,65,-12.417538461538463,-807.1400000000001,-1.7472402564391107,33,-7.22939393939394,-238.57000000000002,-1.4287607018105464,-180.42000000000004
KXBTC,15,day,rolling,none,10,middle,yes,72,-10.263055555555555,-738.9399999999999,-1.74094252358471,25,-8.300799999999999,-207.51999999999998,-0.8736008397330803,14,-14.635000000000003,-204.89000000000004,-4.359859986216851,-146.74
KXBTC,15,day,rolling,none,10,middle,no,89,-2.4446067415730344,-217.57000000000008,-0.47304820943224607,40,-14.990500000000003,-599.6200000000001,,19,-1.7726315789473692,-33.680000000000014,-0.21168208153323703,-33.680000000000014
KXBTC,15,day,rolling,volview,2,all,both,1081,-1.8567530064754858,-2007.15,-1.3597219347584142,576,-2.8540625000000004,-1643.9400000000003,-1.7789554432284864,458,-2.193318777292576,-1004.54,-1.9227415320220707,-672.9799999999999
KXBTC,15,day,rolling,volview,2,all,yes,514,-2.4376653696498045,-1252.9599999999996,-1.5654742741028997,349,-1.6460458452722058,-574.4699999999998,-1.120167454507345,270,-2.1585555555555556,-582.81,-1.137969268846498,-357.8699999999999
KXBTC,15,day,rolling,volview,2,all,no,567,-1.3301410934744275,-754.1900000000004,-0.8787659582487882,227,-4.711321585903084,-1069.47,-1.9746423078021127,188,-2.2432446808510633,-421.7299999999999,-2.16031615359974,-315.1099999999999
KXBTC,15,day,rolling,volview,2,cheap,both,316,-1.5085126582278476,-476.6899999999998,-1.000272538997854,211,-1.586540284360189,-334.7599999999999,-0.8139774472814421,183,-1.8803825136612013,-344.10999999999984,-0.8356978201914453,-213.4299999999999
KXBTC,15,day,rolling,volview,2,cheap,yes,316,-1.5085126582278476,-476.6899999999998,-1.000272538997854,211,-1.586540284360189,-334.7599999999999,-0.8139774472814421,183,-1.8803825136612013,-344.10999999999984,-0.8356978201914453,-213.4299999999999
KXBTC,15,day,rolling,volview,2,cheap,no,0,,0.0,,0,,0.0,,0,,0.0,,0.0
KXBTC,15,day,rolling,volview,2,middle,both,503,-3.622644135188868,-1822.1900000000005,-1.5464313436959372,233,-3.6107296137339056,-841.3,-1.1367102881505586,178,-3.1700561797752815,-564.2700000000001,-2.725365632350802,-470.0100000000001
KXBTC,15,day,rolling,volview,2,middle,yes,198,-3.9205555555555565,-776.2700000000002,-1.1037498363822953,138,-1.7370289855072454,-239.70999999999987,-0.4815380258541128,87,-2.743678160919541,-238.70000000000005,-1.6049509540257496,-144.44000000000008
KXBTC,15,day,rolling,volview,2,middle,no,305,-3.4292459016393444,-1045.92,-1.4436383546675668,95,-6.332526315789474,-601.59,-1.2393184437377172,91,-3.5776923076923084,-325.57000000000005,-2.0342430957201088,-325.57000000000005
KXBTC,15,day,rolling,volview,5,all,both,451,-3.708891352549889,-1672.71,-1.4513039023119665,235,-3.7847659574468087,-889.4200000000001,-1.2894210942279247,159,-4.106729559748427,-652.9699999999999,-1.296347180197601,-368.9499999999999
KXBTC,15,day,rolling,volview,5,all,yes,239,-4.288158995815899,-1024.87,-1.6456595767252828,158,-0.5772784810126579,-91.20999999999995,-0.2778355338910079,107,-3.9474766355140183,-422.37999999999994,-0.9803382381467085,-138.35999999999993
KXBTC,15,day,rolling,volview,5,all,no,212,-3.0558490566037744,-647.8400000000001,-0.9878338971984691,77,-10.36636363636364,-798.2100000000003,-1.8187731361017467,52,-4.434423076923078,-230.59000000000006,-0.9940911544310153,-230.59000000000006
KXBTC,15,day,rolling,volview,5,cheap,both,107,0.3736448598130851,39.9800000000001,0.1248892260004377,91,-0.08527472527472454,-7.759999999999934,-0.034890154034004854,73,-0.4684931506849311,-34.19999999999997,-0.12221630666870673,96.47999999999999
KXBTC,15,day,rolling,volview,5,cheap,yes,107,0.3736448598130851,39.9800000000001,0.1248892260004377,91,-0.08527472527472454,-7.759999999999934,-0.034890154034004854,73,-0.4684931506849311,-34.19999999999997,-0.12221630666870673,96.47999999999999
KXBTC,15,day,rolling,volview,5,cheap,no,0,,0.0,,0,,0.0,,0,,0.0,,0.0
KXBTC,15,day,rolling,volview,5,middle,both,318,-5.552578616352202,-1765.7200000000003,-1.7802949860939772,135,-5.701925925925926,-769.7600000000001,-1.1879853616564586,83,-6.6571084337349395,-552.54,-1.7290230798067079,-399.20000000000005
KXBTC,15,day,rolling,volview,5,middle,yes,132,-8.067045454545454,-1064.85,-1.8058625645458746,67,-1.2455223880597015,-83.45,-0.23858030850108947,34,-11.41705882352941,-388.17999999999995,-1.9940648335678377,-234.84000000000003
KXBTC,15,day,rolling,volview,5,middle,no,186,-3.7681182795698938,-700.8700000000002,-1.1743765693235573,68,-10.09279411764706,-686.3100000000001,-1.5925623368969077,49,-3.354285714285715,-164.36000000000004,-0.7464261253120386,-164.36000000000004
KXBTC,15,day,rolling,volview,10,all,both,172,-4.163081395348837,-716.05,-1.0590265095864144,73,-11.938904109589043,-871.5400000000001,-1.9183892814418206,43,-5.76860465116279,-248.04999999999998,-1.1986636533291675,-169.69000000000003
KXBTC,15,day,rolling,volview,10,all,yes,83,-6.00578313253012,-498.48,-1.1802205705381241,35,-8.519999999999998,-298.19999999999993,-1.3355680189055665,24,-8.932083333333333,-214.37,-1.3434470207463574,-136.01
KXBTC,15,day,rolling,volview,10,all,no,89,-2.4446067415730344,-217.57000000000008,-0.47304820943224607,38,-15.087894736842106,-573.34,,19,-1.7726315789473692,-33.680000000000014,-0.21168208153323703,-33.680000000000014
KXBTC,15,day,rolling,volview,10,cheap,both,20,-0.6295000000000002,-12.590000000000003,-0.10664080293319698,11,-10.823636363636362,-119.05999999999999,-6.3482613971410915,10,-0.9479999999999997,-9.479999999999997,-0.09314955876671295,10.730000000000004
KXBTC,15,day,rolling,volview,10,cheap,yes,20,-0.6295000000000002,-12.590000000000003,-0.10664080293319698,11,-10.823636363636362,-119.05999999999999,-6.3482613971410915,10,-0.9479999999999997,-9.479999999999997,-0.09314955876671295,10.730000000000004
KXBTC,15,day,rolling,volview,10,cheap,no,0,,0.0,,0,,0.0,,0,,0.0,,0.0
KXBTC,15,day,rolling,volview,10,middle,both,152,-4.628026315789474,-703.46,-1.128877205796726,62,-12.136774193548387,-752.48,-1.662934533440409,33,-7.22939393939394,-238.57000000000002,-1.4287607018105464,-180.42000000000004
KXBTC,15,day,rolling,volview,10,middle,yes,63,-7.71253968253968,-485.8899999999999,-1.223742362585103,24,-7.464166666666666,-179.14,-0.8051593904695884,14,-14.635000000000003,-204.89000000000004,-4.359859986216851,-146.74
KXBTC,15,day,rolling,volview,10,middle,no,89,-2.4446067415730344,-217.57000000000008,-0.47304820943224607,38,-15.087894736842106,-573.34,,19,-1.7726315789473692,-33.680000000000014,-0.21168208153323703,-33.680000000000014
KXBTC,15,day,rolling,shrink25,2,all,both,86,-8.748488372093025,-752.3700000000001,-1.5967657819146543,32,-18.63625,-596.36,-2.0336875868306707,14,-24.308571428571437,-340.3200000000001,-1.3364825995550946,-329.69000000000005
KXBTC,15,day,rolling,shrink25,2,all,yes,45,-6.2237777777777765,-280.06999999999994,-1.110912432358542,14,-12.247142857142856,-171.45999999999998,-1.3999264764372366,7,-16.918571428571425,-118.42999999999998,-2.0924169894519227,-107.79999999999998
KXBTC,15,day,rolling,shrink25,2,all,no,41,-11.519512195121953,-472.30000000000007,-1.258549159727372,18,-23.605555555555558,-424.90000000000003,,7,-31.698571428571427,-221.89,,-221.89
KXBTC,15,day,rolling,shrink25,2,cheap,both,8,0.9462499999999991,7.569999999999993,0.09705768497482159,3,-11.333333333333334,-34.0,-6.090422787826409,3,-10.983333333333334,-32.95,-7.158021769840661,-22.32
KXBTC,15,day,rolling,shrink25,2,cheap,yes,8,0.9462499999999991,7.569999999999993,0.09705768497482159,3,-11.333333333333334,-34.0,-6.090422787826409,3,-10.983333333333334,-32.95,-7.158021769840661,-22.32
KXBTC,15,day,rolling,shrink25,2,cheap,no,0,,0.0,,0,,0.0,,0,,0.0,,0.0
KXBTC,15,day,rolling,shrink25,2,middle,both,78,-9.742820512820511,-759.9399999999999,-1.660606786692727,29,-19.391724137931035,-562.36,-2.011325170635369,11,-27.94272727272727,-307.37,-1.2037169082217363,-307.37
KXBTC,15,day,rolling,shrink25,2,middle,yes,37,-7.774054054054052,-287.63999999999993,-1.199787872928707,11,-12.496363636363638,-137.46,-1.1497494865234927,4,-21.37,-85.48,,-85.48
KXBTC,15,day,rolling,shrink25,2,middle,no,41,-11.519512195121953,-472.30000000000007,-1.258549159727372,18,-23.605555555555558,-424.90000000000003,,7,-31.698571428571427,-221.89,,-221.89
KXBTC,15,day,rolling,shrink25,5,all,both,16,-20.054375,-320.87,-1.8471219826847056,1,-52.75,-52.75,,0,,0.0,,0.0
KXBTC,15,day,rolling,shrink25,5,all,yes,6,-18.054999999999996,-108.32999999999998,-0.8851545436579682,0,,0.0,,0,,0.0,,0.0
KXBTC,15,day,rolling,shrink25,5,all,no,10,-21.253999999999998,-212.54,-1.6290214602382442,1,-52.75,-52.75,,0,,0.0,,0.0
KXBTC,15,day,rolling,shrink25,5,cheap,both,0,,0.0,,0,,0.0,,0,,0.0,,0.0
KXBTC,15,day,rolling,shrink25,5,cheap,yes,0,,0.0,,0,,0.0,,0,,0.0,,0.0
KXBTC,15,day,rolling,shrink25,5,cheap,no,0,,0.0,,0,,0.0,,0,,0.0,,0.0
KXBTC,15,day,rolling,shrink25,5,middle,both,16,-20.054375,-320.87,-1.8471219826847056,1,-52.75,-52.75,,0,,0.0,,0.0
KXBTC,15,day,rolling,shrink25,5,middle,yes,6,-18.054999999999996,-108.32999999999998,-0.8851545436579682,0,,0.0,,0,,0.0,,0.0
KXBTC,15,day,rolling,shrink25,5,middle,no,10,-21.253999999999998,-212.54,-1.6290214602382442,1,-52.75,-52.75,,0,,0.0,,0.0
KXBTC,15,day,rolling,shrink25,10,all,both,0,,0.0,,0,,0.0,,0,,0.0,,0.0
KXBTC,15,day,rolling,shrink25,10,all,yes,0,,0.0,,0,,0.0,,0,,0.0,,0.0
KXBTC,15,day,rolling,shrink25,10,all,no,0,,0.0,,0,,0.0,,0,,0.0,,0.0
KXBTC,15,day,rolling,shrink25,10,cheap,both,0,,0.0,,0,,0.0,,0,,0.0,,0.0
KXBTC,15,day,rolling,shrink25,10,cheap,yes,0,,0.0,,0,,0.0,,0,,0.0,,0.0
KXBTC,15,day,rolling,shrink25,10,cheap,no,0,,0.0,,0,,0.0,,0,,0.0,,0.0
KXBTC,15,day,rolling,shrink25,10,middle,both,0,,0.0,,0,,0.0,,0,,0.0,,0.0
KXBTC,15,day,rolling,shrink25,10,middle,yes,0,,0.0,,0,,0.0,,0,,0.0,,0.0
KXBTC,15,day,rolling,shrink25,10,middle,no,0,,0.0,,0,,0.0,,0,,0.0,,0.0
KXBTC,15,day,rolling,shrink50,2,all,both,384,-4.081380208333333,-1567.25,-1.4334104291197431,207,-5.5808212560386465,-1155.2299999999998,-1.8831840446720123,131,-5.220992366412212,-683.9499999999998,-1.5746535772596453,-411.60999999999996
KXBTC,15,day,rolling,shrink50,2,all,yes,230,-3.354826086956521,-771.6099999999999,-1.2028744765701436,144,-2.491041666666667,-358.71000000000004,-0.9856486944647329,93,-6.332150537634408,-588.8899999999999,-1.4014064390438774,-316.5499999999999
KXBTC,15,day,rolling,shrink50,2,all,no,154,-5.166493506493508,-795.6400000000002,-1.1417587881603644,63,-12.643174603174604,-796.52,-2.0177618911534316,38,-2.501578947368421,-95.06,-0.6357409942997486,-95.06
KXBTC,15,day,rolling,shrink50,2,cheap,both,91,0.15747252747252732,14.329999999999986,0.07320801888064203,86,-1.6123255813953485,-138.65999999999997,-0.5685081053054826,64,-3.611406249999998,-231.12999999999988,-0.8225141407428768,-95.17999999999992
KXBTC,15,day,rolling,shrink50,2,cheap,yes,91,0.15747252747252732,14.329999999999986,0.07320801888064203,86,-1.6123255813953485,-138.65999999999997,-0.5685081053054826,64,-3.611406249999998,-231.12999999999988,-0.8225141407428768,-95.17999999999992
KXBTC,15,day,rolling,shrink50,2,cheap,no,0,,0.0,,0,,0.0,,0,,0.0,,0.0
KXBTC,15,day,rolling,shrink50,2,middle,both,277,-5.552635379061371,-1538.08,-1.6269079699671827,115,-8.491913043478263,-976.5700000000002,-1.654420562015371,66,-7.060151515151515,-465.96999999999997,-1.8536120769863538,-329.58
KXBTC,15,day,rolling,shrink50,2,middle,yes,138,-5.790507246376811,-799.0899999999999,-1.2322467043685972,58,-3.7939655172413804,-220.05000000000007,-0.5741509684550403,29,-12.33655172413793,-357.76,-1.9231727842990702,-221.37000000000006
KXBTC,15,day,rolling,shrink50,2,middle,no,139,-5.316474820143885,-738.99,-1.1581087456202084,57,-13.272280701754386,-756.52,-2.372670121174992,37,-2.924594594594595,-108.21000000000001,-0.7296075834746106,-108.21000000000001
KXBTC,15,day,rolling,shrink50,5,all,both,118,-3.65771186440678,-431.61,-0.77016298040076,52,-17.427884615384617,-906.2500000000001,-2.3183320377891974,17,-19.89117647058824,-338.15000000000003,-1.5663943351072382,-309.53000000000014
KXBTC,15,day,rolling,shrink50,5,all,yes,60,-1.7921666666666654,-107.52999999999992,-0.3589036954772992,21,-15.637142857142859,-328.38000000000005,-2.082710192593213,9,-17.504444444444445,-157.54,-2.2145395128187575,-128.92
KXBTC,15,day,rolling,shrink50,5,all,no,58,-5.587586206896552,-324.08000000000004,-0.7620528737752822,31,-18.64096774193548,-577.8699999999999,,8,-22.57625,-180.61,,-180.61
KXBTC,15,day,rolling,shrink50,5,cheap,both,11,7.169090909090909,78.86,0.7297953093374966,5,-12.108,-60.54,-3.762174464478522,3,-10.983333333333334,-32.95,-7.158021769840661,-22.32
KXBTC,15,day,rolling,shrink50,5,cheap,yes,11,7.169090909090909,78.86,0.7297953093374966,5,-12.108,-60.54,-3.762174464478522,3,-10.983333333333334,-32.95,-7.158021769840661,-22.32
KXBTC,15,day,rolling,shrink50,5,cheap,no,0,,0.0,,0,,0.0,,0,,0.0,,0.0
KXBTC,15,day,rolling,shrink50,5,middle,both,107,-4.770747663551402,-510.47,-0.9596336013351182,47,-17.993829787234045,-845.71,-2.3574967220603398,14,-21.800000000000008,-305.2000000000001,-1.399122537287982,-287.2100000000001
KXBTC,15,day,rolling,shrink50,5,middle,yes,49,-3.8038775510204075,-186.38999999999996,-0.681471186385632,16,-16.74,-267.84,-2.1476566694491566,6,-20.765,-124.59,-1.6887329711025543,-106.60000000000001
KXBTC,15,day,rolling,shrink50,5,middle,no,58,-5.587586206896552,-324.08000000000004,-0.7620528737752822,31,-18.64096774193548,-577.8699999999999,,8,-22.57625,-180.61,,-180.61
KXBTC,15,day,rolling,shrink50,10,all,both,32,-12.0153125,-384.49,-1.2566715556679575,8,-22.01875,-176.15,-2.0937589368010623,0,,0.0,,0.0
KXBTC,15,day,rolling,shrink50,10,all,yes,13,-9.326153846153845,-121.23999999999998,-2.799857314535904,1,-15.9,-15.9,,0,,0.0,,0.0
KXBTC,15,day,rolling,shrink50,10,all,no,19,-13.855263157894736,-263.25,-0.7963652499201085,7,-22.892857142857142,-160.25,,0,,0.0,,0.0
KXBTC,15,day,rolling,shrink50,10,cheap,both,1,-14.850000000000001,-14.850000000000001,,0,,0.0,,0,,0.0,,0.0
KXBTC,15,day,rolling,shrink50,10,cheap,yes,1,-14.850000000000001,-14.850000000000001,,0,,0.0,,0,,0.0,,0.0
KXBTC,15,day,rolling,shrink50,10,cheap,no,0,,0.0,,0,,0.0,,0,,0.0,,0.0
KXBTC,15,day,rolling,shrink50,10,middle,both,31,-11.923870967741935,-369.64,-1.2070926244987177,8,-22.01875,-176.15,-2.0937589368010623,0,,0.0,,0.0
KXBTC,15,day,rolling,shrink50,10,middle,yes,12,-8.865833333333333,-106.38999999999999,-3.140881506826001,1,-15.9,-15.9,,0,,0.0,,0.0
KXBTC,15,day,rolling,shrink50,10,middle,no,19,-13.855263157894736,-263.25,-0.7963652499201085,7,-22.892857142857142,-160.25,,0,,0.0,,0.0
KXETH,1,ppc,fixed,none,2,all,both,351,-1.7427065527065535,-611.6900000000003,-0.7691106150024242,149,-4.328255033557046,-644.9099999999999,-1.9034432926055254,233,-2.344635193133047,-546.3,-0.789715824735748,-155.4399999999998
KXETH,1,ppc,fixed,none,2,all,yes,169,1.0195857988165684,172.31000000000006,0.32629509638499316,76,-4.988421052631577,-379.1199999999999,-1.2372850885608357,66,1.5150000000000012,99.99000000000008,0.38705392754797735,215.21000000000015
KXETH,1,ppc,fixed,none,2,all,no,182,-4.307692307692309,-784.0000000000002,-1.2564978269989453,73,-3.6409589041095893,-265.79,-1.010165454275292,167,-3.8699999999999997,-646.29,-1.2978485207530206,-370.65000000000003
KXETH,1,ppc,fixed,none,2,cheap,both,27,-2.0837037037037036,-56.26,-0.4664826709195114,16,0.35250000000000137,5.640000000000022,0.05191798683984307,26,-4.2373076923076916,-110.16999999999999,-0.9387373339350328,-80.47
KXETH,1,ppc,fixed,none,2,cheap,yes,26,-1.5926923076923076,-41.41,-0.35862247134962716,16,0.35250000000000137,5.640000000000022,0.05191798683984307,26,-4.2373076923076916,-110.16999999999999,-0.9387373339350328,-80.47
KXETH,1,ppc,fixed,none,2,cheap,no,1,-14.850000000000001,-14.850000000000001,,0,,0.0,,0,,0.0,,0.0
KXETH,1,ppc,fixed,none,2,middle,both,261,-1.9758620689655175,-515.7,-0.7010828601764312,106,-7.028679245283021,-745.0400000000002,-2.3855369843591747,55,0.5659999999999994,31.129999999999967,0.09212934323636884,116.65
KXETH,1,ppc,fixed,none,2,middle,yes,137,1.3214598540145983,181.03999999999996,0.3423755768654524,60,-6.412666666666666,-384.75999999999993,-1.4445564995068545,40,5.2540000000000004,210.16000000000003,0.8073532825446809,295.68
KXETH,1,ppc,fixed,none,2,middle,no,124,-5.618870967741936,-696.74,-1.209026611461717,46,-7.832173913043477,-360.28,-1.3986865908944512,15,-11.935333333333336,-179.03000000000003,-0.9160329765815999,-179.03000000000003
KXETH,1,ppc,fixed,none,5,all,both,108,0.03592592592592595,3.8800000000000026,0.009286744394101445,18,-11.365000000000002,-204.57000000000002,-1.125884313596057,25,2.3007999999999997,57.519999999999996,0.4641914373911563,102.34
KXETH,1,ppc,fixed,none,5,all,yes,62,3.7504838709677424,232.53000000000003,0.8393948720840252,10,-0.3889999999999986,-3.8899999999999864,-0.027906600673391683,5,5.627999999999999,28.139999999999997,0.3065354020976097,28.139999999999997
KXETH,1,ppc,fixed,none,5,all,no,46,-4.970652173913043,-228.64999999999998,-0.7040956022015439,8,-25.085000000000004,-200.68000000000004,-2.7867758980680266,20,1.4690000000000012,29.380000000000024,0.3324511381612744,74.19999999999999
KXETH,1,ppc,fixed,none,5,cheap,both,5,8.316,41.580000000000005,0.3888197404196217,1,85.15,85.15,,3,-7.1066666666666665,-21.32,,-21.32
KXETH,1,ppc,fixed,none,5,cheap,yes,4,14.107500000000002,56.43000000000001,0.5617129528923599,1,85.15,85.15,,3,-7.1066666666666665,-21.32,,-21.32
KXETH,1,ppc,fixed,none,5,cheap,no,1,-14.850000000000001,-14.850000000000001,,0,,0.0,,0,,0.0,,0.0
KXETH,1,ppc,fixed,none,5,middle,both,100,0.23800000000000018,23.80000000000002,0.05637000358643666,13,-24.66,-320.58,-2.2930110354604474,5,29.772,148.85999999999999,2.910099000810328,148.85999999999999
KXETH,1,ppc,fixed,none,5,middle,yes,58,3.0362068965517244,176.10000000000002,0.648290309289912,9,-9.893333333333333,-89.03999999999999,-0.9284002220793207,2,24.729999999999997,49.459999999999994,,49.459999999999994
KXETH,1,ppc,fixed,none,5,middle,no,42,-3.626190476190477,-152.30000000000004,-0.4651857046558962,4,-57.885000000000005,-231.54000000000002,-8.716077811891484,3,33.13333333333333,99.4,5.311754405599186,99.4
KXETH,1,ppc,fixed,none,10,all,both,21,-2.4209523809523814,-50.84000000000001,-0.30703988946286687,1,-20.08,-20.08,,0,,0.0,,0.0
KXETH,1,ppc,fixed,none,10,all,yes,14,-9.480714285714283,-132.72999999999996,-1.1567327430224483,1,-20.08,-20.08,,0,,0.0,,0.0
KXETH,1,ppc,fixed,none,10,all,no,7,11.698571428571427,81.88999999999999,0.7679592935487932,0,,0.0,,0,,0.0,,0.0
KXETH,1,ppc,fixed,none,10,cheap,both,1,-14.850000000000001,-14.850000000000001,,0,,0.0,,0,,0.0,,0.0
KXETH,1,ppc,fixed,none,10,cheap,yes,0,,0.0,,0,,0.0,,0,,0.0,,0.0
KXETH,1,ppc,fixed,none,10,cheap,no,1,-14.850000000000001,-14.850000000000001,,0,,0.0,,0,,0.0,,0.0
KXETH,1,ppc,fixed,none,10,middle,both,20,-1.7995000000000008,-35.990000000000016,-0.22049944242311414,1,-20.08,-20.08,,0,,0.0,,0.0
KXETH,1,ppc,fixed,none,10,middle,yes,14,-9.480714285714283,-132.72999999999996,-1.1567327430224483,1,-20.08,-20.08,,0,,0.0,,0.0
KXETH,1,ppc,fixed,none,10,middle,no,6,16.12333333333333,96.73999999999998,0.9558148695226828,0,,0.0,,0,,0.0,,0.0
KXETH,1,ppc,fixed,volview,2,all,both,237,-2.6950210970464137,-638.72,-1.0232504097161579,109,-4.70697247706422,-513.06,-1.4554556671387353,206,-2.018495145631068,-415.80999999999995,-0.6734718927286671,-24.949999999999932
KXETH,1,ppc,fixed,volview,2,all,yes,119,-1.1736974789915968,-139.67000000000002,-0.30218509395070414,74,-5.265945945945944,-389.6799999999999,-1.2458896179004386,63,0.704761904761905,44.40000000000002,0.15905035459113304,159.62000000000006
KXETH,1,ppc,fixed,volview,2,all,no,118,-4.229237288135593,-499.05,-0.9598176369439569,35,-3.525142857142859,-123.38000000000007,-0.8763413283845493,143,-3.218251748251747,-460.20999999999987,-1.1418602923583927,-184.57000000000002
KXETH,1,ppc,fixed,volview,2,cheap,both,23,-1.057391304347826,-24.32,-0.2135864702347392,15,0.8026666666666685,12.040000000000028,0.1100029772425104,24,-3.8366666666666673,-92.08000000000001,-0.8261482231817444,-62.38
KXETH,1,ppc,fixed,volview,2,cheap,yes,22,-0.4304545454545455,-9.47,-0.08555957913474078,15,0.8026666666666685,12.040000000000028,0.1100029772425104,24,-3.8366666666666673,-92.08000000000001,-0.8261482231817444,-62.38
KXETH,1,ppc,fixed,volview,2,cheap,no,1,-14.850000000000001,-14.850000000000001,,0,,0.0,,0,,0.0,,0.0
KXETH,1,ppc,fixed,volview,2,middle,both,165,-2.835939393939394,-467.93000000000006,-0.8020597753564844,68,-8.918235294117645,-606.4399999999998,-1.9465077817161838,41,3.0,123.0,0.43102873320404356,208.51999999999998
KXETH,1,ppc,fixed,volview,2,middle,yes,96,-1.3951041666666668,-133.93,-0.30565678702113686,59,-6.808813559322032,-401.7199999999999,-1.4695941122540808,39,3.4994871794871787,136.47999999999996,0.47825825495917934,222.0
KXETH,1,ppc,fixed,volview,2,middle,no,69,-4.840579710144928,-334.0,-0.7489005096845586,9,-22.74666666666667,-204.72000000000003,-2.19596943355345,2,-6.740000000000009,-13.480000000000018,,-13.480000000000018
KXETH,1,ppc,fixed,volview,5,all,both,83,-0.6783132530120483,-56.300000000000004,-0.13584992419667533,16,-5.961875000000001,-95.39000000000001,-0.5374532920225995,22,4.225454545454543,92.95999999999994,0.906182351301399,137.77999999999997
KXETH,1,ppc,fixed,volview,5,all,yes,51,1.0401960784313717,53.049999999999955,0.16687926451828536,10,-0.3889999999999986,-3.8899999999999864,-0.027906600673391683,5,5.627999999999999,28.139999999999997,0.3065354020976097,28.139999999999997
KXETH,1,ppc,fixed,volview,5,all,no,32,-3.4171875,-109.35,-0.37068146890372006,6,-15.25,-91.5,-1.141943221723512,17,3.812941176470587,64.81999999999998,0.8419679004021396,109.63999999999999
KXETH,1,ppc,fixed,volview,5,cheap,both,5,8.316,41.580000000000005,0.3888197404196217,1,85.15,85.15,,3,-7.1066666666666665,-21.32,,-21.32
KXETH,1,ppc,fixed,volview,5,cheap,yes,4,14.107500000000002,56.43000000000001,0.5617129528923599,1,85.15,85.15,,3,-7.1066666666666665,-21.32,,-21.32
KXETH,1,ppc,fixed,volview,5,cheap,no,1,-14.850000000000001,-14.850000000000001,,0,,0.0,,0,,0.0,,0.0
KXETH,1,ppc,fixed,volview,5,middle,both,75,-0.48506666666666576,-36.37999999999993,-0.08660637385684772,11,-19.21818181818182,-211.4,-1.5211659696883058,3,30.906666666666663,92.71999999999998,1.1370031632570587,92.71999999999998
KXETH,1,ppc,fixed,volview,5,middle,yes,47,-0.07191489361702148,-3.3800000000000097,-0.011075338635072651,9,-9.893333333333333,-89.03999999999999,-0.9284002220793207,2,24.729999999999997,49.459999999999994,,49.459999999999994
KXETH,1,ppc,fixed,volview,5,middle,no,28,-1.1785714285714293,-33.00000000000002,-0.11031963081894698,2,-61.18000000000001,-122.36000000000001,,1,43.25999999999999,43.25999999999999,,43.25999999999999
KXETH,1,ppc,fixed,volview,10,all,both,18,-5.460555555555558,-98.29000000000005,-0.609673562777103,1,-20.08,-20.08,,0,,0.0,,0.0
KXETH,1,ppc,fixed,volview,10,all,yes,12,-17.121666666666666,-205.46,-1.6472891480539193,1,-20.08,-20.08,,0,,0.0,,0.0
KXETH,1,ppc,fixed,volview,10,all,no,6,17.861666666666665,107.16999999999999,1.0872412255958506,0,,0.0,,0,,0.0,,0.0
KXETH,1,ppc,fixed,volview,10,cheap,both,1,-14.850000000000001,-14.850000000000001,,0,,0.0,,0,,0.0,,0.0
KXETH,1,ppc,fixed,volview,10,cheap,yes,0,,0.0,,0,,0.0,,0,,0.0,,0.0
KXETH,1,ppc,fixed,volview,10,cheap,no,1,-14.850000000000001,-14.850000000000001,,0,,0.0,,0,,0.0,,0.0
KXETH,1,ppc,fixed,volview,10,middle,both,17,-4.908235294117649,-83.44000000000003,-0.5147651762778355,1,-20.08,-20.08,,0,,0.0,,0.0
KXETH,1,ppc,fixed,volview,10,middle,yes,12,-17.121666666666666,-205.46,-1.6472891480539193,1,-20.08,-20.08,,0,,0.0,,0.0
KXETH,1,ppc,fixed,volview,10,middle,no,5,24.403999999999996,122.01999999999998,1.2625621583547546,0,,0.0,,0,,0.0,,0.0
KXETH,1,ppc,fixed,shrink25,2,all,both,2,-10.200000000000003,-20.400000000000006,,0,,0.0,,0,,0.0,,0.0
KXETH,1,ppc,fixed,shrink25,2,all,yes,2,-10.200000000000003,-20.400000000000006,,0,,0.0,,0,,0.0,,0.0
KXETH,1,ppc,fixed,shrink25,2,all,no,0,,0.0,,0,,0.0,,0,,0.0,,0.0
KXETH,1,ppc,fixed,shrink25,2,cheap,both,0,,0.0,,0,,0.0,,0,,0.0,,0.0
KXETH,1,ppc,fixed,shrink25,2,cheap,yes,0,,0.0,,0,,0.0,,0,,0.0,,0.0
KXETH,1,ppc,fixed,shrink25,2,cheap,no,0,,0.0,,0,,0.0,,0,,0.0,,0.0
KXETH,1,ppc,fixed,shrink25,2,middle,both,2,-10.200000000000003,-20.400000000000006,,0,,0.0,,0,,0.0,,0.0
KXETH,1,ppc,fixed,shrink25,2,middle,yes,2,-10.200000000000003,-20.400000000000006,,0,,0.0,,0,,0.0,,0.0
KXETH,1,ppc,fixed,shrink25,2,middle,no,0,,0.0,,0,,0.0,,0,,0.0,,0.0
KXETH,1,ppc,fixed,shrink25,5,all,both,0,,0.0,,0,,0.0,,0,,0.0,,0.0
KXETH,1,ppc,fixed,shrink25,5,all,yes,0,,0.0,,0,,0.0,,0,,0.0,,0.0
KXETH,1,ppc,fixed,shrink25,5,all,no,0,,0.0,,0,,0.0,,0,,0.0,,0.0
KXETH,1,ppc,fixed,shrink25,5,cheap,both,0,,0.0,,0,,0.0,,0,,0.0,,0.0
KXETH,1,ppc,fixed,shrink25,5,cheap,yes,0,,0.0,,0,,0.0,,0,,0.0,,0.0
KXETH,1,ppc,fixed,shrink25,5,cheap,no,0,,0.0,,0,,0.0,,0,,0.0,,0.0
KXETH,1,ppc,fixed,shrink25,5,middle,both,0,,0.0,,0,,0.0,,0,,0.0,,0.0
KXETH,1,ppc,fixed,shrink25,5,middle,yes,0,,0.0,,0,,0.0,,0,,0.0,,0.0
KXETH,1,ppc,fixed,shrink25,5,middle,no,0,,0.0,,0,,0.0,,0,,0.0,,0.0
KXETH,1,ppc,fixed,shrink25,10,all,both,0,,0.0,,0,,0.0,,0,,0.0,,0.0
KXETH,1,ppc,fixed,shrink25,10,all,yes,0,,0.0,,0,,0.0,,0,,0.0,,0.0
KXETH,1,ppc,fixed,shrink25,10,all,no,0,,0.0,,0,,0.0,,0,,0.0,,0.0
KXETH,1,ppc,fixed,shrink25,10,cheap,both,0,,0.0,,0,,0.0,,0,,0.0,,0.0
KXETH,1,ppc,fixed,shrink25,10,cheap,yes,0,,0.0,,0,,0.0,,0,,0.0,,0.0
KXETH,1,ppc,fixed,shrink25,10,cheap,no,0,,0.0,,0,,0.0,,0,,0.0,,0.0
KXETH,1,ppc,fixed,shrink25,10,middle,both,0,,0.0,,0,,0.0,,0,,0.0,,0.0
KXETH,1,ppc,fixed,shrink25,10,middle,yes,0,,0.0,,0,,0.0,,0,,0.0,,0.0
KXETH,1,ppc,fixed,shrink25,10,middle,no,0,,0.0,,0,,0.0,,0,,0.0,,0.0
KXETH,1,ppc,fixed,shrink50,2,all,both,59,8.379491525423731,494.39000000000016,1.4259354942034166,8,-17.4625,-139.7,-0.8301194254481068,8,-13.594999999999999,-108.75999999999999,-1.1688882120518211,-108.75999999999999
KXETH,1,ppc,fixed,shrink50,2,all,yes,40,7.470500000000001,298.82000000000005,1.1200420038007086,6,-2.8899999999999983,-17.33999999999999,-0.1377383110838971,4,-10.61,-42.44,,-42.44
KXETH,1,ppc,fixed,shrink50,2,all,no,19,10.293157894736838,195.56999999999994,0.9448026891909412,2,-61.18000000000001,-122.36000000000001,,4,-16.58,-66.32,,-66.32
KXETH,1,ppc,fixed,shrink50,2,cheap,both,5,8.316,41.580000000000005,0.3888197404196217,1,85.15,85.15,,3,-7.1066666666666665,-21.32,,-21.32
KXETH,1,ppc,fixed,shrink50,2,cheap,yes,4,14.107500000000002,56.43000000000001,0.5617129528923599,1,85.15,85.15,,3,-7.1066666666666665,-21.32,,-21.32
KXETH,1,ppc,fixed,shrink50,2,cheap,no,1,-14.850000000000001,-14.850000000000001,,0,,0.0,,0,,0.0,,0.0
KXETH,1,ppc,fixed,shrink50,2,middle,both,53,8.313396226415094,440.61,1.299228384849648,7,-32.121428571428574,-224.85000000000002,-2.3842491969312434,1,-21.12,-21.12,,-21.12
KXETH,1,ppc,fixed,shrink50,2,middle,yes,36,6.7330555555555565,242.39000000000004,0.9316266088086379,5,-20.497999999999998,-102.49,-2.406071936253731,1,-21.12,-21.12,,-21.12
KXETH,1,ppc,fixed,shrink50,2,middle,no,17,11.659999999999998,198.21999999999997,0.9627196773684821,2,-61.18000000000001,-122.36000000000001,,0,,0.0,,0.0
KXETH,1,ppc,fixed,shrink50,5,all,both,9,1.466666666666667,13.200000000000003,0.09433950916011341,0,,0.0,,0,,0.0,,0.0
KXETH,1,ppc,fixed,shrink50,5,all,yes,6,-7.296666666666666,-43.779999999999994,-0.3150587930349107,0,,0.0,,0,,0.0,,0.0
KXETH,1,ppc,fixed,shrink50,5,all,no,3,18.993333333333332,56.98,,0,,0.0,,0,,0.0,,0.0
KXETH,1,ppc,fixed,shrink50,5,cheap,both,1,-14.850000000000001,-14.850000000000001,,0,,0.0,,0,,0.0,,0.0
KXETH,1,ppc,fixed,shrink50,5,cheap,yes,0,,0.0,,0,,0.0,,0,,0.0,,0.0
KXETH,1,ppc,fixed,shrink50,5,cheap,no,1,-14.850000000000001,-14.850000000000001,,0,,0.0,,0,,0.0,,0.0
KXETH,1,ppc,fixed,shrink50,5,middle,both,8,3.5062500000000014,28.05000000000001,0.19767426030320553,0,,0.0,,0,,0.0,,0.0
KXETH,1,ppc,fixed,shrink50,5,middle,yes,6,-7.296666666666666,-43.779999999999994,-0.3150587930349107,0,,0.0,,0,,0.0,,0.0
KXETH,1,ppc,fixed,shrink50,5,middle,no,2,35.915,71.83,,0,,0.0,,0,,0.0,,0.0
KXETH,1,ppc,fixed,shrink50,10,all,both,0,,0.0,,0,,0.0,,0,,0.0,,0.0
KXETH,1,ppc,fixed,shrink50,10,all,yes,0,,0.0,,0,,0.0,,0,,0.0,,0.0
KXETH,1,ppc,fixed,shrink50,10,all,no,0,,0.0,,0,,0.0,,0,,0.0,,0.0
KXETH,1,ppc,fixed,shrink50,10,cheap,both,0,,0.0,,0,,0.0,,0,,0.0,,0.0
KXETH,1,ppc,fixed,shrink50,10,cheap,yes,0,,0.0,,0,,0.0,,0,,0.0,,0.0
KXETH,1,ppc,fixed,shrink50,10,cheap,no,0,,0.0,,0,,0.0,,0,,0.0,,0.0
KXETH,1,ppc,fixed,shrink50,10,middle,both,0,,0.0,,0,,0.0,,0,,0.0,,0.0
KXETH,1,ppc,fixed,shrink50,10,middle,yes,0,,0.0,,0,,0.0,,0,,0.0,,0.0
KXETH,1,ppc,fixed,shrink50,10,middle,no,0,,0.0,,0,,0.0,,0,,0.0,,0.0
KXETH,5,ppc,fixed,none,2,all,both,422,-1.2653317535545028,-533.9700000000001,-0.5693309190703584,160,-2.4078749999999998,-385.26,-0.8962327259897679,153,0.5617647058823533,85.95000000000005,0.23224244870387428,118.94
KXETH,5,ppc,fixed,none,2,all,yes,225,0.5804000000000001,130.59000000000003,0.20000752601299976,95,-4.036210526315788,-383.4399999999999,-0.9498312348034513,80,4.983250000000001,398.6600000000001,1.3742218151767518,464.33000000000004
KXETH,5,ppc,fixed,none,2,all,no,197,-3.3734010152284273,-664.5600000000002,-1.0707756904670762,65,-0.028000000000000604,-1.8200000000000394,-0.008794331749267364,73,-4.283698630136986,-312.71000000000004,-1.2483960827088663,-345.3900000000001
KXETH,5,ppc,fixed,none,2,cheap,both,51,-9.819411764705883,-500.79,-5.31179335676118,18,4.453333333333333,80.16,0.574968318195793,33,3.659696969696971,120.77000000000004,0.7815232251174841,149.42
KXETH,5,ppc,fixed,none,2,cheap,yes,48,-9.614791666666667,-461.51,-4.879029542096075,17,5.029411764705882,85.5,0.6129558385126695,33,3.659696969696971,120.77000000000004,0.7815232251174841,149.42
KXETH,5,ppc,fixed,none,2,cheap,no,3,-13.093333333333334,-39.28,-10.322590469676427,1,-5.340000000000004,-5.340000000000004,,0,,0.0,,0.0
KXETH,5,ppc,fixed,none,2,middle,both,313,-0.8359105431309908,-261.6400000000001,-0.3025413832374734,114,-5.8709649122807015,-669.29,-1.633418524934097,59,1.3289830508474572,78.40999999999997,0.2814948770812107,115.43000000000004
KXETH,5,ppc,fixed,none,2,middle,yes,173,3.2764161849710978,566.8199999999999,0.9559371469614864,78,-6.012051282051282,-468.94,-1.2564444972900057,47,5.912553191489365,277.89000000000016,0.9496310360611203,314.91000000000014
KXETH,5,ppc,fixed,none,2,middle,no,140,-5.917571428571428,-828.4599999999999,-1.4492475187642593,36,-5.565277777777778,-200.35000000000002,-1.0610523296770629,12,-16.62333333333333,-199.48,-1.1374040637052514,-199.48
KXETH,5,ppc,fixed,none,5,all,both,142,1.4626760563380283,207.70000000000002,0.3390874986519544,22,-13.62590909090909,-299.77,-3.7082980384486515,16,12.572499999999998,201.15999999999997,1.313072329697018,222.27999999999994
KXETH,5,ppc,fixed,none,5,all,yes,82,3.6557317073170745,299.7700000000001,0.7243275006205647,17,-9.22764705882353,-156.87,-0.9806026190373082,15,14.470666666666663,217.05999999999995,1.4647184584818396,238.17999999999995
KXETH,5,ppc,fixed,none,5,all,no,60,-1.5344999999999993,-92.06999999999996,-0.21720615616044983,5,-28.580000000000002,-142.9,,1,-15.900000000000002,-15.900000000000002,,-15.900000000000002
KXETH,5,ppc,fixed,none,5,cheap,both,13,-11.36076923076923,-147.69,-5.429612978510818,1,-12.74,-12.74,,4,15.9575,63.83,,63.83
KXETH,5,ppc,fixed,none,5,cheap,yes,12,-11.157499999999999,-133.89,-4.9679951170649765,1,-12.74,-12.74,,4,15.9575,63.83,,63.83
KXETH,5,ppc,fixed,none,5,cheap,no,1,-13.8,-13.8,,0,,0.0,,0,,0.0,,0.0
KXETH,5,ppc,fixed,none,5,middle,both,123,3.966178861788617,487.8399999999999,0.8476584340345046,20,-14.7255,-294.51,-3.802613218761433,12,11.444166666666666,137.32999999999998,0.952362001343145,158.45
KXETH,5,ppc,fixed,none,5,middle,yes,70,6.195142857142857,433.65999999999997,1.068981304135021,16,-9.008125,-144.13,-0.9048430357829916,11,13.93,153.23,1.0868949564147259,174.35
KXETH,5,ppc,fixed,none,5,middle,no,53,1.0222641509433956,54.179999999999964,0.13503182963066712,4,-37.595,-150.38,,1,-15.900000000000002,-15.900000000000002,,-15.900000000000002
KXETH,5,ppc,fixed,none,10,all,both,36,5.67361111111111,204.24999999999994,1.5701859390243142,2,-19.56,-39.12,,1,79.92,79.92,,79.92
KXETH,5,ppc,fixed,none,10,all,yes,24,4.9891666666666685,119.74000000000004,0.7041371384809195,2,-19.56,-39.12,,1,79.92,79.92,,79.92
KXETH,5,ppc,fixed,none,10,all,no,12,7.042499999999997,84.50999999999996,1.1602831682094408,0,,0.0,,0,,0.0,,0.0
KXETH,5,ppc,fixed,none,10,cheap,both,2,-9.57,-19.14,,0,,0.0,,0,,0.0,,0.0
KXETH,5,ppc,fixed,none,10,cheap,yes,1,-5.34,-5.34,,0,,0.0,,0,,0.0,,0.0
KXETH,5,ppc,fixed,none,10,cheap,no,1,-13.8,-13.8,,0,,0.0,,0,,0.0,,0.0
KXETH,5,ppc,fixed,none,10,middle,both,34,6.570294117647059,223.39,1.709101477216343,2,-19.56,-39.12,,1,79.92,79.92,,79.92
KXETH,5,ppc,fixed,none,10,middle,yes,23,5.438260869565218,125.08000000000001,0.7357078068752226,2,-19.56,-39.12,,1,79.92,79.92,,79.92
KXETH,5,ppc,fixed,none,10,middle,no,11,8.937272727272726,98.30999999999997,1.4547891727211717,0,,0.0,,0,,0.0,,0.0
KXETH,5,ppc,fixed,volview,2,all,both,299,-1.535518394648829,-459.1199999999999,-0.5409684794723442,127,-1.1509448818897652,-146.1700000000002,-0.3561163131978989,135,2.0237037037037044,273.2000000000001,0.7230617117784658,306.19000000000034
KXETH,5,ppc,fixed,volview,2,all,yes,159,-0.9401886792452822,-149.48999999999987,-0.24313685303744212,89,-3.4831460674157304,-310.0,-0.8061750877751621,73,6.39178082191781,466.60000000000014,1.5002225526377513,532.2700000000001
KXETH,5,ppc,fixed,volview,2,all,no,140,-2.211642857142857,-309.63,-0.5651497649612727,38,4.311315789473683,163.82999999999996,1.394042335497121,62,-3.1193548387096786,-193.40000000000006,-1.2099387613959534,-226.08000000000007
KXETH,5,ppc,fixed,volview,2,cheap,both,40,-10.124500000000001,-404.98,-5.576042593018761,15,6.976000000000001,104.64000000000001,0.7578810379420924,28,5.454642857142857,152.73,0.9129251979757573,181.38
KXETH,5,ppc,fixed,volview,2,cheap,yes,37,-9.883783783783786,-365.70000000000005,-4.986212633079109,15,6.976000000000001,104.64000000000001,0.7578810379420924,28,5.454642857142857,152.73,0.9129251979757573,181.38
KXETH,5,ppc,fixed,volview,2,cheap,no,3,-13.093333333333334,-39.28,-10.322590469676427,0,,0.0,,0,,0.0,,0.0
KXETH,5,ppc,fixed,volview,2,middle,both,212,-0.828632075471699,-175.6700000000002,-0.22572575873409473,84,-5.412857142857143,-454.68,-1.2309479778466672,47,5.111489361702129,240.24000000000007,0.7421541864930968,277.26000000000005
KXETH,5,ppc,fixed,volview,2,middle,yes,121,1.756033057851239,212.47999999999993,0.3754957406110555,74,-5.603243243243242,-414.63999999999993,-1.1814470061724083,45,6.9748888888888905,313.87000000000006,1.0111442020363117,350.89000000000004
KXETH,5,ppc,fixed,volview,2,middle,no,91,-4.265384615384615,-388.15,-0.7805920155535354,10,-4.004,-40.03999999999999,-0.34472341088761244,2,-36.815000000000005,-73.63000000000001,,-73.63000000000001
KXETH,5,ppc,fixed,volview,5,all,both,118,-0.2046610169491527,-24.15000000000002,-0.04068892775096865,20,-12.7445,-254.89000000000001,-3.2014735648470336,16,12.572499999999998,201.15999999999997,1.313072329697018,222.27999999999994
KXETH,5,ppc,fixed,volview,5,all,yes,68,2.503529411764706,170.23999999999998,0.4288879173203914,17,-9.22764705882353,-156.87,-0.9806026190373082,15,14.470666666666663,217.05999999999995,1.4647184584818396,238.17999999999995
KXETH,5,ppc,fixed,volview,5,all,no,50,-3.887800000000001,-194.39000000000004,-0.4593500567978994,3,-32.67333333333333,-98.02,,1,-15.900000000000002,-15.900000000000002,,-15.900000000000002
KXETH,5,ppc,fixed,volview,5,cheap,both,13,-11.36076923076923,-147.69,-5.429612978510818,1,-12.74,-12.74,,4,15.9575,63.83,,63.83
KXETH,5,ppc,fixed,volview,5,cheap,yes,12,-11.157499999999999,-133.89,-4.9679951170649765,1,-12.74,-12.74,,4,15.9575,63.83,,63.83
KXETH,5,ppc,fixed,volview,5,cheap,no,1,-13.8,-13.8,,0,,0.0,,0,,0.0,,0.0
KXETH,5,ppc,fixed,volview,5,middle,both,99,2.5857575757575746,255.9899999999999,0.4554537740241891,18,-13.868333333333332,-249.63,-3.284657155009172,12,11.444166666666666,137.32999999999998,0.952362001343145,158.45
KXETH,5,ppc,fixed,volview,5,middle,yes,56,5.430892857142857,304.13,0.7880197211345301,16,-9.008125,-144.13,-0.9048430357829916,11,13.93,153.23,1.0868949564147259,174.35
KXETH,5,ppc,fixed,volview,5,middle,no,43,-1.119534883720931,-48.14000000000003,-0.12261511040232535,2,-52.75,-105.5,,1,-15.900000000000002,-15.900000000000002,,-15.900000000000002
KXETH,5,ppc,fixed,volview,10,all,both,30,4.085666666666667,122.57,0.729449661473275,2,-19.56,-39.12,,1,79.92,79.92,,79.92
KXETH,5,ppc,fixed,volview,10,all,yes,19,1.0010526315789479,19.02000000000001,0.09292372646540281,2,-19.56,-39.12,,1,79.92,79.92,,79.92
KXETH,5,ppc,fixed,volview,10,all,no,11,9.413636363636359,103.54999999999995,1.5635623433187613,0,,0.0,,0,,0.0,,0.0
KXETH,5,ppc,fixed,volview,10,cheap,both,2,-9.57,-19.14,,0,,0.0,,0,,0.0,,0.0
KXETH,5,ppc,fixed,volview,10,cheap,yes,1,-5.34,-5.34,,0,,0.0,,0,,0.0,,0.0
KXETH,5,ppc,fixed,volview,10,cheap,no,1,-13.8,-13.8,,0,,0.0,,0,,0.0,,0.0
KXETH,5,ppc,fixed,volview,10,middle,both,28,5.061071428571428,141.70999999999998,0.8221074626834873,2,-19.56,-39.12,,1,79.92,79.92,,79.92
KXETH,5,ppc,fixed,volview,10,middle,yes,18,1.3533333333333342,24.360000000000014,0.11836729694792292,2,-19.56,-39.12,,1,79.92,79.92,,79.92
KXETH,5,ppc,fixed,volview,10,middle,no,10,11.734999999999996,117.34999999999997,1.816575338154139,0,,0.0,,0,,0.0,,0.0
KXETH,5,ppc,fixed,shrink25,2,all,both,2,1.3900000000000006,2.780000000000001,,0,,0.0,,0,,0.0,,0.0
KXETH,5,ppc,fixed,shrink25,2,all,yes,2,1.3900000000000006,2.780000000000001,,0,,0.0,,0,,0.0,,0.0
KXETH,5,ppc,fixed,shrink25,2,all,no,0,,0.0,,0,,0.0,,0,,0.0,,0.0
KXETH,5,ppc,fixed,shrink25,2,cheap,both,0,,0.0,,0,,0.0,,0,,0.0,,0.0
KXETH,5,ppc,fixed,shrink25,2,cheap,yes,0,,0.0,,0,,0.0,,0,,0.0,,0.0
KXETH,5,ppc,fixed,shrink25,2,cheap,no,0,,0.0,,0,,0.0,,0,,0.0,,0.0
KXETH,5,ppc,fixed,shrink25,2,middle,both,2,1.3900000000000006,2.780000000000001,,0,,0.0,,0,,0.0,,0.0
KXETH,5,ppc,fixed,shrink25,2,middle,yes,2,1.3900000000000006,2.780000000000001,,0,,0.0,,0,,0.0,,0.0
KXETH,5,ppc,fixed,shrink25,2,middle,no,0,,0.0,,0,,0.0,,0,,0.0,,0.0
KXETH,5,ppc,fixed,shrink25,5,all,both,0,,0.0,,0,,0.0,,0,,0.0,,0.0
KXETH,5,ppc,fixed,shrink25,5,all,yes,0,,0.0,,0,,0.0,,0,,0.0,,0.0
KXETH,5,ppc,fixed,shrink25,5,all,no,0,,0.0,,0,,0.0,,0,,0.0,,0.0
KXETH,5,ppc,fixed,shrink25,5,cheap,both,0,,0.0,,0,,0.0,,0,,0.0,,0.0
KXETH,5,ppc,fixed,shrink25,5,cheap,yes,0,,0.0,,0,,0.0,,0,,0.0,,0.0
KXETH,5,ppc,fixed,shrink25,5,cheap,no,0,,0.0,,0,,0.0,,0,,0.0,,0.0
KXETH,5,ppc,fixed,shrink25,5,middle,both,0,,0.0,,0,,0.0,,0,,0.0,,0.0
KXETH,5,ppc,fixed,shrink25,5,middle,yes,0,,0.0,,0,,0.0,,0,,0.0,,0.0
KXETH,5,ppc,fixed,shrink25,5,middle,no,0,,0.0,,0,,0.0,,0,,0.0,,0.0
KXETH,5,ppc,fixed,shrink25,10,all,both,0,,0.0,,0,,0.0,,0,,0.0,,0.0
KXETH,5,ppc,fixed,shrink25,10,all,yes,0,,0.0,,0,,0.0,,0,,0.0,,0.0
KXETH,5,ppc,fixed,shrink25,10,all,no,0,,0.0,,0,,0.0,,0,,0.0,,0.0
KXETH,5,ppc,fixed,shrink25,10,cheap,both,0,,0.0,,0,,0.0,,0,,0.0,,0.0
KXETH,5,ppc,fixed,shrink25,10,cheap,yes,0,,0.0,,0,,0.0,,0,,0.0,,0.0
KXETH,5,ppc,fixed,shrink25,10,cheap,no,0,,0.0,,0,,0.0,,0,,0.0,,0.0
KXETH,5,ppc,fixed,shrink25,10,middle,both,0,,0.0,,0,,0.0,,0,,0.0,,0.0
KXETH,5,ppc,fixed,shrink25,10,middle,yes,0,,0.0,,0,,0.0,,0,,0.0,,0.0
KXETH,5,ppc,fixed,shrink25,10,middle,no,0,,0.0,,0,,0.0,,0,,0.0,,0.0
KXETH,5,ppc,fixed,shrink50,2,all,both,77,3.663896103896104,282.12,0.8553750541648634,12,-12.949166666666668,-155.39000000000001,-6.3793545913609035,7,26.394285714285708,184.75999999999996,1.4603099111873459,205.87999999999997
KXETH,5,ppc,fixed,shrink50,2,all,yes,48,4.638125000000001,222.63000000000005,0.8717124541017017,10,-10.912000000000003,-109.12000000000002,-1.6612336609523144,6,33.44333333333333,200.65999999999997,1.733168883029131,221.77999999999997
KXETH,5,ppc,fixed,shrink50,2,all,no,29,2.051379310344828,59.49000000000001,0.2465379571289932,2,-23.134999999999998,-46.269999999999996,,1,-15.900000000000002,-15.900000000000002,,-15.900000000000002
KXETH,5,ppc,fixed,shrink50,2,cheap,both,8,-10.100000000000001,-80.80000000000001,-5.891797494664256,0,,0.0,,2,-5.87,-11.74,,-11.74
KXETH,5,ppc,fixed,shrink50,2,cheap,yes,7,-9.571428571428571,-67.0,-4.788854947522799,0,,0.0,,2,-5.87,-11.74,,-11.74
KXETH,5,ppc,fixed,shrink50,2,cheap,no,1,-13.8,-13.8,,0,,0.0,,0,,0.0,,0.0
KXETH,5,ppc,fixed,shrink50,2,middle,both,67,6.544925373134327,438.50999999999993,1.429695984660353,11,-14.806363636363637,-162.87,-8.207527010307114,5,39.3,196.49999999999997,1.6630495661603237,217.61999999999998
KXETH,5,ppc,fixed,shrink50,2,middle,yes,41,7.064146341463418,289.6300000000001,1.1516649272220654,10,-10.912000000000003,-109.12000000000002,-1.6612336609523144,4,53.099999999999994,212.39999999999998,2.144112683573364,233.51999999999998
KXETH,5,ppc,fixed,shrink50,2,middle,no,26,5.726153846153846,148.88,0.747712806678995,1,-53.75,-53.75,,1,-15.900000000000002,-15.900000000000002,,-15.900000000000002
KXETH,5,ppc,fixed,shrink50,5,all,both,11,10.577272727272728,116.35000000000001,0.7474287864522214,0,,0.0,,0,,0.0,,0.0
KXETH,5,ppc,fixed,shrink50,5,all,yes,7,11.552857142857144,80.87,0.5904433815794032,0,,0.0,,0,,0.0,,0.0
KXETH,5,ppc,fixed,shrink50,5,all,no,4,8.869999999999996,35.47999999999998,0.5148504247530213,0,,0.0,,0,,0.0,,0.0
KXETH,5,ppc,fixed,shrink50,5,cheap,both,1,-13.8,-13.8,,0,,0.0,,0,,0.0,,0.0
KXETH,5,ppc,fixed,shrink50,5,cheap,yes,0,,0.0,,0,,0.0,,0,,0.0,,0.0
KXETH,5,ppc,fixed,shrink50,5,cheap,no,1,-13.8,-13.8,,0,,0.0,,0,,0.0,,0.0
KXETH,5,ppc,fixed,shrink50,5,middle,both,10,13.014999999999997,130.14999999999998,0.8228049596634801,0,,0.0,,0,,0.0,,0.0
KXETH,5,ppc,fixed,shrink50,5,middle,yes,7,11.552857142857144,80.87,0.5904433815794032,0,,0.0,,0,,0.0,,0.0
KXETH,5,ppc,fixed,shrink50,5,middle,no,3,16.426666666666662,49.27999999999999,0.7502227300963162,0,,0.0,,0,,0.0,,0.0
KXETH,5,ppc,fixed,shrink50,10,all,both,0,,0.0,,0,,0.0,,0,,0.0,,0.0
KXETH,5,ppc,fixed,shrink50,10,all,yes,0,,0.0,,0,,0.0,,0,,0.0,,0.0
KXETH,5,ppc,fixed,shrink50,10,all,no,0,,0.0,,0,,0.0,,0,,0.0,,0.0
KXETH,5,ppc,fixed,shrink50,10,cheap,both,0,,0.0,,0,,0.0,,0,,0.0,,0.0
KXETH,5,ppc,fixed,shrink50,10,cheap,yes,0,,0.0,,0,,0.0,,0,,0.0,,0.0
KXETH,5,ppc,fixed,shrink50,10,cheap,no,0,,0.0,,0,,0.0,,0,,0.0,,0.0
KXETH,5,ppc,fixed,shrink50,10,middle,both,0,,0.0,,0,,0.0,,0,,0.0,,0.0
KXETH,5,ppc,fixed,shrink50,10,middle,yes,0,,0.0,,0,,0.0,,0,,0.0,,0.0
KXETH,5,ppc,fixed,shrink50,10,middle,no,0,,0.0,,0,,0.0,,0,,0.0,,0.0
KXETH,15,ppc,fixed,none,2,all,both,460,-2.4394565217391304,-1122.15,-1.1380644039560284,218,-1.7054128440366971,-371.78,-0.7865201595514414,183,3.589781420765027,656.93,1.2420496638482899,631.4999999999999
KXETH,15,ppc,fixed,none,2,all,yes,227,-2.8660352422907485,-650.5899999999999,-1.1200712554680599,137,-3.290583941605839,-450.80999999999995,-1.0588426817364367,103,4.892815533980582,503.96,1.179159068828834,513.99
KXETH,15,ppc,fixed,none,2,all,no,233,-2.0238626609442063,-471.56000000000006,-0.7515162011543213,81,0.9756790123456781,79.02999999999993,0.28855250054179277,80,1.9121250000000003,152.97000000000003,0.8131213262163213,117.51000000000002
KXETH,15,ppc,fixed,none,2,cheap,both,59,-6.743220338983051,-397.85,-4.563992272129443,20,-0.30450000000000055,-6.0900000000000105,-0.048572889464589604,36,4.569166666666668,164.49000000000004,0.8910319520175725,179.34000000000003
KXETH,15,ppc,fixed,none,2,cheap,yes,54,-6.344259259259257,-342.58999999999986,-4.615631949257655,19,0.016315789473683957,0.30999999999999517,0.002481872093218646,35,5.094000000000001,178.29000000000005,0.9381400599625452,193.14000000000004
KXETH,15,ppc,fixed,none,2,cheap,no,5,-11.052000000000001,-55.260000000000005,-1.6702735447947075,1,-6.400000000000006,-6.400000000000006,,1,-13.8,-13.8,,-13.8
KXETH,15,ppc,fixed,none,2,middle,both,323,-1.9238699690402477,-621.41,-0.6041514471148697,153,-3.444640522875817,-527.03,-1.3433111922395813,80,4.331625,346.53,0.8183692864776113,341.71000000000004
KXETH,15,ppc,fixed,none,2,middle,yes,169,-1.335621301775147,-225.71999999999986,-0.3918286838903467,117,-3.9599999999999986,-463.3199999999998,-1.17783456913424,66,4.664545454545455,307.86,0.8806032189244354,303.03999999999996
KXETH,15,ppc,fixed,none,2,middle,no,154,-2.5694155844155846,-395.69000000000005,-0.6043059373169235,36,-1.7697222222222238,-63.71000000000006,-0.297588524491539,14,2.7621428571428583,38.670000000000016,0.1737912086411448,38.670000000000016
KXETH,15,ppc,fixed,none,5,all,both,161,2.693975155279502,433.72999999999985,0.7703074095716566,48,-0.41166666666666557,-19.75999999999995,-0.059516845157725776,33,6.2724242424242425,206.99,0.7600627739108405,145.07
KXETH,15,ppc,fixed,none,5,all,yes,90,5.313777777777778,478.24,1.2848807603449748,37,0.644864864864867,23.86000000000008,0.08301894020052095,28,9.715,272.02,1.1813781469828228,210.1
KXETH,15,ppc,fixed,none,5,all,no,71,-0.6269014084507059,-44.51000000000012,-0.1285325688312301,11,-3.9654545454545445,-43.61999999999999,-0.26122272324339674,5,-13.006,-65.03,-0.5444565401435687,-65.03
KXETH,15,ppc,fixed,none,5,cheap,both,15,-3.1839999999999993,-47.75999999999999,-0.5700328500850628,4,13.05,52.2,0.534424061558878,12,-3.266666666666666,-39.199999999999996,-0.3425202394908425,-39.199999999999996
KXETH,15,ppc,fixed,none,5,cheap,yes,12,-1.3233333333333317,-15.879999999999981,-0.20713047491658917,4,13.05,52.2,0.534424061558878,11,-2.3090909090909086,-25.399999999999995,-0.23604883464341422,-25.399999999999995
KXETH,15,ppc,fixed,none,5,cheap,no,3,-10.626666666666667,-31.880000000000003,,0,,0.0,,1,-13.8,-13.8,,-13.8
KXETH,15,ppc,fixed,none,5,middle,both,136,2.6985294117647043,366.9999999999998,0.6468009247082457,43,-1.869302325581395,-80.37999999999998,-0.2895063573086339,21,11.723333333333331,246.18999999999994,1.0978148711736615,184.27000000000004
KXETH,15,ppc,fixed,none,5,middle,yes,78,6.334871794871795,494.12,1.272212852175194,33,-0.8587878787878777,-28.339999999999964,-0.11817893158262854,17,17.495294117647056,297.41999999999996,1.7273229078233974,235.5
KXETH,15,ppc,fixed,none,5,middle,no,58,-2.1917241379310353,-127.12000000000005,-0.3788201770596902,10,-5.204000000000001,-52.040000000000006,-0.3073099039220399,4,-12.807500000000001,-51.230000000000004,-0.4045396048611333,-51.230000000000004
KXETH,15,ppc,fixed,none,10,all,both,34,4.397647058823529,149.51999999999998,0.8428452366089133,6,-6.331666666666666,-37.989999999999995,-0.2781691264866903,2,-18.49,-36.98,,-36.98
KXETH,15,ppc,fixed,none,10,all,yes,21,4.885714285714286,102.60000000000001,0.5709864867533191,5,0.13000000000000184,0.6500000000000092,0.005736037347339255,2,-18.49,-36.98,,-36.98
KXETH,15,ppc,fixed,none,10,all,no,13,3.609230769230768,46.91999999999999,0.4108947286323155,1,-38.64,-38.64,,0,,0.0,,0.0
KXETH,15,ppc,fixed,none,10,cheap,both,2,-10.095,-20.19,,0,,0.0,,1,-12.74,-12.74,,-12.74
KXETH,15,ppc,fixed,none,10,cheap,yes,2,-10.095,-20.19,,0,,0.0,,1,-12.74,-12.74,,-12.74
KXETH,15,ppc,fixed,none,10,cheap,no,0,,0.0,,0,,0.0,,0,,0.0,,0.0
KXETH,15,ppc,fixed,none,10,middle,both,32,5.3034374999999985,169.70999999999995,0.9448114096605774,6,-6.331666666666666,-37.989999999999995,-0.2781691264866903,1,-24.24,-24.24,,-24.24
KXETH,15,ppc,fixed,none,10,middle,yes,19,6.462631578947369,122.79,0.673028073819608,5,0.13000000000000184,0.6500000000000092,0.005736037347339255,1,-24.24,-24.24,,-24.24
KXETH,15,ppc,fixed,none,10,middle,no,13,3.609230769230768,46.91999999999999,0.4108947286323155,1,-38.64,-38.64,,0,,0.0,,0.0
KXETH,15,ppc,fixed,volview,2,all,both,338,0.4431656804733725,149.7899999999999,0.20271569714315846,182,-1.1875824175824174,-216.13999999999996,-0.47577707312243817,157,3.6017834394904438,565.4799999999997,1.1120234639980167,545.6499999999999
KXETH,15,ppc,fixed,volview,2,all,yes,170,-1.183,-201.11,-0.41351484639598324,125,-2.6529599999999993,-331.6199999999999,-0.799346415426381,94,6.1974468085106365,582.5599999999998,1.3874526399653457,592.5899999999999
KXETH,15,ppc,fixed,volview,2,all,no,168,2.0886904761904765,350.9000000000001,0.797450047777695,57,2.0259649122807013,115.47999999999998,0.7679058912197929,63,-0.2711111111111114,-17.08000000000002,-0.11735538533738149,-46.94000000000001
KXETH,15,ppc,fixed,volview,2,cheap,both,55,-6.576000000000001,-361.68000000000006,-4.129740877552827,16,1.149375,18.39,0.1502409057858096,30,7.7849999999999975,233.54999999999993,1.2364468147343983,248.39999999999992
KXETH,15,ppc,fixed,volview,2,cheap,yes,50,-6.1284,-306.42,-3.9657590297709326,16,1.149375,18.39,0.1502409057858096,29,8.529310344827584,247.34999999999994,1.2732019964069214,262.19999999999993
KXETH,15,ppc,fixed,volview,2,cheap,no,5,-11.052000000000001,-55.260000000000005,-1.6702735447947075,0,,0.0,,1,-13.8,-13.8,,-13.8
KXETH,15,ppc,fixed,volview,2,middle,both,212,2.2061792452830185,467.7099999999999,0.6218813493790396,122,-3.1448360655737706,-383.67,-0.949402425592167,67,3.48820895522388,233.70999999999998,0.6240824141341421,228.89
KXETH,15,ppc,fixed,volview,2,middle,yes,119,0.8615126050420169,102.52000000000001,0.21391215986538453,109,-3.2111009174311915,-350.0099999999999,-0.9032727759930628,65,5.1570769230769224,335.21,0.9821862759246077,330.39
KXETH,15,ppc,fixed,volview,2,middle,no,93,3.926774193548387,365.19,0.8342999100036287,13,-2.589230769230769,-33.66,-0.33685949793409625,2,-50.75,-101.5,,-101.5
KXETH,15,ppc,fixed,volview,5,all,both,142,5.3720422535211245,762.8299999999997,1.4276152899504384,42,1.8480952380952402,77.62000000000009,0.25726159787829866,31,5.055483870967741,156.71999999999997,0.5880083542822012,94.79999999999998
KXETH,15,ppc,fixed,volview,5,all,yes,79,8.083924050632909,638.6299999999999,1.7183544792186662,34,0.7776470588235307,26.440000000000044,0.09852587968500257,28,9.715,272.02,1.1813781469828228,210.1
KXETH,15,ppc,fixed,volview,5,all,no,63,1.9714285714285702,124.19999999999992,0.3910467767803105,8,6.397500000000002,51.180000000000014,0.9454716825019901,3,-38.43333333333333,-115.3,,-115.3
KXETH,15,ppc,fixed,volview,5,cheap,both,14,-2.8028571428571434,-39.24000000000001,-0.42784208002124796,4,13.05,52.2,0.534424061558878,12,-3.266666666666666,-39.199999999999996,-0.3425202394908425,-39.199999999999996
KXETH,15,ppc,fixed,volview,5,cheap,yes,11,-0.6690909090909091,-7.359999999999999,-0.08659631699534995,4,13.05,52.2,0.534424061558878,11,-2.3090909090909086,-25.399999999999995,-0.23604883464341422,-25.399999999999995
KXETH,15,ppc,fixed,volview,5,cheap,no,3,-10.626666666666667,-31.880000000000003,,0,,0.0,,1,-13.8,-13.8,,-13.8
KXETH,15,ppc,fixed,volview,5,middle,both,118,5.826949152542372,687.5799999999998,1.27288230368585,37,0.45945945945946043,17.000000000000036,0.07023080259514491,19,10.31157894736842,195.91999999999996,0.9000362299069844,134.0
KXETH,15,ppc,fixed,volview,5,middle,yes,68,9.499852941176469,645.9899999999999,1.6558258180202365,30,-0.8586666666666666,-25.759999999999998,-0.1181410842466862,17,17.495294117647056,297.41999999999996,1.7273229078233974,235.5
KXETH,15,ppc,fixed,volview,5,middle,no,50,0.8317999999999988,41.58999999999994,0.13365184975382116,7,6.10857142857143,42.76000000000001,0.7655151214244926,2,-50.75,-101.5,,-101.5
KXETH,15,ppc,fixed,volview,10,all,both,30,5.931999999999998,177.95999999999992,0.9938962346468793,5,-3.9999999999999987,-19.999999999999993,-0.16025677244133968,2,-18.49,-36.98,,-36.98
KXETH,15,ppc,fixed,volview,10,all,yes,18,5.303333333333332,95.45999999999998,0.5012497389022343,4,4.660000000000002,18.640000000000008,0.17648988115639527,2,-18.49,-36.98,,-36.98
KXETH,15,ppc,fixed,volview,10,all,no,12,6.875,82.5,0.7858668596766019,1,-38.64,-38.64,,0,,0.0,,0.0
KXETH,15,ppc,fixed,volview,10,cheap,both,2,-10.095,-20.19,,0,,0.0,,1,-12.74,-12.74,,-12.74
KXETH,15,ppc,fixed,volview,10,cheap,yes,2,-10.095,-20.19,,0,,0.0,,1,-12.74,-12.74,,-12.74
KXETH,15,ppc,fixed,volview,10,cheap,no,0,,0.0,,0,,0.0,,0,,0.0,,0.0
KXETH,15,ppc,fixed,volview,10,middle,both,28,7.076785714285714,198.15,1.0961083500919504,5,-3.9999999999999987,-19.999999999999993,-0.16025677244133968,1,-24.24,-24.24,,-24.24
KXETH,15,ppc,fixed,volview,10,middle,yes,16,7.228124999999999,115.64999999999998,0.5985025975840871,4,4.660000000000002,18.640000000000008,0.17648988115639527,1,-24.24,-24.24,,-24.24
KXETH,15,ppc,fixed,volview,10,middle,no,12,6.875,82.5,0.7858668596766019,1,-38.64,-38.64,,0,,0.0,,0.0
KXETH,15,ppc,fixed,shrink25,2,all,both,2,-6.484999999999999,-12.969999999999999,,2,-28.84,-57.68,,0,,0.0,,0.0
KXETH,15,ppc,fixed,shrink25,2,all,yes,2,-6.484999999999999,-12.969999999999999,,1,-19.04,-19.04,,0,,0.0,,0.0
KXETH,15,ppc,fixed,shrink25,2,all,no,0,,0.0,,1,-38.64,-38.64,,0,,0.0,,0.0
KXETH,15,ppc,fixed,shrink25,2,cheap,both,0,,0.0,,0,,0.0,,0,,0.0,,0.0
KXETH,15,ppc,fixed,shrink25,2,cheap,yes,0,,0.0,,0,,0.0,,0,,0.0,,0.0
KXETH,15,ppc,fixed,shrink25,2,cheap,no,0,,0.0,,0,,0.0,,0,,0.0,,0.0
KXETH,15,ppc,fixed,shrink25,2,middle,both,2,-6.484999999999999,-12.969999999999999,,2,-28.84,-57.68,,0,,0.0,,0.0
KXETH,15,ppc,fixed,shrink25,2,middle,yes,2,-6.484999999999999,-12.969999999999999,,1,-19.04,-19.04,,0,,0.0,,0.0
KXETH,15,ppc,fixed,shrink25,2,middle,no,0,,0.0,,1,-38.64,-38.64,,0,,0.0,,0.0
KXETH,15,ppc,fixed,shrink25,5,all,both,0,,0.0,,0,,0.0,,0,,0.0,,0.0
KXETH,15,ppc,fixed,shrink25,5,all,yes,0,,0.0,,0,,0.0,,0,,0.0,,0.0
KXETH,15,ppc,fixed,shrink25,5,all,no,0,,0.0,,0,,0.0,,0,,0.0,,0.0
KXETH,15,ppc,fixed,shrink25,5,cheap,both,0,,0.0,,0,,0.0,,0,,0.0,,0.0
KXETH,15,ppc,fixed,shrink25,5,cheap,yes,0,,0.0,,0,,0.0,,0,,0.0,,0.0
KXETH,15,ppc,fixed,shrink25,5,cheap,no,0,,0.0,,0,,0.0,,0,,0.0,,0.0
KXETH,15,ppc,fixed,shrink25,5,middle,both,0,,0.0,,0,,0.0,,0,,0.0,,0.0
KXETH,15,ppc,fixed,shrink25,5,middle,yes,0,,0.0,,0,,0.0,,0,,0.0,,0.0
KXETH,15,ppc,fixed,shrink25,5,middle,no,0,,0.0,,0,,0.0,,0,,0.0,,0.0
KXETH,15,ppc,fixed,shrink25,10,all,both,0,,0.0,,0,,0.0,,0,,0.0,,0.0
KXETH,15,ppc,fixed,shrink25,10,all,yes,0,,0.0,,0,,0.0,,0,,0.0,,0.0
KXETH,15,ppc,fixed,shrink25,10,all,no,0,,0.0,,0,,0.0,,0,,0.0,,0.0
KXETH,15,ppc,fixed,shrink25,10,cheap,both,0,,0.0,,0,,0.0,,0,,0.0,,0.0
KXETH,15,ppc,fixed,shrink25,10,cheap,yes,0,,0.0,,0,,0.0,,0,,0.0,,0.0
KXETH,15,ppc,fixed,shrink25,10,cheap,no,0,,0.0,,0,,0.0,,0,,0.0,,0.0
KXETH,15,ppc,fixed,shrink25,10,middle,both,0,,0.0,,0,,0.0,,0,,0.0,,0.0
KXETH,15,ppc,fixed,shrink25,10,middle,yes,0,,0.0,,0,,0.0,,0,,0.0,,0.0
KXETH,15,ppc,fixed,shrink25,10,middle,no,0,,0.0,,0,,0.0,,0,,0.0,,0.0
KXETH,15,ppc,fixed,shrink50,2,all,both,94,8.351170212765954,785.0099999999996,2.1516421615688404,28,7.000000000000001,196.00000000000003,0.6302170034223036,13,7.205384615384615,93.66999999999999,0.6350542681124951,112.71
KXETH,15,ppc,fixed,shrink50,2,all,yes,58,8.149137931034481,472.6499999999999,1.4938571171621133,22,8.69,191.17999999999998,0.7882896283905632,13,7.205384615384615,93.66999999999999,0.6350542681124951,112.71
KXETH,15,ppc,fixed,shrink50,2,all,no,36,8.676666666666664,312.3599999999999,1.5946863648822989,6,0.803333333333334,4.820000000000004,0.04833638144429748,0,,0.0,,0.0
KXETH,15,ppc,fixed,shrink50,2,cheap,both,9,-8.626666666666667,-77.64,-2.3753853010624653,3,22.350000000000005,67.05000000000001,0.6999509230549085,8,1.2075000000000005,9.660000000000004,0.08722995767985493,9.660000000000004
KXETH,15,ppc,fixed,shrink50,2,cheap,yes,6,-7.626666666666668,-45.760000000000005,-2.9265571199475318,3,22.350000000000005,67.05000000000001,0.6999509230549085,8,1.2075000000000005,9.660000000000004,0.08722995767985493,9.660000000000004
KXETH,15,ppc,fixed,shrink50,2,cheap,no,3,-10.626666666666667,-31.880000000000003,,0,,0.0,,0,,0.0,,0.0
KXETH,15,ppc,fixed,shrink50,2,middle,both,81,10.047160493827159,813.8199999999998,2.2430289132549652,24,5.022083333333334,120.53,0.46676490263134757,5,16.802,84.00999999999999,0.7023424466962321,103.05
KXETH,15,ppc,fixed,shrink50,2,middle,yes,52,9.969423076923077,518.41,1.6027592289605264,19,6.533157894736842,124.13,0.6438728257153173,5,16.802,84.00999999999999,0.7023424466962321,103.05
KXETH,15,ppc,fixed,shrink50,2,middle,no,29,10.18655172413793,295.40999999999997,1.537279994697025,5,-0.7200000000000003,-3.6000000000000014,-0.034196665794417845,0,,0.0,,0.0
KXETH,15,ppc,fixed,shrink50,5,all,both,9,19.694444444444443,177.25,1.1747915520348906,3,-25.573333333333334,-76.72,,0,,0.0,,0.0
KXETH,15,ppc,fixed,shrink50,5,all,yes,7,14.371428571428568,100.59999999999998,0.7089842760837912,2,-19.04,-38.08,,0,,0.0,,0.0
KXETH,15,ppc,fixed,shrink50,5,all,no,2,38.325,76.65,,1,-38.64,-38.64,,0,,0.0,,0.0
KXETH,15,ppc,fixed,shrink50,5,cheap,both,0,,0.0,,0,,0.0,,0,,0.0,,0.0
KXETH,15,ppc,fixed,shrink50,5,cheap,yes,0,,0.0,,0,,0.0,,0,,0.0,,0.0
KXETH,15,ppc,fixed,shrink50,5,cheap,no,0,,0.0,,0,,0.0,,0,,0.0,,0.0
KXETH,15,ppc,fixed,shrink50,5,middle,both,9,19.694444444444443,177.25,1.1747915520348906,3,-25.573333333333334,-76.72,,0,,0.0,,0.0
KXETH,15,ppc,fixed,shrink50,5,middle,yes,7,14.371428571428568,100.59999999999998,0.7089842760837912,2,-19.04,-38.08,,0,,0.0,,0.0
KXETH,15,ppc,fixed,shrink50,5,middle,no,2,38.325,76.65,,1,-38.64,-38.64,,0,,0.0,,0.0
KXETH,15,ppc,fixed,shrink50,10,all,both,1,-37.62,-37.62,,0,,0.0,,0,,0.0,,0.0
KXETH,15,ppc,fixed,shrink50,10,all,yes,1,-37.62,-37.62,,0,,0.0,,0,,0.0,,0.0
KXETH,15,ppc,fixed,shrink50,10,all,no,0,,0.0,,0,,0.0,,0,,0.0,,0.0
KXETH,15,ppc,fixed,shrink50,10,cheap,both,0,,0.0,,0,,0.0,,0,,0.0,,0.0
KXETH,15,ppc,fixed,shrink50,10,cheap,yes,0,,0.0,,0,,0.0,,0,,0.0,,0.0
KXETH,15,ppc,fixed,shrink50,10,cheap,no,0,,0.0,,0,,0.0,,0,,0.0,,0.0
KXETH,15,ppc,fixed,shrink50,10,middle,both,1,-37.62,-37.62,,0,,0.0,,0,,0.0,,0.0
KXETH,15,ppc,fixed,shrink50,10,middle,yes,1,-37.62,-37.62,,0,,0.0,,0,,0.0,,0.0
KXETH,15,ppc,fixed,shrink50,10,middle,no,0,,0.0,,0,,0.0,,0,,0.0,,0.0
KXETH,1,ppc,rolling,none,2,all,both,343,-1.3736734693877557,-471.1700000000002,-0.5771336786164816,156,-5.503589743589743,-858.56,-1.9710230599552931,302,0.3236754966887421,97.75000000000011,0.11982297824074584,651.76
KXETH,1,ppc,rolling,none,2,all,yes,160,2.1239999999999997,339.8399999999999,0.6301743167726596,85,-4.264705882352941,-362.5,-1.0927498343901367,108,3.528888888888889,381.12,0.8432672308307747,607.15
KXETH,1,ppc,rolling,none,2,all,no,183,-4.431748633879782,-811.0100000000001,-1.279538198824529,71,-6.98676056338028,-496.05999999999983,-1.4707174941189542,194,-1.4606701030927833,-283.36999999999995,-0.5930720692020977,44.610000000000014
KXETH,1,ppc,rolling,none,2,cheap,both,27,1.4248148148148145,38.46999999999999,0.2564197303521383,19,3.492631578947369,66.36000000000001,0.3738069041325883,36,-1.131944444444444,-40.749999999999986,-0.24695910471492127,-11.04999999999998
KXETH,1,ppc,rolling,none,2,cheap,yes,26,2.0507692307692307,53.31999999999999,0.3675912235543677,19,3.492631578947369,66.36000000000001,0.3738069041325883,36,-1.131944444444444,-40.749999999999986,-0.24695910471492127,-11.04999999999998
KXETH,1,ppc,rolling,none,2,cheap,no,1,-14.850000000000001,-14.850000000000001,,0,,0.0,,0,,0.0,,0.0
KXETH,1,ppc,rolling,none,2,middle,both,254,-2.1919685039370083,-556.7600000000001,-0.7485971131818997,107,-7.894299065420559,-844.6899999999998,-2.7018822205570987,77,5.9612987012987,459.0199999999999,1.0177503289400547,655.3499999999999
KXETH,1,ppc,rolling,none,2,middle,yes,128,1.9831249999999996,253.83999999999995,0.4863310847675357,66,-6.497878787878786,-428.8599999999999,-1.6388178762976906,72,5.859305555555554,421.86999999999995,0.9577618895362718,618.2
KXETH,1,ppc,rolling,none,2,middle,no,126,-6.4333333333333345,-810.6000000000001,-1.3931011531322233,41,-10.14219512195122,-415.83,-1.6512529439187353,5,7.43,37.15,0.40087119272193894,37.15
KXETH,1,ppc,rolling,none,5,all,both,104,2.3509615384615383,244.5,0.5652475576672092,20,-9.441000000000004,-188.82000000000008,-0.9056105897604143,46,-4.9854347826086975,-229.33000000000007,-0.7234498808389397,-101.34999999999997
KXETH,1,ppc,rolling,none,5,all,yes,58,6.316724137931035,366.37000000000006,1.289104164752024,12,-4.611666666666666,-55.339999999999996,-0.3463731073605493,18,-3.5216666666666674,-63.390000000000015,-0.34645028081989715,-63.390000000000015
KXETH,1,ppc,rolling,none,5,all,no,46,-2.6493478260869567,-121.87000000000002,-0.36408949859384027,8,-16.685000000000002,-133.48000000000002,-1.2480413021842447,28,-5.926428571428571,-165.93999999999997,-0.828791175780733,-37.959999999999965
KXETH,1,ppc,rolling,none,5,cheap,both,5,8.316,41.580000000000005,0.3888197404196217,2,35.150000000000006,70.30000000000001,,7,-10.780000000000001,-75.46000000000001,-3.4780024067963984,-75.46000000000001
KXETH,1,ppc,rolling,none,5,cheap,yes,4,14.107500000000002,56.43000000000001,0.5617129528923599,2,35.150000000000006,70.30000000000001,,7,-10.780000000000001,-75.46000000000001,-3.4780024067963984,-75.46000000000001
KXETH,1,ppc,rolling,none,5,cheap,no,1,-14.850000000000001,-14.850000000000001,,0,,0.0,,0,,0.0,,0.0
KXETH,1,ppc,rolling,none,5,middle,both,96,2.7543749999999996,264.41999999999996,0.60625022590256,14,-20.712857142857143,-289.98,-1.6571836477841961,12,2.8191666666666664,33.83,0.18665808481498192,33.83
KXETH,1,ppc,rolling,none,5,middle,yes,54,5.739629629629629,309.94,1.104760111755267,10,-12.564,-125.64,-1.0393962230592155,11,1.097272727272727,12.069999999999997,0.06601556267054048,12.069999999999997
KXETH,1,ppc,rolling,none,5,middle,no,42,-1.0838095238095244,-45.520000000000024,-0.13581416698583038,4,-41.08500000000001,-164.34000000000003,-1.7836473631991683,1,21.76,21.76,,21.76
KXETH,1,ppc,rolling,none,10,all,both,20,-4.114500000000001,-82.29000000000003,-0.4073250521874944,1,-20.08,-20.08,,1,-21.12,-21.12,,-21.12
KXETH,1,ppc,rolling,none,10,all,yes,12,-16.302500000000002,-195.63000000000002,-1.2868363111676273,1,-20.08,-20.08,,1,-21.12,-21.12,,-21.12
KXETH,1,ppc,rolling,none,10,all,no,8,14.167499999999997,113.33999999999997,1.0916010270690562,0,,0.0,,0,,0.0,,0.0
KXETH,1,ppc,rolling,none,10,cheap,both,1,-14.850000000000001,-14.850000000000001,,0,,0.0,,0,,0.0,,0.0
KXETH,1,ppc,rolling,none,10,cheap,yes,0,,0.0,,0,,0.0,,0,,0.0,,0.0
KXETH,1,ppc,rolling,none,10,cheap,no,1,-14.850000000000001,-14.850000000000001,,0,,0.0,,0,,0.0,,0.0
KXETH,1,ppc,rolling,none,10,middle,both,19,-3.549473684210527,-67.44000000000001,-0.33658299746648424,1,-20.08,-20.08,,1,-21.12,-21.12,,-21.12
KXETH,1,ppc,rolling,none,10,middle,yes,12,-16.302500000000002,-195.63000000000002,-1.2868363111676273,1,-20.08,-20.08,,1,-21.12,-21.12,,-21.12
KXETH,1,ppc,rolling,none,10,middle,no,7,18.312857142857137,128.18999999999997,1.3045059557802878,0,,0.0,,0,,0.0,,0.0
KXETH,1,ppc,rolling,volview,2,all,both,225,-2.3310222222222223,-524.48,-0.8268231861787545,120,-5.281083333333332,-633.7299999999999,-1.7601963981072037,282,-0.16656028368794276,-46.96999999999986,-0.05771449510707962,515.4600000000004
KXETH,1,ppc,rolling,volview,2,all,yes,111,-0.8644144144144146,-95.95000000000002,-0.2027797153678261,82,-4.266463414634145,-349.84999999999985,-1.0539765095827158,102,2.2868627450980408,233.26000000000016,0.4853456915381158,459.2900000000002
KXETH,1,ppc,rolling,volview,2,all,no,114,-3.759035087719299,-428.5300000000001,-0.842720332785823,38,-7.470526315789471,-283.8799999999999,-1.4376885885904491,180,-1.5568333333333328,-280.2299999999999,-0.5993963377393079,56.170000000000044
KXETH,1,ppc,rolling,volview,2,cheap,both,21,-0.44761904761904847,-9.400000000000018,-0.08189721256677013,18,4.0422222222222235,72.76000000000002,0.40748192165576974,33,-0.42848484848484863,-14.140000000000004,-0.08828890752408997,15.56000000000002
KXETH,1,ppc,rolling,volview,2,cheap,yes,20,0.2724999999999992,5.449999999999983,0.048943812929269366,18,4.0422222222222235,72.76000000000002,0.40748192165576974,33,-0.42848484848484863,-14.140000000000004,-0.08828890752408997,15.56000000000002
KXETH,1,ppc,rolling,volview,2,cheap,no,1,-14.850000000000001,-14.850000000000001,,0,,0.0,,0,,0.0,,0.0
KXETH,1,ppc,rolling,volview,2,middle,both,158,-2.728164556962026,-431.05000000000007,-0.7302632883100256,74,-9.573648648648648,-708.4499999999999,-2.3988899233477565,70,3.790285714285715,265.32000000000005,0.5738941662623981,461.65000000000003
KXETH,1,ppc,rolling,volview,2,middle,yes,90,-1.1681111111111107,-105.12999999999997,-0.23570419622456684,64,-6.603281249999998,-422.6099999999999,-1.5774591625150258,69,3.585507246376812,247.40000000000003,0.5355056434619281,443.73
KXETH,1,ppc,rolling,volview,2,middle,no,68,-4.792941176470589,-325.9200000000001,-0.7508652048330529,10,-28.584000000000003,-285.84000000000003,-3.0056495529838134,1,17.92,17.92,,17.92
KXETH,1,ppc,rolling,volview,5,all,both,77,0.3945454545454549,30.38000000000003,0.06828794822830672,18,-8.15777777777778,-146.84000000000003,-0.731604319848397,43,-3.9053488372093024,-167.93,-0.6742357927416537,-39.95
KXETH,1,ppc,rolling,volview,5,all,yes,47,2.0393617021276604,95.85000000000004,0.28298432328340467,12,-4.611666666666666,-55.339999999999996,-0.3463731073605493,18,-3.5216666666666674,-63.390000000000015,-0.34645028081989715,-63.390000000000015
KXETH,1,ppc,rolling,volview,5,all,no,30,-2.182333333333333,-65.46999999999998,-0.2261015476439702,6,-15.25,-91.5,-1.141943221723512,25,-4.1816,-104.54,-0.7183702091823794,23.43999999999999
KXETH,1,ppc,rolling,volview,5,cheap,both,5,8.316,41.580000000000005,0.3888197404196217,2,35.150000000000006,70.30000000000001,,7,-10.780000000000001,-75.46000000000001,-3.4780024067963984,-75.46000000000001
KXETH,1,ppc,rolling,volview,5,cheap,yes,4,14.107500000000002,56.43000000000001,0.5617129528923599,2,35.150000000000006,70.30000000000001,,7,-10.780000000000001,-75.46000000000001,-3.4780024067963984,-75.46000000000001
KXETH,1,ppc,rolling,volview,5,cheap,no,1,-14.850000000000001,-14.850000000000001,,0,,0.0,,0,,0.0,,0.0
KXETH,1,ppc,rolling,volview,5,middle,both,69,0.728985507246376,50.29999999999995,0.11221234412025709,12,-20.666666666666668,-248.0,-1.4816315114348864,11,1.097272727272727,12.069999999999997,0.06601556267054048,12.069999999999997
KXETH,1,ppc,rolling,volview,5,middle,yes,43,0.916744186046511,39.41999999999997,0.1214714614357995,10,-12.564,-125.64,-1.0393962230592155,11,1.097272727272727,12.069999999999997,0.06601556267054048,12.069999999999997
KXETH,1,ppc,rolling,volview,5,middle,no,26,0.41846153846153744,10.879999999999974,0.03713011813955346,2,-61.18000000000001,-122.36000000000001,,0,,0.0,,0.0
KXETH,1,ppc,rolling,volview,10,all,both,17,-7.631764705882355,-129.74000000000004,-0.6557211243885943,1,-20.08,-20.08,,1,-21.12,-21.12,,-21.12
KXETH,1,ppc,rolling,volview,10,all,yes,10,-26.836000000000002,-268.36,-1.7442359771821416,1,-20.08,-20.08,,1,-21.12,-21.12,,-21.12
KXETH,1,ppc,rolling,volview,10,all,no,7,19.80285714285714,138.61999999999998,1.450696049848362,0,,0.0,,0,,0.0,,0.0
KXETH,1,ppc,rolling,volview,10,cheap,both,1,-14.850000000000001,-14.850000000000001,,0,,0.0,,0,,0.0,,0.0
KXETH,1,ppc,rolling,volview,10,cheap,yes,0,,0.0,,0,,0.0,,0,,0.0,,0.0
KXETH,1,ppc,rolling,volview,10,cheap,no,1,-14.850000000000001,-14.850000000000001,,0,,0.0,,0,,0.0,,0.0
KXETH,1,ppc,rolling,volview,10,middle,both,16,-7.180625000000001,-114.89000000000001,-0.5780644997104725,1,-20.08,-20.08,,1,-21.12,-21.12,,-21.12
KXETH,1,ppc,rolling,volview,10,middle,yes,10,-26.836000000000002,-268.36,-1.7442359771821416,1,-20.08,-20.08,,1,-21.12,-21.12,,-21.12
KXETH,1,ppc,rolling,volview,10,middle,no,6,25.57833333333333,153.46999999999997,1.6399758702774714,0,,0.0,,0,,0.0,,0.0
KXETH,1,ppc,rolling,shrink25,2,all,both,2,2.9299999999999997,5.859999999999999,,0,,0.0,,0,,0.0,,0.0
KXETH,1,ppc,rolling,shrink25,2,all,yes,2,2.9299999999999997,5.859999999999999,,0,,0.0,,0,,0.0,,0.0
KXETH,1,ppc,rolling,shrink25,2,all,no,0,,0.0,,0,,0.0,,0,,0.0,,0.0
KXETH,1,ppc,rolling,shrink25,2,cheap,both,0,,0.0,,0,,0.0,,0,,0.0,,0.0
KXETH,1,ppc,rolling,shrink25,2,cheap,yes,0,,0.0,,0,,0.0,,0,,0.0,,0.0
KXETH,1,ppc,rolling,shrink25,2,cheap,no,0,,0.0,,0,,0.0,,0,,0.0,,0.0
KXETH,1,ppc,rolling,shrink25,2,middle,both,2,2.9299999999999997,5.859999999999999,,0,,0.0,,0,,0.0,,0.0
KXETH,1,ppc,rolling,shrink25,2,middle,yes,2,2.9299999999999997,5.859999999999999,,0,,0.0,,0,,0.0,,0.0
KXETH,1,ppc,rolling,shrink25,2,middle,no,0,,0.0,,0,,0.0,,0,,0.0,,0.0
KXETH,1,ppc,rolling,shrink25,5,all,both,0,,0.0,,0,,0.0,,0,,0.0,,0.0
KXETH,1,ppc,rolling,shrink25,5,all,yes,0,,0.0,,0,,0.0,,0,,0.0,,0.0
KXETH,1,ppc,rolling,shrink25,5,all,no,0,,0.0,,0,,0.0,,0,,0.0,,0.0
KXETH,1,ppc,rolling,shrink25,5,cheap,both,0,,0.0,,0,,0.0,,0,,0.0,,0.0
KXETH,1,ppc,rolling,shrink25,5,cheap,yes,0,,0.0,,0,,0.0,,0,,0.0,,0.0
KXETH,1,ppc,rolling,shrink25,5,cheap,no,0,,0.0,,0,,0.0,,0,,0.0,,0.0
KXETH,1,ppc,rolling,shrink25,5,middle,both,0,,0.0,,0,,0.0,,0,,0.0,,0.0
KXETH,1,ppc,rolling,shrink25,5,middle,yes,0,,0.0,,0,,0.0,,0,,0.0,,0.0
KXETH,1,ppc,rolling,shrink25,5,middle,no,0,,0.0,,0,,0.0,,0,,0.0,,0.0
KXETH,1,ppc,rolling,shrink25,10,all,both,0,,0.0,,0,,0.0,,0,,0.0,,0.0
KXETH,1,ppc,rolling,shrink25,10,all,yes,0,,0.0,,0,,0.0,,0,,0.0,,0.0
KXETH,1,ppc,rolling,shrink25,10,all,no,0,,0.0,,0,,0.0,,0,,0.0,,0.0
KXETH,1,ppc,rolling,shrink25,10,cheap,both,0,,0.0,,0,,0.0,,0,,0.0,,0.0
KXETH,1,ppc,rolling,shrink25,10,cheap,yes,0,,0.0,,0,,0.0,,0,,0.0,,0.0
KXETH,1,ppc,rolling,shrink25,10,cheap,no,0,,0.0,,0,,0.0,,0,,0.0,,0.0
KXETH,1,ppc,rolling,shrink25,10,middle,both,0,,0.0,,0,,0.0,,0,,0.0,,0.0
KXETH,1,ppc,rolling,shrink25,10,middle,yes,0,,0.0,,0,,0.0,,0,,0.0,,0.0
KXETH,1,ppc,rolling,shrink25,10,middle,no,0,,0.0,,0,,0.0,,0,,0.0,,0.0
KXETH,1,ppc,rolling,shrink50,2,all,both,57,10.125263157894736,577.14,1.915209240264182,8,-17.4625,-139.7,-0.8301194254481068,13,-12.820000000000004,-166.66000000000005,-0.9523274023549881,-166.66000000000005
KXETH,1,ppc,rolling,shrink50,2,all,yes,37,9.515405405405405,352.07,1.5968748432914948,6,-2.8899999999999983,-17.33999999999999,-0.1377383110838971,4,-10.61,-42.44,,-42.44
KXETH,1,ppc,rolling,shrink50,2,all,no,20,11.253499999999997,225.06999999999994,1.0933128219549335,2,-61.18000000000001,-122.36000000000001,,9,-13.80222222222222,-124.21999999999998,-0.7654957844104188,-124.21999999999998
KXETH,1,ppc,rolling,shrink50,2,cheap,both,5,8.316,41.580000000000005,0.3888197404196217,1,85.15,85.15,,3,-7.1066666666666665,-21.32,,-21.32
KXETH,1,ppc,rolling,shrink50,2,cheap,yes,4,14.107500000000002,56.43000000000001,0.5617129528923599,1,85.15,85.15,,3,-7.1066666666666665,-21.32,,-21.32
KXETH,1,ppc,rolling,shrink50,2,cheap,no,1,-14.850000000000001,-14.850000000000001,,0,,0.0,,0,,0.0,,0.0
KXETH,1,ppc,rolling,shrink50,2,middle,both,51,10.261960784313725,523.36,1.7934289956048126,7,-32.121428571428574,-224.85000000000002,-2.3842491969312434,1,-21.12,-21.12,,-21.12
KXETH,1,ppc,rolling,shrink50,2,middle,yes,33,8.958787878787877,295.63999999999993,1.3867478475117894,5,-20.497999999999998,-102.49,-2.406071936253731,1,-21.12,-21.12,,-21.12
KXETH,1,ppc,rolling,shrink50,2,middle,no,18,12.65111111111111,227.71999999999997,1.1144414224823833,2,-61.18000000000001,-122.36000000000001,,0,,0.0,,0.0
KXETH,1,ppc,rolling,shrink50,5,all,both,9,1.466666666666667,13.200000000000003,0.09433950916011341,1,-20.08,-20.08,,0,,0.0,,0.0
KXETH,1,ppc,rolling,shrink50,5,all,yes,6,-7.296666666666666,-43.779999999999994,-0.3150587930349107,1,-20.08,-20.08,,0,,0.0,,0.0
KXETH,1,ppc,rolling,shrink50,5,all,no,3,18.993333333333332,56.98,,0,,0.0,,0,,0.0,,0.0
KXETH,1,ppc,rolling,shrink50,5,cheap,both,1,-14.850000000000001,-14.850000000000001,,0,,0.0,,0,,0.0,,0.0
KXETH,1,ppc,rolling,shrink50,5,cheap,yes,0,,0.0,,0,,0.0,,0,,0.0,,0.0
KXETH,1,ppc,rolling,shrink50,5,cheap,no,1,-14.850000000000001,-14.850000000000001,,0,,0.0,,0,,0.0,,0.0
KXETH,1,ppc,rolling,shrink50,5,middle,both,8,3.5062500000000014,28.05000000000001,0.19767426030320553,1,-20.08,-20.08,,0,,0.0,,0.0
KXETH,1,ppc,rolling,shrink50,5,middle,yes,6,-7.296666666666666,-43.779999999999994,-0.3150587930349107,1,-20.08,-20.08,,0,,0.0,,0.0
KXETH,1,ppc,rolling,shrink50,5,middle,no,2,35.915,71.83,,0,,0.0,,0,,0.0,,0.0
KXETH,1,ppc,rolling,shrink50,10,all,both,0,,0.0,,0,,0.0,,0,,0.0,,0.0
KXETH,1,ppc,rolling,shrink50,10,all,yes,0,,0.0,,0,,0.0,,0,,0.0,,0.0
KXETH,1,ppc,rolling,shrink50,10,all,no,0,,0.0,,0,,0.0,,0,,0.0,,0.0
KXETH,1,ppc,rolling,shrink50,10,cheap,both,0,,0.0,,0,,0.0,,0,,0.0,,0.0
KXETH,1,ppc,rolling,shrink50,10,cheap,yes,0,,0.0,,0,,0.0,,0,,0.0,,0.0
KXETH,1,ppc,rolling,shrink50,10,cheap,no,0,,0.0,,0,,0.0,,0,,0.0,,0.0
KXETH,1,ppc,rolling,shrink50,10,middle,both,0,,0.0,,0,,0.0,,0,,0.0,,0.0
KXETH,1,ppc,rolling,shrink50,10,middle,yes,0,,0.0,,0,,0.0,,0,,0.0,,0.0
KXETH,1,ppc,rolling,shrink50,10,middle,no,0,,0.0,,0,,0.0,,0,,0.0,,0.0
KXETH,5,ppc,rolling,none,2,all,both,413,-1.988886198547216,-821.4100000000002,-0.8602203526793349,164,-3.4774390243902444,-570.3000000000001,-1.1994558956848513,231,-1.6093506493506495,-371.76000000000005,-0.6567569219709019,-23.41999999999996
KXETH,5,ppc,rolling,none,2,all,yes,213,0.5435680751173706,115.77999999999994,0.17993903222925628,102,-4.996666666666667,-509.66,-1.195002592526163,139,-1.4252517985611508,-198.10999999999996,-0.37985925327426934,108.13000000000015
KXETH,5,ppc,rolling,none,2,all,no,200,-4.68595,-937.19,-1.4513917020522422,62,-0.9780645161290322,-60.64,-0.2964586985404404,92,-1.8875000000000004,-173.65000000000003,-1.0986192994655688,-131.55000000000007
KXETH,5,ppc,rolling,none,2,cheap,both,51,-9.611960784313727,-490.21000000000004,-5.124453492502069,17,5.029411764705882,85.5,0.6129558385126695,44,1.3277272727272722,58.41999999999998,0.29595876616033945,115.71999999999998
KXETH,5,ppc,rolling,none,2,cheap,yes,48,-9.394375,-450.93,-4.878728471358073,17,5.029411764705882,85.5,0.6129558385126695,44,1.3277272727272722,58.41999999999998,0.29595876616033945,115.71999999999998
KXETH,5,ppc,rolling,none,2,cheap,no,3,-13.093333333333334,-39.28,-10.322590469676427,0,,0.0,,0,,0.0,,0.0
KXETH,5,ppc,rolling,none,2,middle,both,304,-1.8348026315789472,-557.78,-0.6332520122427447,119,-6.3995798319327735,-761.5500000000001,-1.940586182533767,100,-3.8043999999999993,-380.43999999999994,-0.917484642616007,-131.49999999999997
KXETH,5,ppc,rolling,none,2,middle,yes,161,3.362919254658385,541.43,0.9236301855527496,85,-7.001882352941178,-595.1600000000001,-1.5458955888044712,95,-2.700315789473684,-256.53,-0.5460010981545383,-7.589999999999968
KXETH,5,ppc,rolling,none,2,middle,no,143,-7.686783216783217,-1099.21,-1.8610947454913649,34,-4.893823529411766,-166.39000000000004,-0.9251361424562908,5,-24.782000000000004,-123.91000000000001,-1.4875113795284987,-123.91000000000001
KXETH,5,ppc,rolling,none,5,all,both,135,-0.14600000000000005,-19.710000000000008,-0.0331998736349873,25,-8.2964,-207.41,-1.7377066289896905,27,16.386666666666667,442.44,1.6990531516343754,477.36
KXETH,5,ppc,rolling,none,5,all,yes,76,2.183157894736842,165.92,0.4475705931571128,21,-6.382857142857143,-134.04,-0.7773172468945119,27,16.386666666666667,442.44,1.6990531516343754,477.36
KXETH,5,ppc,rolling,none,5,all,no,59,-3.146271186440678,-185.63,-0.44064936179245107,4,-18.342499999999998,-73.36999999999999,,0,,0.0,,0.0
KXETH,5,ppc,rolling,none,5,cheap,both,13,-11.036153846153846,-143.47,-5.096289704087984,2,-13.795000000000002,-27.590000000000003,,7,3.958571428571428,27.709999999999997,0.2905639534532413,41.51
KXETH,5,ppc,rolling,none,5,cheap,yes,11,-10.82181818181818,-119.03999999999999,-4.4318347958686575,2,-13.795000000000002,-27.590000000000003,,7,3.958571428571428,27.709999999999997,0.2905639534532413,41.51
KXETH,5,ppc,rolling,none,5,cheap,no,2,-12.215,-24.43,,0,,0.0,,0,,0.0,,0.0
KXETH,5,ppc,rolling,none,5,middle,both,116,2.2087068965517234,256.2099999999999,0.45986202333967385,22,-8.513636363636364,-187.3,-1.7049633272331048,20,20.736500000000003,414.7300000000001,1.635352771568358,435.8500000000001
KXETH,5,ppc,rolling,none,5,middle,yes,65,4.384,284.96000000000004,0.7884416792015386,19,-5.602631578947369,-106.45,-0.6399783205559447,20,20.736500000000003,414.7300000000001,1.635352771568358,435.8500000000001
KXETH,5,ppc,rolling,none,5,middle,no,51,-0.5637254901960791,-28.750000000000036,-0.07252702184625956,3,-26.95,-80.85,,0,,0.0,,0.0
KXETH,5,ppc,rolling,none,10,all,both,30,-1.494000000000001,-44.820000000000036,-0.2541012599965075,3,12.903333333333334,38.71,,1,79.92,79.92,,79.92
KXETH,5,ppc,rolling,none,10,all,yes,18,-7.1850000000000005,-129.33,-0.6061205217187547,3,12.903333333333334,38.71,,1,79.92,79.92,,79.92
KXETH,5,ppc,rolling,none,10,all,no,12,7.042499999999997,84.50999999999996,1.1602831682094408,0,,0.0,,0,,0.0,,0.0
KXETH,5,ppc,rolling,none,10,cheap,both,2,-9.57,-19.14,,0,,0.0,,0,,0.0,,0.0
KXETH,5,ppc,rolling,none,10,cheap,yes,1,-5.34,-5.34,,0,,0.0,,0,,0.0,,0.0
KXETH,5,ppc,rolling,none,10,cheap,no,1,-13.8,-13.8,,0,,0.0,,0,,0.0,,0.0
KXETH,5,ppc,rolling,none,10,middle,both,28,-0.9171428571428589,-25.68000000000005,-0.14109069784076697,3,12.903333333333334,38.71,,1,79.92,79.92,,79.92
KXETH,5,ppc,rolling,none,10,middle,yes,17,-7.293529411764705,-123.99,-0.5761032597176508,3,12.903333333333334,38.71,,1,79.92,79.92,,79.92
KXETH,5,ppc,rolling,none,10,middle,no,11,8.937272727272726,98.30999999999997,1.4547891727211717,0,,0.0,,0,,0.0,,0.0
KXETH,5,ppc,rolling,volview,2,all,both,289,-1.310380622837371,-378.70000000000016,-0.4853081404700059,135,-3.8705185185185176,-522.5199999999999,-1.0449082217081977,214,-1.3796261682242985,-295.2399999999999,-0.4586116746525002,61.51999999999981
KXETH,5,ppc,rolling,volview,2,all,yes,148,-0.743108108108108,-109.97999999999999,-0.1961931738267613,97,-6.06422680412371,-588.2299999999999,-1.376597881461315,129,-1.6793023255813952,-216.63,-0.3924546475501581,89.61000000000001
KXETH,5,ppc,rolling,volview,2,all,no,141,-1.9058156028368796,-268.72,-0.49144724854585226,38,1.7292105263157898,65.71000000000001,0.4567034163245909,85,-0.9248235294117654,-78.61000000000006,-0.5585293142421897,-28.09000000000009
KXETH,5,ppc,rolling,volview,2,cheap,both,40,-9.86,-394.4,-5.347049554431981,14,1.317142857142858,18.440000000000012,0.1411125075668256,40,2.1792499999999992,87.16999999999997,0.4167450731137879,144.46999999999994
KXETH,5,ppc,rolling,volview,2,cheap,yes,37,-9.59783783783784,-355.12000000000006,-4.948815774413542,14,1.317142857142858,18.440000000000012,0.1411125075668256,40,2.1792499999999992,87.16999999999997,0.4167450731137879,144.46999999999994
KXETH,5,ppc,rolling,volview,2,cheap,no,3,-13.093333333333334,-39.28,-10.322590469676427,0,,0.0,,0,,0.0,,0.0
KXETH,5,ppc,rolling,volview,2,middle,both,202,-0.5240099009900986,-105.84999999999991,-0.15094794188389163,93,-6.953870967741935,-646.7099999999999,-1.5815800665446171,91,-3.337252747252747,-303.69,-0.6064858145446127,-54.75000000000003
KXETH,5,ppc,rolling,volview,2,middle,yes,110,2.194636363636364,241.41000000000005,0.4660594444269658,83,-7.309277108433736,-606.6700000000001,-1.5642912027684235,89,-3.4134831460674158,-303.8,-0.6127827014524931,-54.86000000000001
KXETH,5,ppc,rolling,volview,2,middle,no,92,-3.7745652173913045,-347.26,-0.7190083729618043,10,-4.004,-40.03999999999999,-0.34472341088761244,2,0.054999999999999716,0.10999999999999943,,0.10999999999999943
KXETH,5,ppc,rolling,volview,5,all,both,113,-0.3684955752212392,-41.64000000000003,-0.07994226209723243,24,-9.669166666666666,-232.05999999999997,-2.0962531126429993,27,16.386666666666667,442.44,1.6990531516343754,477.36
KXETH,5,ppc,rolling,volview,5,all,yes,64,1.7659375000000002,113.02000000000001,0.311268491426162,21,-6.382857142857143,-134.04,-0.7773172468945119,27,16.386666666666667,442.44,1.6990531516343754,477.36
KXETH,5,ppc,rolling,volview,5,all,no,49,-3.156326530612245,-154.66000000000003,-0.4228241321275523,3,-32.67333333333333,-98.02,,0,,0.0,,0.0
KXETH,5,ppc,rolling,volview,5,cheap,both,13,-11.036153846153846,-143.47,-5.096289704087984,2,-13.795000000000002,-27.590000000000003,,7,3.958571428571428,27.709999999999997,0.2905639534532413,41.51
KXETH,5,ppc,rolling,volview,5,cheap,yes,11,-10.82181818181818,-119.03999999999999,-4.4318347958686575,2,-13.795000000000002,-27.590000000000003,,7,3.958571428571428,27.709999999999997,0.2905639534532413,41.51
KXETH,5,ppc,rolling,volview,5,cheap,no,2,-12.215,-24.43,,0,,0.0,,0,,0.0,,0.0
KXETH,5,ppc,rolling,volview,5,middle,both,94,2.492340425531915,234.28000000000003,0.48506475194613197,21,-10.092857142857142,-211.95,-2.09615602331566,20,20.736500000000003,414.7300000000001,1.635352771568358,435.8500000000001
KXETH,5,ppc,rolling,volview,5,middle,yes,53,4.378490566037735,232.05999999999997,0.6621293979790601,19,-5.602631578947369,-106.45,-0.6399783205559447,20,20.736500000000003,414.7300000000001,1.635352771568358,435.8500000000001
KXETH,5,ppc,rolling,volview,5,middle,no,41,0.054146341463415126,2.22000000000002,0.006869401199575175,2,-52.75,-105.5,,0,,0.0,,0.0
KXETH,5,ppc,rolling,volview,10,all,both,25,-3.4088000000000016,-85.22000000000004,-0.4613021394582793,3,12.903333333333334,38.71,,1,79.92,79.92,,79.92
KXETH,5,ppc,rolling,volview,10,all,yes,14,-13.483571428571425,-188.76999999999995,-0.8832595078580391,3,12.903333333333334,38.71,,1,79.92,79.92,,79.92
KXETH,5,ppc,rolling,volview,10,all,no,11,9.413636363636359,103.54999999999995,1.5635623433187613,0,,0.0,,0,,0.0,,0.0
KXETH,5,ppc,rolling,volview,10,cheap,both,2,-9.57,-19.14,,0,,0.0,,0,,0.0,,0.0
KXETH,5,ppc,rolling,volview,10,cheap,yes,1,-5.34,-5.34,,0,,0.0,,0,,0.0,,0.0
KXETH,5,ppc,rolling,volview,10,cheap,no,1,-13.8,-13.8,,0,,0.0,,0,,0.0,,0.0
KXETH,5,ppc,rolling,volview,10,middle,both,23,-2.8730434782608714,-66.08000000000004,-0.3438599774840257,3,12.903333333333334,38.71,,1,79.92,79.92,,79.92
KXETH,5,ppc,rolling,volview,10,middle,yes,13,-14.109999999999996,-183.42999999999995,-0.8535476019821897,3,12.903333333333334,38.71,,1,79.92,79.92,,79.92
KXETH,5,ppc,rolling,volview,10,middle,no,10,11.734999999999996,117.34999999999997,1.816575338154139,0,,0.0,,0,,0.0,,0.0
KXETH,5,ppc,rolling,shrink25,2,all,both,2,1.3900000000000006,2.780000000000001,,0,,0.0,,0,,0.0,,0.0
KXETH,5,ppc,rolling,shrink25,2,all,yes,2,1.3900000000000006,2.780000000000001,,0,,0.0,,0,,0.0,,0.0
KXETH,5,ppc,rolling,shrink25,2,all,no,0,,0.0,,0,,0.0,,0,,0.0,,0.0
KXETH,5,ppc,rolling,shrink25,2,cheap,both,0,,0.0,,0,,0.0,,0,,0.0,,0.0
KXETH,5,ppc,rolling,shrink25,2,cheap,yes,0,,0.0,,0,,0.0,,0,,0.0,,0.0
KXETH,5,ppc,rolling,shrink25,2,cheap,no,0,,0.0,,0,,0.0,,0,,0.0,,0.0
KXETH,5,ppc,rolling,shrink25,2,middle,both,2,1.3900000000000006,2.780000000000001,,0,,0.0,,0,,0.0,,0.0
KXETH,5,ppc,rolling,shrink25,2,middle,yes,2,1.3900000000000006,2.780000000000001,,0,,0.0,,0,,0.0,,0.0
KXETH,5,ppc,rolling,shrink25,2,middle,no,0,,0.0,,0,,0.0,,0,,0.0,,0.0
KXETH,5,ppc,rolling,shrink25,5,all,both,0,,0.0,,0,,0.0,,0,,0.0,,0.0
KXETH,5,ppc,rolling,shrink25,5,all,yes,0,,0.0,,0,,0.0,,0,,0.0,,0.0
KXETH,5,ppc,rolling,shrink25,5,all,no,0,,0.0,,0,,0.0,,0,,0.0,,0.0
KXETH,5,ppc,rolling,shrink25,5,cheap,both,0,,0.0,,0,,0.0,,0,,0.0,,0.0
KXETH,5,ppc,rolling,shrink25,5,cheap,yes,0,,0.0,,0,,0.0,,0,,0.0,,0.0
KXETH,5,ppc,rolling,shrink25,5,cheap,no,0,,0.0,,0,,0.0,,0,,0.0,,0.0
KXETH,5,ppc,rolling,shrink25,5,middle,both,0,,0.0,,0,,0.0,,0,,0.0,,0.0
KXETH,5,ppc,rolling,shrink25,5,middle,yes,0,,0.0,,0,,0.0,,0,,0.0,,0.0
KXETH,5,ppc,rolling,shrink25,5,middle,no,0,,0.0,,0,,0.0,,0,,0.0,,0.0
KXETH,5,ppc,rolling,shrink25,10,all,both,0,,0.0,,0,,0.0,,0,,0.0,,0.0
KXETH,5,ppc,rolling,shrink25,10,all,yes,0,,0.0,,0,,0.0,,0,,0.0,,0.0
KXETH,5,ppc,rolling,shrink25,10,all,no,0,,0.0,,0,,0.0,,0,,0.0,,0.0
KXETH,5,ppc,rolling,shrink25,10,cheap,both,0,,0.0,,0,,0.0,,0,,0.0,,0.0
KXETH,5,ppc,rolling,shrink25,10,cheap,yes,0,,0.0,,0,,0.0,,0,,0.0,,0.0
KXETH,5,ppc,rolling,shrink25,10,cheap,no,0,,0.0,,0,,0.0,,0,,0.0,,0.0
KXETH,5,ppc,rolling,shrink25,10,middle,both,0,,0.0,,0,,0.0,,0,,0.0,,0.0
KXETH,5,ppc,rolling,shrink25,10,middle,yes,0,,0.0,,0,,0.0,,0,,0.0,,0.0
KXETH,5,ppc,rolling,shrink25,10,middle,no,0,,0.0,,0,,0.0,,0,,0.0,,0.0
KXETH,5,ppc,rolling,shrink50,2,all,both,77,1.2749350649350653,98.17000000000003,0.3011201904744307,12,-12.949166666666668,-155.39000000000001,-6.3793545913609035,14,8.748571428571427,122.47999999999999,0.6751440274233528,143.6
KXETH,5,ppc,rolling,shrink50,2,all,yes,47,1.3608510638297877,63.96000000000002,0.2676427236200185,10,-10.912000000000003,-109.12000000000002,-1.6612336609523144,14,8.748571428571427,122.47999999999999,0.6751440274233528,143.6
KXETH,5,ppc,rolling,shrink50,2,all,no,30,1.1403333333333332,34.209999999999994,0.14636098755956278,2,-23.134999999999998,-46.269999999999996,,0,,0.0,,0.0
KXETH,5,ppc,rolling,shrink50,2,cheap,both,8,-10.100000000000001,-80.80000000000001,-5.891797494664256,0,,0.0,,3,-8.513333333333334,-25.54,,-25.54
KXETH,5,ppc,rolling,shrink50,2,cheap,yes,7,-9.571428571428571,-67.0,-4.788854947522799,0,,0.0,,3,-8.513333333333334,-25.54,,-25.54
KXETH,5,ppc,rolling,shrink50,2,cheap,no,1,-13.8,-13.8,,0,,0.0,,0,,0.0,,0.0
KXETH,5,ppc,rolling,shrink50,2,middle,both,67,3.799402985074627,254.56,0.8780064096830886,11,-14.806363636363637,-162.87,-8.207527010307114,11,13.456363636363635,148.01999999999998,0.8495660154629444,169.14
KXETH,5,ppc,rolling,shrink50,2,middle,yes,40,3.274000000000001,130.96000000000004,0.5650743716881891,10,-10.912000000000003,-109.12000000000002,-1.6612336609523144,11,13.456363636363635,148.01999999999998,0.8495660154629444,169.14
KXETH,5,ppc,rolling,shrink50,2,middle,no,27,4.577777777777779,123.60000000000004,0.6469086024402063,1,-53.75,-53.75,,0,,0.0,,0.0
KXETH,5,ppc,rolling,shrink50,5,all,both,12,15.406666666666666,184.88,1.1471579852921072,0,,0.0,,1,79.92,79.92,,79.92
KXETH,5,ppc,rolling,shrink50,5,all,yes,8,18.675,149.4,1.0371461702371914,0,,0.0,,1,79.92,79.92,,79.92
KXETH,5,ppc,rolling,shrink50,5,all,no,4,8.869999999999996,35.47999999999998,0.5148504247530213,0,,0.0,,0,,0.0,,0.0
KXETH,5,ppc,rolling,shrink50,5,cheap,both,1,-13.8,-13.8,,0,,0.0,,0,,0.0,,0.0
KXETH,5,ppc,rolling,shrink50,5,cheap,yes,0,,0.0,,0,,0.0,,0,,0.0,,0.0
KXETH,5,ppc,rolling,shrink50,5,cheap,no,1,-13.8,-13.8,,0,,0.0,,0,,0.0,,0.0
KXETH,5,ppc,rolling,shrink50,5,middle,both,11,18.061818181818182,198.68,1.2200388394926092,0,,0.0,,1,79.92,79.92,,79.92
KXETH,5,ppc,rolling,shrink50,5,middle,yes,8,18.675,149.4,1.0371461702371914,0,,0.0,,1,79.92,79.92,,79.92
KXETH,5,ppc,rolling,shrink50,5,middle,no,3,16.426666666666662,49.27999999999999,0.7502227300963162,0,,0.0,,0,,0.0,,0.0
KXETH,5,ppc,rolling,shrink50,10,all,both,0,,0.0,,0,,0.0,,0,,0.0,,0.0
KXETH,5,ppc,rolling,shrink50,10,all,yes,0,,0.0,,0,,0.0,,0,,0.0,,0.0
KXETH,5,ppc,rolling,shrink50,10,all,no,0,,0.0,,0,,0.0,,0,,0.0,,0.0
KXETH,5,ppc,rolling,shrink50,10,cheap,both,0,,0.0,,0,,0.0,,0,,0.0,,0.0
KXETH,5,ppc,rolling,shrink50,10,cheap,yes,0,,0.0,,0,,0.0,,0,,0.0,,0.0
KXETH,5,ppc,rolling,shrink50,10,cheap,no,0,,0.0,,0,,0.0,,0,,0.0,,0.0
KXETH,5,ppc,rolling,shrink50,10,middle,both,0,,0.0,,0,,0.0,,0,,0.0,,0.0
KXETH,5,ppc,rolling,shrink50,10,middle,yes,0,,0.0,,0,,0.0,,0,,0.0,,0.0
KXETH,5,ppc,rolling,shrink50,10,middle,no,0,,0.0,,0,,0.0,,0,,0.0,,0.0
KXETH,15,ppc,rolling,none,2,all,both,445,-2.240651685393259,-997.0900000000004,-0.9515761790690633,224,-1.9276339285714281,-431.7899999999999,-0.8970203602424973,254,1.4488582677165354,368.01,0.5413853554558197,447.2900000000001
KXETH,15,ppc,rolling,none,2,all,yes,214,-2.216028037383178,-474.23000000000013,-0.828907640758183,144,-3.6272222222222217,-522.3199999999999,-1.2279972526097396,152,1.875986842105263,285.15,0.5144069855970516,429.81
KXETH,15,ppc,rolling,none,2,all,no,231,-2.2634632034632043,-522.8600000000002,-0.7689392286026724,80,1.1316249999999997,90.52999999999997,0.3113575217061337,102,0.8123529411764708,82.86000000000003,0.387325247876528,17.48000000000005
KXETH,15,ppc,rolling,none,2,cheap,both,59,-6.779322033898305,-399.98,-4.473006460990954,21,-0.997142857142858,-20.94000000000002,-0.16119633701058247,41,2.4065853658536587,98.67,0.5098900749352429,113.52000000000001
KXETH,15,ppc,rolling,none,2,cheap,yes,54,-6.383703703703702,-344.7199999999999,-4.531908450436795,20,-0.7270000000000006,-14.540000000000013,-0.11224410279063358,40,2.81175,112.47,0.5668242768042927,127.32000000000001
KXETH,15,ppc,rolling,none,2,cheap,no,5,-11.052000000000001,-55.260000000000005,-1.6702735447947075,1,-6.400000000000006,-6.400000000000006,,1,-13.8,-13.8,,-13.8
KXETH,15,ppc,rolling,none,2,middle,both,312,-1.83573717948718,-572.7500000000001,-0.5339347677597727,156,-3.7698076923076926,-588.09,-1.5082607736868723,118,0.988983050847458,116.70000000000005,0.21873923986647942,246.51000000000002
KXETH,15,ppc,rolling,none,2,middle,yes,157,-0.8901273885350323,-139.75000000000006,-0.24906222750566756,123,-4.227479674796747,-519.9799999999999,-1.3455560876648036,109,1.3001834862385326,141.72000000000006,0.2978487438667787,271.53
KXETH,15,ppc,rolling,none,2,middle,no,155,-2.793548387096775,-433.0000000000001,-0.6104316837348601,33,-2.0639393939393953,-68.11000000000004,-0.30345340526508097,9,-2.7800000000000002,-25.020000000000003,-0.16164967238928238,-25.020000000000003
KXETH,15,ppc,rolling,none,5,all,both,154,2.759220779220778,424.91999999999985,0.8039797905679748,51,-0.12470588235293935,-6.359999999999907,-0.015486717287483298,46,9.592173913043478,441.23999999999995,1.6357121294644261,386.79999999999995
KXETH,15,ppc,rolling,none,5,all,yes,83,4.735301204819278,393.03000000000003,1.1197730968683126,41,3.4758536585365865,142.51000000000005,0.45365675755684465,44,9.276590909090908,408.16999999999996,1.5334452274018597,362.15
KXETH,15,ppc,rolling,none,5,all,no,71,0.44915492957746267,31.88999999999985,0.08986267171761805,10,-14.886999999999997,-148.86999999999998,-0.9073858346873156,2,16.535,33.07,,24.65
KXETH,15,ppc,rolling,none,5,cheap,both,13,-3.016923076923078,-39.22000000000001,-0.4698605168543447,5,27.470000000000006,137.35000000000002,1.1549528869863808,14,9.967142857142859,139.54000000000002,0.8240785187834032,139.54000000000002
KXETH,15,ppc,rolling,none,5,cheap,yes,10,-0.7340000000000003,-7.340000000000003,-0.09641697070869425,5,27.470000000000006,137.35000000000002,1.1549528869863808,14,9.967142857142859,139.54000000000002,0.8240785187834032,139.54000000000002
KXETH,15,ppc,rolling,none,5,cheap,no,3,-10.626666666666667,-31.880000000000003,,0,,0.0,,0,,0.0,,0.0
KXETH,15,ppc,rolling,none,5,middle,both,132,2.7126515151515154,358.07000000000005,0.6700226561463224,44,-3.6061363636363626,-158.66999999999996,-0.47347439152090454,31,9.460645161290321,293.28,1.35244008236292,247.26
KXETH,15,ppc,rolling,none,5,middle,yes,73,5.484520547945206,400.37000000000006,1.0914661160467178,36,0.14333333333333373,5.160000000000014,0.021283995993762527,30,8.954333333333333,268.63,1.268685026974912,222.60999999999999
KXETH,15,ppc,rolling,none,5,middle,no,59,-0.7169491525423742,-42.30000000000008,-0.12169247578919602,8,-20.47875,-163.83,-0.9975765692261773,1,24.65,24.65,,24.65
KXETH,15,ppc,rolling,none,10,all,both,30,8.930000000000001,267.90000000000003,1.5851538129431906,9,5.910000000000001,53.19000000000001,0.3537679524254827,4,3.639999999999999,14.559999999999995,0.1622331396406378,33.599999999999994
KXETH,15,ppc,rolling,none,10,all,yes,17,7.589411764705881,129.01999999999998,0.8287891784124312,8,11.478750000000002,91.83000000000001,0.7314482666921949,4,3.639999999999999,14.559999999999995,0.1622331396406378,33.599999999999994
KXETH,15,ppc,rolling,none,10,all,no,13,10.683076923076923,138.88,1.0734050654747733,1,-38.64,-38.64,,0,,0.0,,0.0
KXETH,15,ppc,rolling,none,10,cheap,both,1,-5.34,-5.34,,0,,0.0,,1,-12.74,-12.74,,-12.74
KXETH,15,ppc,rolling,none,10,cheap,yes,1,-5.34,-5.34,,0,,0.0,,1,-12.74,-12.74,,-12.74
KXETH,15,ppc,rolling,none,10,cheap,no,0,,0.0,,0,,0.0,,0,,0.0,,0.0
KXETH,15,ppc,rolling,none,10,middle,both,29,9.422068965517242,273.24,1.6303511630306595,9,5.910000000000001,53.19000000000001,0.3537679524254827,3,9.100000000000001,27.300000000000004,0.2956788998674854,46.34
KXETH,15,ppc,rolling,none,10,middle,yes,16,8.3975,134.36,0.8650808908570632,8,11.478750000000002,91.83000000000001,0.7314482666921949,3,9.100000000000001,27.300000000000004,0.2956788998674854,46.34
KXETH,15,ppc,rolling,none,10,middle,no,13,10.683076923076923,138.88,1.0734050654747733,1,-38.64,-38.64,,0,,0.0,,0.0
KXETH,15,ppc,rolling,volview,2,all,both,321,-1.0695327102803736,-343.31999999999994,-0.48488252318595043,191,-1.4227748691099473,-271.74999999999994,-0.5966057851344266,219,1.651872146118721,361.7599999999999,0.5984384667712396,441.03999999999985
KXETH,15,ppc,rolling,volview,2,all,yes,156,-2.1872435897435896,-341.21,-0.7865231680169484,132,-3.0540151515151517,-403.13,-0.97731805625245,131,2.0788549618320613,272.33000000000004,0.541595506123819,416.98999999999995
KXETH,15,ppc,rolling,volview,2,all,no,165,-0.012787878787879129,-2.1100000000000563,-0.005029861058333881,59,2.2267796610169497,131.38000000000002,0.8422043872450725,88,1.0162499999999988,89.4299999999999,0.4365452365282401,24.049999999999937
KXETH,15,ppc,rolling,volview,2,cheap,both,54,-6.658148148148149,-359.54,-4.1119334650691854,17,0.2082352941176466,3.539999999999992,0.02778829729563034,33,2.729090909090908,90.05999999999997,0.4868469196193198,104.90999999999998
KXETH,15,ppc,rolling,volview,2,cheap,yes,49,-6.209795918367346,-304.28,-3.9511511833963606,17,0.2082352941176466,3.539999999999992,0.02778829729563034,32,3.245624999999999,103.85999999999997,0.5656491865533169,118.70999999999997
KXETH,15,ppc,rolling,volview,2,cheap,no,5,-11.052000000000001,-55.260000000000005,-1.6702735447947075,0,,0.0,,1,-13.8,-13.8,,-13.8
KXETH,15,ppc,rolling,volview,2,middle,both,201,0.03517412935323359,7.0699999999999505,0.009991735663690375,128,-3.4400781250000003,-440.33000000000004,-1.1117326392811278,100,1.8925999999999987,189.25999999999988,0.41237312926283437,319.0699999999999
KXETH,15,ppc,rolling,volview,2,middle,yes,106,-0.37471698113207497,-39.71999999999995,-0.09232870087780023,115,-3.536260869565217,-406.66999999999996,-1.0760310300303195,99,1.7017171717171706,168.46999999999989,0.3752116077989659,298.27999999999986
KXETH,15,ppc,rolling,volview,2,middle,no,95,0.4925263157894737,46.79,0.11178129907209014,13,-2.589230769230769,-33.66,-0.33685949793409625,1,20.79,20.79,,20.79
KXETH,15,ppc,rolling,volview,5,all,both,134,5.362537313432835,718.5799999999999,1.4336014328080688,46,2.91913043478261,134.28000000000006,0.3866003108601156,44,7.412954545454546,326.17,1.3394492871952526,271.73
KXETH,15,ppc,rolling,volview,5,all,yes,72,6.699999999999999,482.4,1.3630520544281508,38,3.818157894736843,145.09000000000003,0.5069157471853656,43,7.3895348837209305,317.75,1.3096274660158131,271.73
KXETH,15,ppc,rolling,volview,5,all,no,62,3.809354838709676,236.1799999999999,0.734326205329065,8,-1.3512499999999994,-10.809999999999995,-0.11522840691947024,1,8.42,8.42,,0.0
KXETH,15,ppc,rolling,volview,5,cheap,both,12,-2.558333333333333,-30.699999999999996,-0.33537061835799903,5,27.470000000000006,137.35000000000002,1.1549528869863808,13,3.7784615384615403,49.120000000000026,0.4416716312338564,49.120000000000026
KXETH,15,ppc,rolling,volview,5,cheap,yes,9,0.13111111111111187,1.1800000000000068,0.013948822996700206,5,27.470000000000006,137.35000000000002,1.1549528869863808,13,3.7784615384615403,49.120000000000026,0.4416716312338564,49.120000000000026
KXETH,15,ppc,rolling,volview,5,cheap,no,3,-10.626666666666667,-31.880000000000003,,0,,0.0,,0,,0.0,,0.0
KXETH,15,ppc,rolling,volview,5,middle,both,113,5.692123893805309,643.2099999999999,1.2636998042185352,39,-0.4623076923076913,-18.029999999999962,-0.06637546461600624,30,8.954333333333333,268.63,1.268685026974912,222.60999999999999
KXETH,15,ppc,rolling,volview,5,middle,yes,63,7.638412698412697,481.2199999999999,1.2932946491234638,33,0.23454545454545558,7.740000000000034,0.0350383542193993,30,8.954333333333333,268.63,1.268685026974912,222.60999999999999
KXETH,15,ppc,rolling,volview,5,middle,no,50,3.239799999999998,161.9899999999999,0.5079071467099187,6,-4.294999999999999,-25.769999999999996,-0.25403226453250316,0,,0.0,,0.0
KXETH,15,ppc,rolling,volview,10,all,both,26,11.397692307692305,296.3399999999999,1.7595036048867707,7,5.3971428571428595,37.780000000000015,0.26787646398549375,4,3.639999999999999,14.559999999999995,0.1622331396406378,33.599999999999994
KXETH,15,ppc,rolling,volview,10,all,yes,14,8.705714285714285,121.87999999999998,0.7247794262308364,6,12.73666666666667,76.42000000000002,0.6222646651051341,4,3.639999999999999,14.559999999999995,0.1622331396406378,33.599999999999994
KXETH,15,ppc,rolling,volview,10,all,no,12,14.538333333333334,174.46,1.4926939413857983,1,-38.64,-38.64,,0,,0.0,,0.0
KXETH,15,ppc,rolling,volview,10,cheap,both,1,-5.34,-5.34,,0,,0.0,,1,-12.74,-12.74,,-12.74
KXETH,15,ppc,rolling,volview,10,cheap,yes,1,-5.34,-5.34,,0,,0.0,,1,-12.74,-12.74,,-12.74
KXETH,15,ppc,rolling,volview,10,cheap,no,0,,0.0,,0,,0.0,,0,,0.0,,0.0
KXETH,15,ppc,rolling,volview,10,middle,both,25,12.067199999999998,301.67999999999995,1.8121206265895788,7,5.3971428571428595,37.780000000000015,0.26787646398549375,3,9.100000000000001,27.300000000000004,0.2956788998674854,46.34
KXETH,15,ppc,rolling,volview,10,middle,yes,13,9.786153846153844,127.21999999999998,0.7569437308879288,6,12.73666666666667,76.42000000000002,0.6222646651051341,3,9.100000000000001,27.300000000000004,0.2956788998674854,46.34
KXETH,15,ppc,rolling,volview,10,middle,no,12,14.538333333333334,174.46,1.4926939413857983,1,-38.64,-38.64,,0,,0.0,,0.0
KXETH,15,ppc,rolling,shrink25,2,all,both,2,-6.484999999999999,-12.969999999999999,,2,-28.84,-57.68,,0,,0.0,,0.0
KXETH,15,ppc,rolling,shrink25,2,all,yes,2,-6.484999999999999,-12.969999999999999,,1,-19.04,-19.04,,0,,0.0,,0.0
KXETH,15,ppc,rolling,shrink25,2,all,no,0,,0.0,,1,-38.64,-38.64,,0,,0.0,,0.0
KXETH,15,ppc,rolling,shrink25,2,cheap,both,0,,0.0,,0,,0.0,,0,,0.0,,0.0
KXETH,15,ppc,rolling,shrink25,2,cheap,yes,0,,0.0,,0,,0.0,,0,,0.0,,0.0
KXETH,15,ppc,rolling,shrink25,2,cheap,no,0,,0.0,,0,,0.0,,0,,0.0,,0.0
KXETH,15,ppc,rolling,shrink25,2,middle,both,2,-6.484999999999999,-12.969999999999999,,2,-28.84,-57.68,,0,,0.0,,0.0
KXETH,15,ppc,rolling,shrink25,2,middle,yes,2,-6.484999999999999,-12.969999999999999,,1,-19.04,-19.04,,0,,0.0,,0.0
KXETH,15,ppc,rolling,shrink25,2,middle,no,0,,0.0,,1,-38.64,-38.64,,0,,0.0,,0.0
KXETH,15,ppc,rolling,shrink25,5,all,both,0,,0.0,,0,,0.0,,0,,0.0,,0.0
KXETH,15,ppc,rolling,shrink25,5,all,yes,0,,0.0,,0,,0.0,,0,,0.0,,0.0
KXETH,15,ppc,rolling,shrink25,5,all,no,0,,0.0,,0,,0.0,,0,,0.0,,0.0
KXETH,15,ppc,rolling,shrink25,5,cheap,both,0,,0.0,,0,,0.0,,0,,0.0,,0.0
KXETH,15,ppc,rolling,shrink25,5,cheap,yes,0,,0.0,,0,,0.0,,0,,0.0,,0.0
KXETH,15,ppc,rolling,shrink25,5,cheap,no,0,,0.0,,0,,0.0,,0,,0.0,,0.0
KXETH,15,ppc,rolling,shrink25,5,middle,both,0,,0.0,,0,,0.0,,0,,0.0,,0.0
KXETH,15,ppc,rolling,shrink25,5,middle,yes,0,,0.0,,0,,0.0,,0,,0.0,,0.0
KXETH,15,ppc,rolling,shrink25,5,middle,no,0,,0.0,,0,,0.0,,0,,0.0,,0.0
KXETH,15,ppc,rolling,shrink25,10,all,both,0,,0.0,,0,,0.0,,0,,0.0,,0.0
KXETH,15,ppc,rolling,shrink25,10,all,yes,0,,0.0,,0,,0.0,,0,,0.0,,0.0
KXETH,15,ppc,rolling,shrink25,10,all,no,0,,0.0,,0,,0.0,,0,,0.0,,0.0
KXETH,15,ppc,rolling,shrink25,10,cheap,both,0,,0.0,,0,,0.0,,0,,0.0,,0.0
KXETH,15,ppc,rolling,shrink25,10,cheap,yes,0,,0.0,,0,,0.0,,0,,0.0,,0.0
KXETH,15,ppc,rolling,shrink25,10,cheap,no,0,,0.0,,0,,0.0,,0,,0.0,,0.0
KXETH,15,ppc,rolling,shrink25,10,middle,both,0,,0.0,,0,,0.0,,0,,0.0,,0.0
KXETH,15,ppc,rolling,shrink25,10,middle,yes,0,,0.0,,0,,0.0,,0,,0.0,,0.0
KXETH,15,ppc,rolling,shrink25,10,middle,no,0,,0.0,,0,,0.0,,0,,0.0,,0.0
KXETH,15,ppc,rolling,shrink50,2,all,both,87,6.6042528735632136,574.5699999999996,1.5703998624273572,29,5.815517241379312,168.65000000000003,0.5559477355090007,25,10.5352,263.38,1.1840704361885805,201.46
KXETH,15,ppc,rolling,shrink50,2,all,yes,52,6.1444230769230765,319.51,1.0505156430167781,23,7.123043478260869,163.82999999999998,0.6917598172915806,25,10.5352,263.38,1.1840704361885805,201.46
KXETH,15,ppc,rolling,shrink50,2,all,no,35,7.287428571428569,255.05999999999992,1.2602452978774137,6,0.803333333333334,4.820000000000004,0.04833638144429748,0,,0.0,,0.0
KXETH,15,ppc,rolling,shrink50,2,cheap,both,8,-8.905000000000001,-71.24000000000001,-2.2330951472083163,3,22.350000000000005,67.05000000000001,0.6999509230549085,12,-3.3541666666666665,-40.25,-0.3625972104306034,-40.25
KXETH,15,ppc,rolling,shrink50,2,cheap,yes,5,-7.872,-39.36,-3.623009179791594,3,22.350000000000005,67.05000000000001,0.6999509230549085,12,-3.3541666666666665,-40.25,-0.3625972104306034,-40.25
KXETH,15,ppc,rolling,shrink50,2,cheap,no,3,-10.626666666666667,-31.880000000000003,,0,,0.0,,0,,0.0,,0.0
KXETH,15,ppc,rolling,shrink50,2,middle,both,75,7.959733333333332,596.9799999999999,1.6501862469627444,25,3.727199999999999,93.17999999999998,0.3753958306884158,13,23.35615384615384,303.62999999999994,2.166770743240409,241.70999999999998
KXETH,15,ppc,rolling,shrink50,2,middle,yes,47,7.635531914893618,358.87000000000006,1.1525976645418807,20,4.839,96.78,0.523874673544603,13,23.35615384615384,303.62999999999994,2.166770743240409,241.70999999999998
KXETH,15,ppc,rolling,shrink50,2,middle,no,28,8.50392857142857,238.10999999999999,1.1974677257656008,5,-0.7200000000000003,-3.6000000000000014,-0.034196665794417845,0,,0.0,,0.0
KXETH,15,ppc,rolling,shrink50,5,all,both,9,19.694444444444443,177.25,1.1747915520348906,3,-25.573333333333334,-76.72,,1,-12.74,-12.74,,-12.74
KXETH,15,ppc,rolling,shrink50,5,all,yes,7,14.371428571428568,100.59999999999998,0.7089842760837912,2,-19.04,-38.08,,1,-12.74,-12.74,,-12.74
KXETH,15,ppc,rolling,shrink50,5,all,no,2,38.325,76.65,,1,-38.64,-38.64,,0,,0.0,,0.0
KXETH,15,ppc,rolling,shrink50,5,cheap,both,0,,0.0,,0,,0.0,,1,-12.74,-12.74,,-12.74
KXETH,15,ppc,rolling,shrink50,5,cheap,yes,0,,0.0,,0,,0.0,,1,-12.74,-12.74,,-12.74
KXETH,15,ppc,rolling,shrink50,5,cheap,no,0,,0.0,,0,,0.0,,0,,0.0,,0.0
KXETH,15,ppc,rolling,shrink50,5,middle,both,9,19.694444444444443,177.25,1.1747915520348906,3,-25.573333333333334,-76.72,,0,,0.0,,0.0
KXETH,15,ppc,rolling,shrink50,5,middle,yes,7,14.371428571428568,100.59999999999998,0.7089842760837912,2,-19.04,-38.08,,0,,0.0,,0.0
KXETH,15,ppc,rolling,shrink50,5,middle,no,2,38.325,76.65,,1,-38.64,-38.64,,0,,0.0,,0.0
KXETH,15,ppc,rolling,shrink50,10,all,both,1,-37.62,-37.62,,0,,0.0,,0,,0.0,,0.0
KXETH,15,ppc,rolling,shrink50,10,all,yes,1,-37.62,-37.62,,0,,0.0,,0,,0.0,,0.0
KXETH,15,ppc,rolling,shrink50,10,all,no,0,,0.0,,0,,0.0,,0,,0.0,,0.0
KXETH,15,ppc,rolling,shrink50,10,cheap,both,0,,0.0,,0,,0.0,,0,,0.0,,0.0
KXETH,15,ppc,rolling,shrink50,10,cheap,yes,0,,0.0,,0,,0.0,,0,,0.0,,0.0
KXETH,15,ppc,rolling,shrink50,10,cheap,no,0,,0.0,,0,,0.0,,0,,0.0,,0.0
KXETH,15,ppc,rolling,shrink50,10,middle,both,1,-37.62,-37.62,,0,,0.0,,0,,0.0,,0.0
KXETH,15,ppc,rolling,shrink50,10,middle,yes,1,-37.62,-37.62,,0,,0.0,,0,,0.0,,0.0
KXETH,15,ppc,rolling,shrink50,10,middle,no,0,,0.0,,0,,0.0,,0,,0.0,,0.0
KXETH,1,last,fixed,none,2,all,both,512,-5.288398437500001,-2707.6600000000003,-3.1607247886425793,258,-1.278992248062015,-329.9799999999999,-0.9491701880745708,274,0.43562043795620503,119.36000000000018,0.18777400499621774,373.28000000000003
KXETH,1,last,fixed,none,2,all,yes,225,-5.676888888888889,-1277.3,-2.053198083043095,146,-4.336986301369864,-633.2,-1.6239661402568104,95,4.668105263157895,443.4700000000001,1.1187269036317236,443.4700000000001
KXETH,1,last,fixed,none,2,all,no,287,-4.983832752613241,-1430.3600000000001,-2.5199660096042487,112,2.7073214285714284,303.21999999999997,1.015413943508945,179,-1.810670391061452,-324.1099999999999,-0.7533418486421314,-70.18999999999991
KXETH,1,last,fixed,none,2,cheap,both,38,2.5744736842105276,97.83000000000004,0.6027509834607623,8,11.337500000000002,90.70000000000002,0.9387827294855506,30,-5.018666666666666,-150.56,-1.1341569565660778,-150.56
KXETH,1,last,fixed,none,2,cheap,yes,37,3.0454054054054063,112.68000000000004,0.7034189086273175,8,11.337500000000002,90.70000000000002,0.9387827294855506,30,-5.018666666666666,-150.56,-1.1341569565660778,-150.56
KXETH,1,last,fixed,none,2,cheap,no,1,-14.850000000000001,-14.850000000000001,,0,,0.0,,0,,0.0,,0.0
KXETH,1,last,fixed,none,2,middle,both,339,-5.448938053097345,-1847.19,-2.59033839140364,172,-3.9962790697674406,-687.3599999999998,-2.0971747035316812,95,3.2011578947368426,304.11000000000007,0.7623481689762197,289.06000000000006
KXETH,1,last,fixed,none,2,middle,yes,182,-7.801318681318683,-1419.8400000000001,-2.2266920214819104,138,-5.245652173913043,-723.8999999999999,-2.089133860559735,65,9.138923076923076,594.03,1.6942259917262295,594.03
KXETH,1,last,fixed,none,2,middle,no,157,-2.7219745222929936,-427.35,-1.022104422312483,34,1.0747058823529407,36.539999999999985,0.15036497751517028,30,-9.664,-289.92,-1.706010227346125,-304.97
KXETH,1,last,fixed,none,5,all,both,180,1.3277777777777782,239.00000000000006,0.4705700834281434,64,-6.197031249999999,-396.60999999999996,-1.2790981788934257,57,0.2689473684210516,15.329999999999941,0.04487631953282015,59.11999999999999
KXETH,1,last,fixed,none,5,all,yes,92,1.9269565217391307,177.28000000000003,0.3707014233740852,52,-6.527115384615384,-339.40999999999997,-0.951242604283011,30,6.194333333333335,185.83000000000004,0.7034483763783482,185.83000000000004
KXETH,1,last,fixed,none,5,all,no,88,0.7013636363636361,61.71999999999997,0.2067683710988397,12,-4.766666666666666,-57.19999999999999,-0.39999297940142486,27,-6.314814814814815,-170.5,-1.217936748396068,-126.71000000000002
KXETH,1,last,fixed,none,5,cheap,both,8,0.6837500000000007,5.470000000000006,0.07318167230279818,2,35.150000000000006,70.30000000000001,,11,-2.594545454545455,-28.540000000000006,-0.28870706953864317,-28.540000000000006
KXETH,1,last,fixed,none,5,cheap,yes,7,2.9028571428571435,20.320000000000004,0.28993806015896767,2,35.150000000000006,70.30000000000001,,11,-2.594545454545455,-28.540000000000006,-0.28870706953864317,-28.540000000000006
KXETH,1,last,fixed,none,5,cheap,no,1,-14.850000000000001,-14.850000000000001,,0,,0.0,,0,,0.0,,0.0
KXETH,1,last,fixed,none,5,middle,both,154,2.24051948051948,345.0399999999999,0.6564594627855599,56,-9.375535714285714,-525.03,-1.8863355530541706,29,7.1162068965517244,206.37,0.9698682108495691,191.32
KXETH,1,last,fixed,none,5,middle,yes,85,1.8465882352941174,156.95999999999998,0.3212561389479405,50,-8.1942,-409.71,-1.2532625713040373,19,11.282631578947372,214.37000000000006,0.912669085009058,214.37000000000006
KXETH,1,last,fixed,none,5,middle,no,69,2.7257971014492752,188.07999999999998,0.6016398565123446,6,-19.220000000000002,-115.32000000000002,-0.9132199745608566,10,-0.7999999999999989,-7.999999999999989,-0.0990045783389961,-23.04999999999999
KXETH,1,last,fixed,none,10,all,both,54,4.376481481481481,236.32999999999998,1.0871308360757357,9,-20.45444444444444,-184.08999999999997,-1.003360500590023,3,45.199999999999996,135.6,3.199668782472664,135.6
KXETH,1,last,fixed,none,10,all,yes,35,4.7788571428571425,167.26,0.773527228846799,9,-20.45444444444444,-184.08999999999997,-1.003360500590023,1,70.58,70.58,,70.58
KXETH,1,last,fixed,none,10,all,no,19,3.6352631578947356,69.06999999999998,0.5150733646909825,0,,0.0,,2,32.51,65.02,,65.02
KXETH,1,last,fixed,none,10,cheap,both,2,36.205000000000005,72.41000000000001,,0,,0.0,,0,,0.0,,0.0
KXETH,1,last,fixed,none,10,cheap,yes,2,36.205000000000005,72.41000000000001,,0,,0.0,,0,,0.0,,0.0
KXETH,1,last,fixed,none,10,cheap,no,0,,0.0,,0,,0.0,,0,,0.0,,0.0
KXETH,1,last,fixed,none,10,middle,both,52,3.1523076923076925,163.92000000000002,0.7880118763823064,9,-20.45444444444444,-184.08999999999997,-1.003360500590023,3,45.199999999999996,135.6,3.199668782472664,135.6
KXETH,1,last,fixed,none,10,middle,yes,33,2.874242424242425,94.85000000000002,0.46028101009191585,9,-20.45444444444444,-184.08999999999997,-1.003360500590023,1,70.58,70.58,,70.58
KXETH,1,last,fixed,none,10,middle,no,19,3.6352631578947356,69.06999999999998,0.5150733646909825,0,,0.0,,2,32.51,65.02,,65.02
KXETH,1,last,fixed,volview,2,all,both,343,-5.107755102040817,-1751.96,-2.579413665037985,210,-1.5409999999999995,-323.6099999999999,-0.9734432786173143,230,2.2850434782608695,525.56,0.961411279094597,779.48
KXETH,1,last,fixed,volview,2,all,yes,139,-6.341151079136691,-881.4200000000001,-1.8046629483564982,134,-3.961716417910447,-530.8699999999999,-1.4245602753958373,91,4.402417582417583,400.62000000000006,0.9689497684458489,400.62000000000006
KXETH,1,last,fixed,volview,2,all,no,204,-4.267352941176471,-870.5400000000001,-1.5538942753360558,76,2.7271052631578945,207.26,0.9910330270943966,139,0.89884892086331,124.9400000000001,0.35211631190044723,378.8600000000001
KXETH,1,last,fixed,volview,2,cheap,both,25,7.364,184.1,1.1787298828384862,6,18.658333333333335,111.95000000000002,1.414270973711236,27,-4.434444444444444,-119.72999999999999,-0.9578360211026992,-119.72999999999999
KXETH,1,last,fixed,volview,2,cheap,yes,24,8.289583333333333,198.95,1.2997792681467584,6,18.658333333333335,111.95000000000002,1.414270973711236,27,-4.434444444444444,-119.72999999999999,-0.9578360211026992,-119.72999999999999
KXETH,1,last,fixed,volview,2,cheap,no,1,-14.850000000000001,-14.850000000000001,,0,,0.0,,0,,0.0,,0.0
KXETH,1,last,fixed,volview,2,middle,both,219,-5.189634703196348,-1136.5300000000002,-2.1480585801597165,136,-5.029117647058824,-683.96,-2.072409120820617,66,8.76757575757576,578.6600000000001,1.5747444117142504,563.6100000000001
KXETH,1,last,fixed,volview,2,middle,yes,115,-9.394521739130436,-1080.3700000000001,-2.0454829008910322,128,-5.022031249999999,-642.8199999999998,-1.947557021513862,64,8.130468750000002,520.3500000000001,1.3900058034816862,520.3500000000001
KXETH,1,last,fixed,volview,2,middle,no,104,-0.5400000000000005,-56.16000000000005,-0.13855209531085091,8,-5.142500000000001,-41.14000000000001,-0.36354264961650556,2,29.154999999999994,58.30999999999999,,43.25999999999999
KXETH,1,last,fixed,volview,5,all,both,140,0.40507142857142864,56.71000000000001,0.1425023641573045,55,-5.939090909090908,-326.6499999999999,-0.9135873318208729,47,3.506382978723403,164.79999999999995,0.5476384414789479,208.59
KXETH,1,last,fixed,volview,5,all,yes,68,-1.0719117647058818,-72.88999999999996,-0.16850816769850815,50,-5.819,-290.95,-0.842128640667311,30,6.194333333333335,185.83000000000004,0.7034483763783482,185.83000000000004
KXETH,1,last,fixed,volview,5,all,no,72,1.7999999999999996,129.59999999999997,0.4621920375695944,5,-7.140000000000001,-35.7,-0.47089216804002143,17,-1.2370588235294127,-21.030000000000015,-0.19879741556111194,22.759999999999984
KXETH,1,last,fixed,volview,5,cheap,both,7,2.752857142857143,19.270000000000003,0.21810305868726695,2,35.150000000000006,70.30000000000001,,11,-2.594545454545455,-28.540000000000006,-0.28870706953864317,-28.540000000000006
KXETH,1,last,fixed,volview,5,cheap,yes,6,5.686666666666667,34.120000000000005,0.4079736532647114,2,35.150000000000006,70.30000000000001,,11,-2.594545454545455,-28.540000000000006,-0.28870706953864317,-28.540000000000006
KXETH,1,last,fixed,volview,5,cheap,no,1,-14.850000000000001,-14.850000000000001,,0,,0.0,,0,,0.0,,0.0
KXETH,1,last,fixed,volview,5,middle,both,115,1.2952173913043472,148.94999999999993,0.35986368422003184,49,-8.711632653061224,-426.87,-1.284200803187493,21,12.984761904761907,272.68000000000006,1.2124554078742151,257.63000000000005
KXETH,1,last,fixed,volview,5,middle,yes,62,-1.7259677419354837,-107.00999999999999,-0.24655579019559037,48,-7.526041666666667,-361.25,-1.1455163000488329,19,11.282631578947372,214.37000000000006,0.912669085009058,214.37000000000006
KXETH,1,last,fixed,volview,5,middle,no,53,4.829433962264152,255.96000000000006,0.8714701002300054,1,-65.62,-65.62,,2,29.154999999999994,58.30999999999999,,43.25999999999999
KXETH,1,last,fixed,volview,10,all,both,38,6.048421052631579,229.84,1.0926377721027736,8,-20.631249999999998,-165.04999999999998,-0.9936709296494769,2,56.919999999999995,113.83999999999999,,113.83999999999999
KXETH,1,last,fixed,volview,10,all,yes,24,2.086250000000001,50.07000000000002,0.2225988592119523,8,-20.631249999999998,-165.04999999999998,-0.9936709296494769,1,70.58,70.58,,70.58
KXETH,1,last,fixed,volview,10,all,no,14,12.840714285714284,179.76999999999998,1.6583846815197347,0,,0.0,,1,43.25999999999999,43.25999999999999,,43.25999999999999
KXETH,1,last,fixed,volview,10,cheap,both,2,36.205000000000005,72.41000000000001,,0,,0.0,,0,,0.0,,0.0
KXETH,1,last,fixed,volview,10,cheap,yes,2,36.205000000000005,72.41000000000001,,0,,0.0,,0,,0.0,,0.0
KXETH,1,last,fixed,volview,10,cheap,no,0,,0.0,,0,,0.0,,0,,0.0,,0.0
KXETH,1,last,fixed,volview,10,middle,both,36,4.373055555555554,157.42999999999995,0.7875385147501806,8,-20.631249999999998,-165.04999999999998,-0.9936709296494769,2,56.919999999999995,113.83999999999999,,113.83999999999999
KXETH,1,last,fixed,volview,10,middle,yes,22,-1.0154545454545454,-22.339999999999996,-0.10534749269762007,8,-20.631249999999998,-165.04999999999998,-0.9936709296494769,1,70.58,70.58,,70.58
KXETH,1,last,fixed,volview,10,middle,no,14,12.840714285714284,179.76999999999998,1.6583846815197347,0,,0.0,,1,43.25999999999999,43.25999999999999,,43.25999999999999
KXETH,1,last,fixed,shrink25,2,all,both,16,6.2543750000000005,100.07000000000001,0.5866113929960086,1,-20.08,-20.08,,0,,0.0,,0.0
KXETH,1,last,fixed,shrink25,2,all,yes,13,6.0200000000000005,78.26,0.5254904241843824,1,-20.08,-20.08,,0,,0.0,,0.0
KXETH,1,last,fixed,shrink25,2,all,no,3,7.269999999999999,21.809999999999995,0.3961106327830231,0,,0.0,,0,,0.0,,0.0
KXETH,1,last,fixed,shrink25,2,cheap,both,1,85.15,85.15,,0,,0.0,,0,,0.0,,0.0
KXETH,1,last,fixed,shrink25,2,cheap,yes,1,85.15,85.15,,0,,0.0,,0,,0.0,,0.0
KXETH,1,last,fixed,shrink25,2,cheap,no,0,,0.0,,0,,0.0,,0,,0.0,,0.0
KXETH,1,last,fixed,shrink25,2,middle,both,15,0.9946666666666663,14.919999999999995,0.09908968188032867,1,-20.08,-20.08,,0,,0.0,,0.0
KXETH,1,last,fixed,shrink25,2,middle,yes,12,-0.5741666666666667,-6.890000000000001,-0.05612989380676993,1,-20.08,-20.08,,0,,0.0,,0.0
KXETH,1,last,fixed,shrink25,2,middle,no,3,7.269999999999999,21.809999999999995,0.3961106327830231,0,,0.0,,0,,0.0,,0.0
KXETH,1,last,fixed,shrink25,5,all,both,0,,0.0,,0,,0.0,,0,,0.0,,0.0
KXETH,1,last,fixed,shrink25,5,all,yes,0,,0.0,,0,,0.0,,0,,0.0,,0.0
KXETH,1,last,fixed,shrink25,5,all,no,0,,0.0,,0,,0.0,,0,,0.0,,0.0
KXETH,1,last,fixed,shrink25,5,cheap,both,0,,0.0,,0,,0.0,,0,,0.0,,0.0
KXETH,1,last,fixed,shrink25,5,cheap,yes,0,,0.0,,0,,0.0,,0,,0.0,,0.0
KXETH,1,last,fixed,shrink25,5,cheap,no,0,,0.0,,0,,0.0,,0,,0.0,,0.0
KXETH,1,last,fixed,shrink25,5,middle,both,0,,0.0,,0,,0.0,,0,,0.0,,0.0
KXETH,1,last,fixed,shrink25,5,middle,yes,0,,0.0,,0,,0.0,,0,,0.0,,0.0
KXETH,1,last,fixed,shrink25,5,middle,no,0,,0.0,,0,,0.0,,0,,0.0,,0.0
KXETH,1,last,fixed,shrink25,10,all,both,0,,0.0,,0,,0.0,,0,,0.0,,0.0
KXETH,1,last,fixed,shrink25,10,all,yes,0,,0.0,,0,,0.0,,0,,0.0,,0.0
KXETH,1,last,fixed,shrink25,10,all,no,0,,0.0,,0,,0.0,,0,,0.0,,0.0
KXETH,1,last,fixed,shrink25,10,cheap,both,0,,0.0,,0,,0.0,,0,,0.0,,0.0
KXETH,1,last,fixed,shrink25,10,cheap,yes,0,,0.0,,0,,0.0,,0,,0.0,,0.0
KXETH,1,last,fixed,shrink25,10,cheap,no,0,,0.0,,0,,0.0,,0,,0.0,,0.0
KXETH,1,last,fixed,shrink25,10,middle,both,0,,0.0,,0,,0.0,,0,,0.0,,0.0
KXETH,1,last,fixed,shrink25,10,middle,yes,0,,0.0,,0,,0.0,,0,,0.0,,0.0
KXETH,1,last,fixed,shrink25,10,middle,no,0,,0.0,,0,,0.0,,0,,0.0,,0.0
KXETH,1,last,fixed,shrink50,2,all,both,121,3.568264462809917,431.76,0.983421933185367,43,-5.396046511627907,-232.03000000000003,-1.152216345754172,26,3.3596153846153856,87.35000000000002,0.4134045090155299,72.30000000000003
KXETH,1,last,fixed,shrink50,2,all,yes,65,5.86676923076923,381.34,0.980086141201815,36,-4.626666666666666,-166.55999999999997,-0.6924568783619449,15,9.328000000000001,139.92000000000002,1.4852356166837255,139.92000000000002
KXETH,1,last,fixed,shrink50,2,all,no,56,0.9003571428571432,50.420000000000016,0.1809130068128883,7,-9.352857142857143,-65.47,-0.5099843625526778,11,-4.77909090909091,-52.57000000000001,-0.2772483265965295,-67.62
KXETH,1,last,fixed,shrink50,2,cheap,both,5,6.626,33.13,0.37174550415094504,2,35.150000000000006,70.30000000000001,,6,5.685,34.11,0.35148581408117674,34.11
KXETH,1,last,fixed,shrink50,2,cheap,yes,4,11.995000000000001,47.980000000000004,,2,35.150000000000006,70.30000000000001,,6,5.685,34.11,0.35148581408117674,34.11
KXETH,1,last,fixed,shrink50,2,cheap,no,1,-14.850000000000001,-14.850000000000001,,0,,0.0,,0,,0.0,,0.0
KXETH,1,last,fixed,shrink50,2,middle,both,105,4.530666666666668,475.7200000000001,1.1075219875606657,38,-8.696052631578947,-330.45,-1.9191033538445752,12,15.490000000000002,185.88000000000002,1.7838658064980057,170.83
KXETH,1,last,fixed,shrink50,2,middle,yes,61,5.464918032786884,333.35999999999996,0.8443473484879047,34,-6.9664705882352935,-236.85999999999999,-1.0946052511015896,9,11.756666666666668,105.81000000000002,1.0151717424345947,105.81000000000002
KXETH,1,last,fixed,shrink50,2,middle,no,44,3.2354545454545445,142.35999999999996,0.5196213423538891,4,-23.397500000000004,-93.59000000000002,-0.8126370074688885,3,26.689999999999998,80.07,3.1368921449535487,65.02
KXETH,1,last,fixed,shrink50,5,all,both,32,3.8093749999999984,121.89999999999995,0.6492899773039883,4,-3.3524999999999974,-13.40999999999999,-0.11102397905234351,0,,0.0,,0.0
KXETH,1,last,fixed,shrink50,5,all,yes,21,6.061904761904763,127.30000000000001,0.8348129783214515,4,-3.3524999999999974,-13.40999999999999,-0.11102397905234351,0,,0.0,,0.0
KXETH,1,last,fixed,shrink50,5,all,no,11,-0.49090909090909274,-5.40000000000002,-0.05282946854271198,0,,0.0,,0,,0.0,,0.0
KXETH,1,last,fixed,shrink50,5,cheap,both,1,85.15,85.15,,0,,0.0,,0,,0.0,,0.0
KXETH,1,last,fixed,shrink50,5,cheap,yes,1,85.15,85.15,,0,,0.0,,0,,0.0,,0.0
KXETH,1,last,fixed,shrink50,5,cheap,no,0,,0.0,,0,,0.0,,0,,0.0,,0.0
KXETH,1,last,fixed,shrink50,5,middle,both,31,1.1854838709677407,36.74999999999996,0.21657827105293595,4,-3.3524999999999974,-13.40999999999999,-0.11102397905234351,0,,0.0,,0.0
KXETH,1,last,fixed,shrink50,5,middle,yes,20,2.1075000000000004,42.150000000000006,0.3233916978466993,4,-3.3524999999999974,-13.40999999999999,-0.11102397905234351,0,,0.0,,0.0
KXETH,1,last,fixed,shrink50,5,middle,no,11,-0.49090909090909274,-5.40000000000002,-0.05282946854271198,0,,0.0,,0,,0.0,,0.0
KXETH,1,last,fixed,shrink50,10,all,both,2,3.9549999999999983,7.909999999999997,,0,,0.0,,0,,0.0,,0.0
KXETH,1,last,fixed,shrink50,10,all,yes,1,37.33,37.33,,0,,0.0,,0,,0.0,,0.0
KXETH,1,last,fixed,shrink50,10,all,no,1,-29.42,-29.42,,0,,0.0,,0,,0.0,,0.0
KXETH,1,last,fixed,shrink50,10,cheap,both,0,,0.0,,0,,0.0,,0,,0.0,,0.0
KXETH,1,last,fixed,shrink50,10,cheap,yes,0,,0.0,,0,,0.0,,0,,0.0,,0.0
KXETH,1,last,fixed,shrink50,10,cheap,no,0,,0.0,,0,,0.0,,0,,0.0,,0.0
KXETH,1,last,fixed,shrink50,10,middle,both,2,3.9549999999999983,7.909999999999997,,0,,0.0,,0,,0.0,,0.0
KXETH,1,last,fixed,shrink50,10,middle,yes,1,37.33,37.33,,0,,0.0,,0,,0.0,,0.0
KXETH,1,last,fixed,shrink50,10,middle,no,1,-29.42,-29.42,,0,,0.0,,0,,0.0,,0.0
KXETH,5,last,fixed,none,2,all,both,582,-0.9251546391752579,-538.44,-0.49757769697105897,286,-3.8748251748251756,-1108.2000000000003,-3.3018416872314424,249,-0.41899598393574267,-104.32999999999993,-0.25036177883447464,-40.43999999999971
KXETH,5,last,fixed,none,2,all,yes,253,0.5708300395256913,144.4199999999999,0.19826847681981977,163,-3.1261963190184043,-509.56999999999994,-1.3564093303858586,129,2.979689922480621,384.3800000000001,1.3354748456423051,405.5000000000001
KXETH,5,last,fixed,none,2,all,no,329,-2.0755623100303944,-682.8599999999998,-0.9769193453294256,123,-4.8669105691056895,-598.6299999999998,-2.110435407888972,120,-4.072583333333335,-488.71000000000015,-1.5142380083721005,-445.9400000000001
KXETH,5,last,fixed,none,2,cheap,both,49,-3.586734693877551,-175.75,-1.1492756600117426,8,10.676250000000001,85.41000000000001,0.8776467731785568,35,-0.19485714285714276,-6.819999999999997,-0.06121778898103676,-6.819999999999997
KXETH,5,last,fixed,none,2,cheap,yes,47,-5.347234042553192,-251.32000000000005,-2.09275106819958,8,10.676250000000001,85.41000000000001,0.8776467731785568,35,-0.19485714285714276,-6.819999999999997,-0.06121778898103676,-6.819999999999997
KXETH,5,last,fixed,none,2,cheap,no,2,37.785000000000004,75.57000000000001,,0,,0.0,,0,,0.0,,0.0
KXETH,5,last,fixed,none,2,middle,both,384,0.1552343749999999,59.60999999999996,0.0643000450932802,194,-4.61798969072165,-895.8900000000001,-2.1701001537203144,126,-0.9399999999999996,-118.43999999999996,-0.40196781300902185,-12.36999999999989
KXETH,5,last,fixed,none,2,middle,yes,203,1.894384236453202,384.56,0.5456750212279476,154,-3.9488961038961032,-608.1299999999999,-1.5735950101741807,94,4.161702127659575,391.2000000000001,1.3584837701416435,412.32
KXETH,5,last,fixed,none,2,middle,no,181,-1.7953038674033155,-324.9500000000001,-0.6171018019079527,40,-7.194,-287.76,-1.546545322649288,32,-15.92625,-509.64,-2.228208472603132,-424.68999999999994
KXETH,5,last,fixed,none,5,all,both,223,0.7572197309417033,168.85999999999981,0.2601980476711627,82,-5.013658536585366,-411.12,-1.5973431914526717,53,-0.7003773584905664,-37.12000000000002,-0.11191125806698866,47.829999999999984
KXETH,5,last,fixed,none,5,all,yes,119,2.143949579831932,255.12999999999988,0.6134480629021809,69,-6.484347826086957,-447.42,-1.4954373877782927,43,3.6188372093023258,155.61,0.5613223796626087,155.61
KXETH,5,last,fixed,none,5,all,no,104,-0.8295192307692306,-86.26999999999998,-0.18733174639015146,13,2.792307692307691,36.29999999999998,0.2413554306897168,10,-19.273,-192.73,-1.255580853776813,-107.77999999999999
KXETH,5,last,fixed,none,5,cheap,both,13,-1.8769230769230751,-24.399999999999977,-0.22538189855009527,1,-14.850000000000001,-14.850000000000001,,9,0.13333333333333483,1.2000000000000135,0.012637373689110954,1.2000000000000135
KXETH,5,last,fixed,none,5,cheap,yes,11,-9.088181818181816,-99.96999999999998,-4.136874668608682,1,-14.850000000000001,-14.850000000000001,,9,0.13333333333333483,1.2000000000000135,0.012637373689110954,1.2000000000000135
KXETH,5,last,fixed,none,5,cheap,no,2,37.785000000000004,75.57000000000001,,0,,0.0,,0,,0.0,,0.0
KXETH,5,last,fixed,none,5,middle,both,185,1.1395675675675674,210.81999999999996,0.34676242929864765,77,-5.633116883116883,-433.75,-1.6034478267119598,43,-1.0651162790697675,-45.8,-0.14808066441151926,39.150000000000006
KXETH,5,last,fixed,none,5,middle,yes,108,3.2879629629629625,355.09999999999997,0.8493993643482263,68,-6.361323529411765,-432.57,-1.4541844134873576,34,4.541470588235295,154.41000000000003,0.6187830421182097,154.41000000000003
KXETH,5,last,fixed,none,5,middle,no,77,-1.8737662337662337,-144.28,-0.34687950791343597,9,-0.13111111111111307,-1.1800000000000175,-0.007728668941191204,9,-22.245555555555555,-200.21,-1.34398947432111,-115.26
KXETH,5,last,fixed,none,10,all,both,67,2.96641791044776,198.74999999999994,0.6629398492790086,14,-0.6285714285714279,-8.79999999999999,-0.0675973562292285,4,-1.0324999999999998,-4.129999999999999,-0.03612062257779292,-4.129999999999999
KXETH,5,last,fixed,none,10,all,yes,41,1.2070731707317066,49.489999999999974,0.19017747539146115,13,-2.498461538461538,-32.47999999999999,-0.2589683587330713,4,-1.0324999999999998,-4.129999999999999,-0.03612062257779292,-4.129999999999999
KXETH,5,last,fixed,none,10,all,no,26,5.740769230769231,149.26,1.030713155391452,1,23.68,23.68,,0,,0.0,,0.0
KXETH,5,last,fixed,none,10,cheap,both,1,-5.34,-5.34,,0,,0.0,,0,,0.0,,0.0
KXETH,5,last,fixed,none,10,cheap,yes,1,-5.34,-5.34,,0,,0.0,,0,,0.0,,0.0
KXETH,5,last,fixed,none,10,cheap,no,0,,0.0,,0,,0.0,,0,,0.0,,0.0
KXETH,5,last,fixed,none,10,middle,both,66,3.092272727272726,204.08999999999992,0.6808159502350234,14,-0.6285714285714279,-8.79999999999999,-0.0675973562292285,4,-1.0324999999999998,-4.129999999999999,-0.03612062257779292,-4.129999999999999
KXETH,5,last,fixed,none,10,middle,yes,40,1.3707499999999997,54.829999999999984,0.21044691605363455,13,-2.498461538461538,-32.47999999999999,-0.2589683587330713,4,-1.0324999999999998,-4.129999999999999,-0.03612062257779292,-4.129999999999999
KXETH,5,last,fixed,none,10,middle,no,26,5.740769230769231,149.26,1.030713155391452,1,23.68,23.68,,0,,0.0,,0.0
KXETH,5,last,fixed,volview,2,all,both,438,-1.6560730593607307,-725.36,-0.8087927144836292,237,-4.722489451476792,-1119.2299999999998,-2.7866519680888566,208,1.6686538461538467,347.0800000000001,0.8571738429882566,410.9700000000002
KXETH,5,last,fixed,volview,2,all,yes,182,-1.9179670329670333,-349.07000000000005,-0.5699737194140146,143,-5.110909090909091,-730.86,-1.7131736046198758,116,3.001551724137932,348.1800000000001,1.0321494829583968,369.3000000000001
KXETH,5,last,fixed,volview,2,all,no,256,-1.4698828125000003,-376.2900000000001,-0.6333949062184311,94,-4.1315957446808484,-388.3699999999997,-1.6071398357660889,92,-0.011956521739129639,-1.0999999999999268,-0.0067733502005130255,41.67000000000008
KXETH,5,last,fixed,volview,2,cheap,both,41,-2.830975609756097,-116.07,-0.8085892586291582,7,14.021428571428572,98.15,0.9391531285246102,30,0.838000000000002,25.140000000000057,0.21089877877601076,25.140000000000057
KXETH,5,last,fixed,volview,2,cheap,yes,39,-4.913846153846154,-191.64000000000001,-1.743180866598066,7,14.021428571428572,98.15,0.9391531285246102,30,0.838000000000002,25.140000000000057,0.21089877877601076,25.140000000000057
KXETH,5,last,fixed,volview,2,cheap,no,2,37.785000000000004,75.57000000000001,,0,,0.0,,0,,0.0,,0.0
KXETH,5,last,fixed,volview,2,middle,both,275,-1.1351272727272732,-312.16000000000014,-0.4401076006325166,152,-5.655526315789473,-859.6399999999999,-1.767258371409857,92,2.4092391304347838,221.6500000000001,0.6509538490749402,327.72
KXETH,5,last,fixed,volview,2,middle,yes,143,-1.100909090909091,-157.43,-0.27156679346535695,136,-6.095661764705882,-829.01,-1.9456843779729152,86,3.7562790697674426,323.0400000000001,1.0205534982876967,344.1600000000001
KXETH,5,last,fixed,volview,2,middle,no,132,-1.1721969696969703,-154.73000000000008,-0.3355595422143416,16,-1.9143750000000006,-30.63000000000001,-0.19736301050284352,6,-16.89833333333333,-101.38999999999999,-1.0650445498869536,-16.43999999999998
KXETH,5,last,fixed,volview,5,all,both,193,0.19316062176165721,37.279999999999845,0.06648133835225736,71,-5.650281690140843,-401.16999999999985,-1.6079903538511282,45,2.6397777777777787,118.79000000000003,0.4113927905726968,203.74000000000004
KXETH,5,last,fixed,volview,5,all,yes,97,0.7424742268041228,72.01999999999991,0.18054996039878993,66,-6.961060606060604,-459.4299999999999,-1.7680372020966195,41,4.390000000000001,179.99000000000004,0.6650672550151623,179.99000000000004
KXETH,5,last,fixed,volview,5,all,no,96,-0.3618750000000004,-34.74000000000004,-0.08200864506294057,5,11.652000000000001,58.260000000000005,6.216544386937744,4,-15.299999999999997,-61.19999999999999,-0.5903339789790621,23.75000000000001
KXETH,5,last,fixed,volview,5,cheap,both,13,-1.8769230769230751,-24.399999999999977,-0.22538189855009527,1,-14.850000000000001,-14.850000000000001,,8,0.8175000000000017,6.540000000000013,0.06686729882962068,6.540000000000013
KXETH,5,last,fixed,volview,5,cheap,yes,11,-9.088181818181816,-99.96999999999998,-4.136874668608682,1,-14.850000000000001,-14.850000000000001,,8,0.8175000000000017,6.540000000000013,0.06686729882962068,6.540000000000013
KXETH,5,last,fixed,volview,5,cheap,no,2,37.785000000000004,75.57000000000001,,0,,0.0,,0,,0.0,,0.0
KXETH,5,last,fixed,volview,5,middle,both,156,0.5983333333333334,93.34,0.17974282251643336,67,-6.1149253731343265,-409.6999999999999,-1.6061138102690613,36,2.9102777777777793,104.77000000000005,0.39330745516033727,189.72000000000006
KXETH,5,last,fixed,volview,5,middle,yes,86,1.9998837209302336,171.9900000000001,0.4371989428548647,65,-6.839692307692306,-444.57999999999987,-1.7237190179152524,33,5.256060606060608,173.45000000000005,0.7114716067726684,173.45000000000005
KXETH,5,last,fixed,volview,5,middle,no,70,-1.1235714285714287,-78.65,-0.2084347585412955,2,17.439999999999998,34.879999999999995,,3,-22.89333333333333,-68.67999999999999,-0.6532639767664404,16.27000000000001
KXETH,5,last,fixed,volview,10,all,both,54,3.4374074074074064,185.61999999999995,0.7361628353437236,13,-2.498461538461538,-32.47999999999999,-0.2589683587330713,4,-1.0324999999999998,-4.129999999999999,-0.03612062257779292,-4.129999999999999
KXETH,5,last,fixed,volview,10,all,yes,29,-1.3444827586206882,-38.98999999999996,-0.1584996521659082,13,-2.498461538461538,-32.47999999999999,-0.2589683587330713,4,-1.0324999999999998,-4.129999999999999,-0.03612062257779292,-4.129999999999999
KXETH,5,last,fixed,volview,10,all,no,25,8.984399999999999,224.60999999999996,2.0927877792776344,0,,0.0,,0,,0.0,,0.0
KXETH,5,last,fixed,volview,10,cheap,both,1,-5.34,-5.34,,0,,0.0,,0,,0.0,,0.0
KXETH,5,last,fixed,volview,10,cheap,yes,1,-5.34,-5.34,,0,,0.0,,0,,0.0,,0.0
KXETH,5,last,fixed,volview,10,cheap,no,0,,0.0,,0,,0.0,,0,,0.0,,0.0
KXETH,5,last,fixed,volview,10,middle,both,53,3.603018867924527,190.95999999999992,0.7577158159353263,13,-2.498461538461538,-32.47999999999999,-0.2589683587330713,4,-1.0324999999999998,-4.129999999999999,-0.03612062257779292,-4.129999999999999
KXETH,5,last,fixed,volview,10,middle,yes,28,-1.2017857142857127,-33.649999999999956,-0.13656770123969184,13,-2.498461538461538,-32.47999999999999,-0.2589683587330713,4,-1.0324999999999998,-4.129999999999999,-0.03612062257779292,-4.129999999999999
KXETH,5,last,fixed,volview,10,middle,no,25,8.984399999999999,224.60999999999996,2.0927877792776344,0,,0.0,,0,,0.0,,0.0
KXETH,5,last,fixed,shrink25,2,all,both,20,7.269000000000001,145.38000000000002,0.9443612741379993,2,-19.56,-39.12,,0,,0.0,,0.0
KXETH,5,last,fixed,shrink25,2,all,yes,14,8.934285714285712,125.07999999999997,0.9707571570792292,2,-19.56,-39.12,,0,,0.0,,0.0
KXETH,5,last,fixed,shrink25,2,all,no,6,3.383333333333333,20.299999999999997,0.24873660639893994,0,,0.0,,0,,0.0,,0.0
KXETH,5,last,fixed,shrink25,2,cheap,both,0,,0.0,,0,,0.0,,0,,0.0,,0.0
KXETH,5,last,fixed,shrink25,2,cheap,yes,0,,0.0,,0,,0.0,,0,,0.0,,0.0
KXETH,5,last,fixed,shrink25,2,cheap,no,0,,0.0,,0,,0.0,,0,,0.0,,0.0
KXETH,5,last,fixed,shrink25,2,middle,both,20,7.269000000000001,145.38000000000002,0.9443612741379993,2,-19.56,-39.12,,0,,0.0,,0.0
KXETH,5,last,fixed,shrink25,2,middle,yes,14,8.934285714285712,125.07999999999997,0.9707571570792292,2,-19.56,-39.12,,0,,0.0,,0.0
KXETH,5,last,fixed,shrink25,2,middle,no,6,3.383333333333333,20.299999999999997,0.24873660639893994,0,,0.0,,0,,0.0,,0.0
KXETH,5,last,fixed,shrink25,5,all,both,0,,0.0,,0,,0.0,,0,,0.0,,0.0
KXETH,5,last,fixed,shrink25,5,all,yes,0,,0.0,,0,,0.0,,0,,0.0,,0.0
KXETH,5,last,fixed,shrink25,5,all,no,0,,0.0,,0,,0.0,,0,,0.0,,0.0
KXETH,5,last,fixed,shrink25,5,cheap,both,0,,0.0,,0,,0.0,,0,,0.0,,0.0
KXETH,5,last,fixed,shrink25,5,cheap,yes,0,,0.0,,0,,0.0,,0,,0.0,,0.0
KXETH,5,last,fixed,shrink25,5,cheap,no,0,,0.0,,0,,0.0,,0,,0.0,,0.0
KXETH,5,last,fixed,shrink25,5,middle,both,0,,0.0,,0,,0.0,,0,,0.0,,0.0
KXETH,5,last,fixed,shrink25,5,middle,yes,0,,0.0,,0,,0.0,,0,,0.0,,0.0
KXETH,5,last,fixed,shrink25,5,middle,no,0,,0.0,,0,,0.0,,0,,0.0,,0.0
KXETH,5,last,fixed,shrink25,10,all,both,0,,0.0,,0,,0.0,,0,,0.0,,0.0
KXETH,5,last,fixed,shrink25,10,all,yes,0,,0.0,,0,,0.0,,0,,0.0,,0.0
KXETH,5,last,fixed,shrink25,10,all,no,0,,0.0,,0,,0.0,,0,,0.0,,0.0
KXETH,5,last,fixed,shrink25,10,cheap,both,0,,0.0,,0,,0.0,,0,,0.0,,0.0
KXETH,5,last,fixed,shrink25,10,cheap,yes,0,,0.0,,0,,0.0,,0,,0.0,,0.0
KXETH,5,last,fixed,shrink25,10,cheap,no,0,,0.0,,0,,0.0,,0,,0.0,,0.0
KXETH,5,last,fixed,shrink25,10,middle,both,0,,0.0,,0,,0.0,,0,,0.0,,0.0
KXETH,5,last,fixed,shrink25,10,middle,yes,0,,0.0,,0,,0.0,,0,,0.0,,0.0
KXETH,5,last,fixed,shrink25,10,middle,no,0,,0.0,,0,,0.0,,0,,0.0,,0.0
KXETH,5,last,fixed,shrink50,2,all,both,150,2.459199999999999,368.8799999999999,0.624695724511293,55,-6.38381818181818,-351.1099999999999,-1.3157701841965332,29,3.2755172413793097,94.98999999999998,0.44351721497959745,94.98999999999998
KXETH,5,last,fixed,shrink50,2,all,yes,84,2.703809523809523,227.11999999999995,0.5705691619596337,49,-5.303469387755101,-259.86999999999995,-0.8515069802687649,23,6.627826086956522,152.44,0.8909660578485955,152.44
KXETH,5,last,fixed,shrink50,2,all,no,66,2.147878787878787,141.75999999999993,0.366204004256562,6,-15.20666666666667,-91.24000000000002,-0.6897636164293387,6,-9.575000000000001,-57.45000000000001,-0.37007953308459507,-57.45000000000001
KXETH,5,last,fixed,shrink50,2,cheap,both,10,0.325,3.25,0.03111132805125574,0,,0.0,,6,6.921666666666667,41.53,0.3993981713175332,41.53
KXETH,5,last,fixed,shrink50,2,cheap,yes,8,-9.040000000000001,-72.32000000000001,-5.636031291059006,0,,0.0,,6,6.921666666666667,41.53,0.3993981713175332,41.53
KXETH,5,last,fixed,shrink50,2,cheap,no,2,37.785000000000004,75.57000000000001,,0,,0.0,,0,,0.0,,0.0
KXETH,5,last,fixed,shrink50,2,middle,both,127,3.3384251968503933,423.97999999999996,0.7606751712780532,53,-6.924716981132074,-367.00999999999993,-1.3498353945601909,22,2.0899999999999994,45.97999999999999,0.23635975612100488,45.97999999999999
KXETH,5,last,fixed,shrink50,2,middle,yes,76,3.939999999999999,299.43999999999994,0.744518490934431,49,-5.303469387755101,-259.86999999999995,-0.8515069802687649,17,6.524117647058824,110.91000000000001,0.7435184533428503,110.91000000000001
KXETH,5,last,fixed,shrink50,2,middle,no,51,2.4419607843137254,124.53999999999999,0.3582972897413895,4,-26.784999999999997,-107.13999999999999,-0.8278885251083845,5,-12.986,-64.93,-0.4014713965903694,-64.93
KXETH,5,last,fixed,shrink50,5,all,both,41,9.184634146341462,376.57,1.801051580684054,6,-7.0283333333333315,-42.16999999999999,-0.37549358998151317,1,74.72,74.72,,74.72
KXETH,5,last,fixed,shrink50,5,all,yes,26,4.261153846153846,110.78999999999999,0.5391826429609496,6,-7.0283333333333315,-42.16999999999999,-0.37549358998151317,1,74.72,74.72,,74.72
KXETH,5,last,fixed,shrink50,5,all,no,15,17.718666666666664,265.78,5.90273574486422,0,,0.0,,0,,0.0,,0.0
KXETH,5,last,fixed,shrink50,5,cheap,both,0,,0.0,,0,,0.0,,0,,0.0,,0.0
KXETH,5,last,fixed,shrink50,5,cheap,yes,0,,0.0,,0,,0.0,,0,,0.0,,0.0
KXETH,5,last,fixed,shrink50,5,cheap,no,0,,0.0,,0,,0.0,,0,,0.0,,0.0
KXETH,5,last,fixed,shrink50,5,middle,both,41,9.184634146341462,376.57,1.801051580684054,6,-7.0283333333333315,-42.16999999999999,-0.37549358998151317,1,74.72,74.72,,74.72
KXETH,5,last,fixed,shrink50,5,middle,yes,26,4.261153846153846,110.78999999999999,0.5391826429609496,6,-7.0283333333333315,-42.16999999999999,-0.37549358998151317,1,74.72,74.72,,74.72
KXETH,5,last,fixed,shrink50,5,middle,no,15,17.718666666666664,265.78,5.90273574486422,0,,0.0,,0,,0.0,,0.0
KXETH,5,last,fixed,shrink50,10,all,both,5,26.97,134.85,6.303703066480126,0,,0.0,,0,,0.0,,0.0
KXETH,5,last,fixed,shrink50,10,all,yes,4,40.55,162.2,3.3283713844658216,0,,0.0,,0,,0.0,,0.0
KXETH,5,last,fixed,shrink50,10,all,no,1,-27.35,-27.35,,0,,0.0,,0,,0.0,,0.0
KXETH,5,last,fixed,shrink50,10,cheap,both,0,,0.0,,0,,0.0,,0,,0.0,,0.0
KXETH,5,last,fixed,shrink50,10,cheap,yes,0,,0.0,,0,,0.0,,0,,0.0,,0.0
KXETH,5,last,fixed,shrink50,10,cheap,no,0,,0.0,,0,,0.0,,0,,0.0,,0.0
KXETH,5,last,fixed,shrink50,10,middle,both,5,26.97,134.85,6.303703066480126,0,,0.0,,0,,0.0,,0.0
KXETH,5,last,fixed,shrink50,10,middle,yes,4,40.55,162.2,3.3283713844658216,0,,0.0,,0,,0.0,,0.0
KXETH,5,last,fixed,shrink50,10,middle,no,1,-27.35,-27.35,,0,,0.0,,0,,0.0,,0.0
KXETH,15,last,fixed,none,2,all,both,644,1.1879658385093168,765.0500000000001,0.8170131583762156,352,0.5473295454545458,192.66000000000014,0.4222220252002872,266,3.091428571428572,822.3200000000002,1.0221141570367636,731.53
KXETH,15,last,fixed,none,2,all,yes,268,2.1498134328358214,576.1500000000001,0.8605567261018447,176,-0.7626136363636362,-134.21999999999997,-0.28530628621404486,134,4.2344029850746265,567.41,0.9437209783437315,505.49
KXETH,15,last,fixed,none,2,all,no,376,0.5023936170212763,188.89999999999986,0.27954195190250797,176,1.8572727272727279,326.8800000000001,1.8295765572270044,132,1.9311363636363637,254.91,0.9268988777229543,226.04
KXETH,15,last,fixed,none,2,cheap,both,63,-2.3200000000000007,-146.16000000000005,-1.1071874577804446,12,6.837500000000001,82.05000000000001,0.7504700993234723,37,4.301891891891891,159.17,0.8421456136095665,159.17
KXETH,15,last,fixed,none,2,cheap,yes,58,-3.2913793103448277,-190.9,-2.1032914805616585,12,6.837500000000001,82.05000000000001,0.7504700993234723,37,4.301891891891891,159.17,0.8421456136095665,159.17
KXETH,15,last,fixed,none,2,cheap,no,5,8.947999999999999,44.739999999999995,0.38159149435379186,0,,0.0,,0,,0.0,,0.0
KXETH,15,last,fixed,none,2,middle,both,407,2.503660933660934,1018.99,1.2119535292985562,219,0.49675799086757977,108.78999999999996,0.2625667780913806,135,4.193407407407408,566.11,0.9013663002528378,505.2800000000001
KXETH,15,last,fixed,none,2,middle,yes,205,3.655414634146342,749.3600000000001,1.131045633344125,163,-1.401656441717791,-228.46999999999994,-0.5306320843395326,96,4.2039583333333335,403.58000000000004,0.6895704879677423,341.65999999999997
KXETH,15,last,fixed,none,2,middle,no,202,1.3348019801980193,269.6299999999999,0.4577206412022406,56,6.022499999999999,337.25999999999993,1.9092150921166147,39,4.167435897435897,162.53,0.9063389577592034,163.61999999999998
KXETH,15,last,fixed,none,5,all,both,235,0.45417021276595826,106.73000000000019,0.16142867191260868,122,-0.39450819672131104,-48.129999999999946,-0.10764557806387026,77,5.341168831168831,411.27000000000004,1.146053351610931,397.51
KXETH,15,last,fixed,none,5,all,yes,122,2.496311475409836,304.54999999999995,0.6551249519660718,93,-1.6477419354838707,-153.23999999999998,-0.4419941480028492,61,7.926885245901639,483.53999999999996,1.45967745143224,421.62
KXETH,15,last,fixed,none,5,all,no,113,-1.7506194690265486,-197.82,-0.46510928777494837,29,3.624482758620692,105.11000000000007,0.6671110127766516,16,-4.516875000000001,-72.27000000000001,-0.5160351639613103,-24.110000000000007
KXETH,15,last,fixed,none,5,cheap,both,12,-0.4474999999999992,-5.36999999999999,-0.052121987902826655,2,35.675,71.35,,16,0.4168750000000001,6.670000000000002,0.048529666244979223,6.670000000000002
KXETH,15,last,fixed,none,5,cheap,yes,10,-8.305,-83.05,-3.1467488753458612,2,35.675,71.35,,16,0.4168750000000001,6.670000000000002,0.048529666244979223,6.670000000000002
KXETH,15,last,fixed,none,5,cheap,no,2,38.84,77.68,,0,,0.0,,0,,0.0,,0.0
KXETH,15,last,fixed,none,5,middle,both,200,0.29884999999999934,59.76999999999987,0.09188624237329572,110,-1.0717272727272726,-117.88999999999999,-0.2957320295729832,59,6.5722033898305074,387.75999999999993,1.0821013156774428,373.99999999999994
KXETH,15,last,fixed,none,5,middle,yes,112,3.4607142857142863,387.6000000000001,0.8404093653037028,91,-2.4680219780219783,-224.59000000000003,-0.7199860615210399,45,10.597111111111111,476.87,1.3849373945781456,414.95000000000005
KXETH,15,last,fixed,none,5,middle,no,88,-3.72534090909091,-327.8300000000001,-0.8524845546728991,19,5.615789473684211,106.70000000000002,0.7305026024910523,14,-6.364999999999999,-89.10999999999999,-0.6440874108971334,-40.94999999999998
KXETH,15,last,fixed,none,10,all,both,80,8.847874999999998,707.8299999999999,1.772299196355488,31,-6.333870967741936,-196.35,-1.5339181391409809,8,3.635,29.08,0.2915949999672024,29.08
KXETH,15,last,fixed,none,10,all,yes,50,9.343599999999999,467.1799999999999,1.378657483277442,29,-8.87241379310345,-257.3,-2.151480244092434,6,7.905,47.43,0.4831939293853376,47.43
KXETH,15,last,fixed,none,10,all,no,30,8.021666666666663,240.6499999999999,1.121066636232832,2,30.475,60.95,,2,-9.175,-18.35,,-18.35
KXETH,15,last,fixed,none,10,cheap,both,1,-5.34,-5.34,,0,,0.0,,0,,0.0,,0.0
KXETH,15,last,fixed,none,10,cheap,yes,1,-5.34,-5.34,,0,,0.0,,0,,0.0,,0.0
KXETH,15,last,fixed,none,10,cheap,no,0,,0.0,,0,,0.0,,0,,0.0,,0.0
KXETH,15,last,fixed,none,10,middle,both,77,8.895714285714284,684.9699999999999,1.7316555218022567,31,-6.333870967741936,-196.35,-1.5339181391409809,8,3.635,29.08,0.2915949999672024,29.08
KXETH,15,last,fixed,none,10,middle,yes,49,9.643265306122448,472.52,1.3974311439293443,29,-8.87241379310345,-257.3,-2.151480244092434,6,7.905,47.43,0.4831939293853376,47.43
KXETH,15,last,fixed,none,10,middle,no,28,7.5874999999999995,212.45,0.999969136881357,2,30.475,60.95,,2,-9.175,-18.35,,-18.35
KXETH,15,last,fixed,volview,2,all,both,473,0.9543128964059195,451.38999999999993,0.5371180512433585,286,-0.06671328671328597,-19.079999999999785,-0.03389175169841296,210,3.3353333333333337,700.4200000000001,0.9007567111596523,641.6500000000001
KXETH,15,last,fixed,volview,2,all,yes,186,1.0130107526881722,188.42000000000004,0.31339474781792714,145,-1.306551724137931,-189.45,-0.408467454800133,117,6.36957264957265,745.24,1.2884583021318874,683.32
KXETH,15,last,fixed,volview,2,all,no,287,0.9162717770034844,262.97,0.5323498899846033,141,1.2082978723404263,170.37000000000012,0.7771878370264359,93,-0.48193548387096813,-44.820000000000036,-0.18676551051917867,-41.67000000000003
KXETH,15,last,fixed,volview,2,cheap,both,56,-1.6978571428571432,-95.08000000000001,-0.801992698648778,8,13.188750000000002,105.51000000000002,1.0393258018268325,27,6.479629629629631,174.95000000000005,1.0248047239187235,174.95000000000005
KXETH,15,last,fixed,volview,2,cheap,yes,53,-3.1588679245283022,-167.42000000000002,-1.8677797473632518,8,13.188750000000002,105.51000000000002,1.0393258018268325,27,6.479629629629631,174.95000000000005,1.0248047239187235,174.95000000000005
KXETH,15,last,fixed,volview,2,cheap,no,3,24.113333333333333,72.34,0.7258224246615147,0,,0.0,,0,,0.0,,0.0
KXETH,15,last,fixed,volview,2,middle,both,277,2.1399999999999997,592.78,0.7734196537615967,162,-1.0559876543209876,-171.07,-0.36782874993006526,99,4.302121212121212,425.90999999999997,0.7068275280283425,397.0999999999999
KXETH,15,last,fixed,volview,2,middle,yes,132,2.6746212121212123,353.05,0.598673712396296,137,-2.1529927007299263,-294.9599999999999,-0.6907492982898584,90,6.336555555555555,570.29,1.017552249300355,508.37
KXETH,15,last,fixed,volview,2,middle,no,145,1.653310344827586,239.73,0.5739097960724964,25,4.955600000000001,123.89000000000004,0.8799265697939681,9,-16.042222222222225,-144.38000000000002,-2.0036415202465605,-111.27000000000001
KXETH,15,last,fixed,volview,5,all,both,195,1.866666666666667,364.00000000000006,0.5857454165486538,104,-1.8522115384615374,-192.62999999999988,-0.4990482661973887,68,5.609264705882353,381.43,1.0780471878016133,367.67
KXETH,15,last,fixed,volview,5,all,yes,96,2.0686458333333335,198.59000000000003,0.4231930678474011,83,-3.0303614457831314,-251.5199999999999,-0.8225666922443828,61,7.926885245901639,483.53999999999996,1.45967745143224,421.62
KXETH,15,last,fixed,volview,5,all,no,99,1.670808080808081,165.41000000000003,0.4757046279776813,21,2.804285714285715,58.89000000000002,0.3911669775561145,7,-14.58714285714286,-102.11000000000001,-1.6046511782391564,-53.95
KXETH,15,last,fixed,volview,5,cheap,both,12,-0.4474999999999992,-5.36999999999999,-0.052121987902826655,2,35.675,71.35,,16,0.4168750000000001,6.670000000000002,0.048529666244979223,6.670000000000002
KXETH,15,last,fixed,volview,5,cheap,yes,10,-8.305,-83.05,-3.1467488753458612,2,35.675,71.35,,16,0.4168750000000001,6.670000000000002,0.048529666244979223,6.670000000000002
KXETH,15,last,fixed,volview,5,cheap,no,2,38.84,77.68,,0,,0.0,,0,,0.0,,0.0
KXETH,15,last,fixed,volview,5,middle,both,163,1.5328834355828216,249.85999999999993,0.3994961872006501,92,-2.852065217391304,-262.39,-0.761827708878967,50,7.1584,357.92,0.9940341057337838,344.16
KXETH,15,last,fixed,volview,5,middle,yes,86,3.2748837209302333,281.64000000000004,0.5979732623815549,81,-3.9860493827160495,-322.87,-1.2238451306941862,45,10.597111111111111,476.87,1.3849373945781456,414.95000000000005
KXETH,15,last,fixed,volview,5,middle,no,77,-0.41272727272727266,-31.779999999999994,-0.09635520993466651,11,5.498181818181816,60.47999999999998,0.4135099569869354,5,-23.790000000000003,-118.95000000000002,-3.8283360841052567,-70.79
KXETH,15,last,fixed,volview,10,all,both,68,10.95676470588235,745.0599999999998,1.885239261371071,27,-11.900740740740739,-321.31999999999994,-2.3856553850044797,7,-0.6171428571428572,-4.32,-0.03777435122189751,-4.32
KXETH,15,last,fixed,volview,10,all,yes,40,11.39175,455.67,1.4666596555747355,27,-11.900740740740739,-321.31999999999994,-2.3856553850044797,6,7.905,47.43,0.4831939293853376,47.43
KXETH,15,last,fixed,volview,10,all,no,28,10.335357142857145,289.39000000000004,1.4260811041124863,0,,0.0,,1,-51.75,-51.75,,-51.75
KXETH,15,last,fixed,volview,10,cheap,both,1,-5.34,-5.34,,0,,0.0,,0,,0.0,,0.0
KXETH,15,last,fixed,volview,10,cheap,yes,1,-5.34,-5.34,,0,,0.0,,0,,0.0,,0.0
KXETH,15,last,fixed,volview,10,cheap,no,0,,0.0,,0,,0.0,,0,,0.0,,0.0
KXETH,15,last,fixed,volview,10,middle,both,65,11.110769230769227,722.1999999999998,1.8466966902904838,27,-11.900740740740739,-321.31999999999994,-2.3856553850044797,7,-0.6171428571428572,-4.32,-0.03777435122189751,-4.32
KXETH,15,last,fixed,volview,10,middle,yes,39,11.82076923076923,461.01,1.4877044559252555,27,-11.900740740740739,-321.31999999999994,-2.3856553850044797,6,7.905,47.43,0.4831939293853376,47.43
KXETH,15,last,fixed,volview,10,middle,no,26,10.045769230769231,261.19,1.3003641123851837,0,,0.0,,1,-51.75,-51.75,,-51.75
KXETH,15,last,fixed,shrink25,2,all,both,23,10.544347826086957,242.52,1.1407096493044915,5,-2.1639999999999957,-10.819999999999979,-0.1004163901127389,1,70.58,70.58,,70.58
KXETH,15,last,fixed,shrink25,2,all,yes,15,16.465333333333334,246.98000000000002,1.3402461501045098,5,-2.1639999999999957,-10.819999999999979,-0.1004163901127389,1,70.58,70.58,,70.58
KXETH,15,last,fixed,shrink25,2,all,no,8,-0.5575000000000001,-4.460000000000001,-0.04339646338100984,0,,0.0,,0,,0.0,,0.0
KXETH,15,last,fixed,shrink25,2,cheap,both,0,,0.0,,0,,0.0,,0,,0.0,,0.0
KXETH,15,last,fixed,shrink25,2,cheap,yes,0,,0.0,,0,,0.0,,0,,0.0,,0.0
KXETH,15,last,fixed,shrink25,2,cheap,no,0,,0.0,,0,,0.0,,0,,0.0,,0.0
KXETH,15,last,fixed,shrink25,2,middle,both,23,10.544347826086957,242.52,1.1407096493044915,5,-2.1639999999999957,-10.819999999999979,-0.1004163901127389,1,70.58,70.58,,70.58
KXETH,15,last,fixed,shrink25,2,middle,yes,15,16.465333333333334,246.98000000000002,1.3402461501045098,5,-2.1639999999999957,-10.819999999999979,-0.1004163901127389,1,70.58,70.58,,70.58
KXETH,15,last,fixed,shrink25,2,middle,no,8,-0.5575000000000001,-4.460000000000001,-0.04339646338100984,0,,0.0,,0,,0.0,,0.0
KXETH,15,last,fixed,shrink25,5,all,both,0,,0.0,,0,,0.0,,0,,0.0,,0.0
KXETH,15,last,fixed,shrink25,5,all,yes,0,,0.0,,0,,0.0,,0,,0.0,,0.0
KXETH,15,last,fixed,shrink25,5,all,no,0,,0.0,,0,,0.0,,0,,0.0,,0.0
KXETH,15,last,fixed,shrink25,5,cheap,both,0,,0.0,,0,,0.0,,0,,0.0,,0.0
KXETH,15,last,fixed,shrink25,5,cheap,yes,0,,0.0,,0,,0.0,,0,,0.0,,0.0
KXETH,15,last,fixed,shrink25,5,cheap,no,0,,0.0,,0,,0.0,,0,,0.0,,0.0
KXETH,15,last,fixed,shrink25,5,middle,both,0,,0.0,,0,,0.0,,0,,0.0,,0.0
KXETH,15,last,fixed,shrink25,5,middle,yes,0,,0.0,,0,,0.0,,0,,0.0,,0.0
KXETH,15,last,fixed,shrink25,5,middle,no,0,,0.0,,0,,0.0,,0,,0.0,,0.0
KXETH,15,last,fixed,shrink25,10,all,both,0,,0.0,,0,,0.0,,0,,0.0,,0.0
KXETH,15,last,fixed,shrink25,10,all,yes,0,,0.0,,0,,0.0,,0,,0.0,,0.0
KXETH,15,last,fixed,shrink25,10,all,no,0,,0.0,,0,,0.0,,0,,0.0,,0.0
KXETH,15,last,fixed,shrink25,10,cheap,both,0,,0.0,,0,,0.0,,0,,0.0,,0.0
KXETH,15,last,fixed,shrink25,10,cheap,yes,0,,0.0,,0,,0.0,,0,,0.0,,0.0
KXETH,15,last,fixed,shrink25,10,cheap,no,0,,0.0,,0,,0.0,,0,,0.0,,0.0
KXETH,15,last,fixed,shrink25,10,middle,both,0,,0.0,,0,,0.0,,0,,0.0,,0.0
KXETH,15,last,fixed,shrink25,10,middle,yes,0,,0.0,,0,,0.0,,0,,0.0,,0.0
KXETH,15,last,fixed,shrink25,10,middle,no,0,,0.0,,0,,0.0,,0,,0.0,,0.0
KXETH,15,last,fixed,shrink50,2,all,both,153,5.261372549019608,804.99,1.436075884073941,77,-2.0983116883116866,-161.56999999999988,-0.4941831124969594,45,3.7964444444444445,170.84,0.6839039255731139,253.08999999999997
KXETH,15,last,fixed,shrink50,2,all,yes,88,6.44568181818182,567.2200000000001,1.2517590626438206,65,-3.7373846153846144,-242.92999999999995,-0.9681459279048913,39,5.34923076923077,208.62000000000003,0.8796592127324712,227.66000000000003
KXETH,15,last,fixed,shrink50,2,all,no,65,3.658,237.76999999999998,0.7568522251738733,12,6.780000000000001,81.36000000000001,0.6890648479018698,6,-6.296666666666667,-37.78,-0.44956568735392516,25.43
KXETH,15,last,fixed,shrink50,2,cheap,both,8,4.1225000000000005,32.980000000000004,0.2955724553671346,1,86.2,86.2,,12,-3.6183333333333327,-43.419999999999995,-0.4304252171196567,-43.419999999999995
KXETH,15,last,fixed,shrink50,2,cheap,yes,6,-7.45,-44.7,,1,86.2,86.2,,12,-3.6183333333333327,-43.419999999999995,-0.4304252171196567,-43.419999999999995
KXETH,15,last,fixed,shrink50,2,cheap,no,2,38.84,77.68,,0,,0.0,,0,,0.0,,0.0
KXETH,15,last,fixed,shrink50,2,middle,both,136,5.638970588235295,766.9000000000001,1.3692693167389987,72,-2.559722222222221,-184.2999999999999,-0.6982727645884939,32,6.4325,205.84,0.8842855513684715,288.0899999999999
KXETH,15,last,fixed,shrink50,2,middle,yes,82,7.462439024390243,611.92,1.3647940280417612,64,-5.142656249999998,-329.1299999999999,-1.4345449812235784,27,9.334814814814813,252.03999999999996,1.1490626936718935,271.0799999999999
KXETH,15,last,fixed,shrink50,2,middle,no,54,2.8700000000000006,154.98000000000002,0.4980140221215382,8,18.10375,144.83,10.88556975763889,5,-9.24,-46.2,-0.5404852971362458,17.009999999999998
KXETH,15,last,fixed,shrink50,5,all,both,48,7.372083333333333,353.86,1.045286951351032,14,-8.379285714285716,-117.31000000000002,-0.7236907358613196,1,70.58,70.58,,70.58
KXETH,15,last,fixed,shrink50,5,all,yes,30,12.529333333333335,375.88000000000005,1.5656984404545362,13,-11.143076923076924,-144.86,-0.8382643844388601,1,70.58,70.58,,70.58
KXETH,15,last,fixed,shrink50,5,all,no,18,-1.2233333333333336,-22.020000000000003,-0.1145626140338435,1,27.55,27.55,,0,,0.0,,0.0
KXETH,15,last,fixed,shrink50,5,cheap,both,0,,0.0,,0,,0.0,,0,,0.0,,0.0
KXETH,15,last,fixed,shrink50,5,cheap,yes,0,,0.0,,0,,0.0,,0,,0.0,,0.0
KXETH,15,last,fixed,shrink50,5,cheap,no,0,,0.0,,0,,0.0,,0,,0.0,,0.0
KXETH,15,last,fixed,shrink50,5,middle,both,48,7.372083333333333,353.86,1.045286951351032,14,-8.379285714285716,-117.31000000000002,-0.7236907358613196,1,70.58,70.58,,70.58
KXETH,15,last,fixed,shrink50,5,middle,yes,30,12.529333333333335,375.88000000000005,1.5656984404545362,13,-11.143076923076924,-144.86,-0.8382643844388601,1,70.58,70.58,,70.58
KXETH,15,last,fixed,shrink50,5,middle,no,18,-1.2233333333333336,-22.020000000000003,-0.1145626140338435,1,27.55,27.55,,0,,0.0,,0.0
KXETH,15,last,fixed,shrink50,10,all,both,2,-32.485,-64.97,,2,-22.68,-45.36,,0,,0.0,,0.0
KXETH,15,last,fixed,shrink50,10,all,yes,2,-32.485,-64.97,,2,-22.68,-45.36,,0,,0.0,,0.0
KXETH,15,last,fixed,shrink50,10,all,no,0,,0.0,,0,,0.0,,0,,0.0,,0.0
KXETH,15,last,fixed,shrink50,10,cheap,both,0,,0.0,,0,,0.0,,0,,0.0,,0.0
KXETH,15,last,fixed,shrink50,10,cheap,yes,0,,0.0,,0,,0.0,,0,,0.0,,0.0
KXETH,15,last,fixed,shrink50,10,cheap,no,0,,0.0,,0,,0.0,,0,,0.0,,0.0
KXETH,15,last,fixed,shrink50,10,middle,both,2,-32.485,-64.97,,2,-22.68,-45.36,,0,,0.0,,0.0
KXETH,15,last,fixed,shrink50,10,middle,yes,2,-32.485,-64.97,,2,-22.68,-45.36,,0,,0.0,,0.0
KXETH,15,last,fixed,shrink50,10,middle,no,0,,0.0,,0,,0.0,,0,,0.0,,0.0
KXETH,1,last,rolling,none,2,all,both,506,-4.800335968379447,-2428.9700000000003,-2.9071798326233207,259,-2.3268725868725864,-602.6599999999999,-1.565540711185359,364,0.2676648351648353,97.43000000000005,0.12462652701403135,520.83
KXETH,1,last,rolling,none,2,all,yes,214,-4.897336448598132,-1048.0300000000002,-1.7253455855071675,148,-4.851689189189189,-718.05,-1.864878375678471,148,0.7389864864864871,109.37000000000009,0.23181278326864288,202.2000000000001
KXETH,1,last,rolling,none,2,all,no,292,-4.729246575342466,-1380.94,-2.6449447990426633,111,1.0395495495495488,115.38999999999992,0.36672392846723145,216,-0.05527777777777731,-11.939999999999898,-0.02470486765782247,318.63000000000005
KXETH,1,last,rolling,none,2,cheap,both,39,2.4535897435897436,95.69,0.5886656332133804,7,13.871428571428575,97.10000000000002,1.0344760274255798,36,-6.5694444444444455,-236.50000000000003,-1.9240850890226056,-236.50000000000003
KXETH,1,last,rolling,none,2,cheap,yes,38,2.9089473684210523,110.53999999999999,0.6889124672116065,7,13.871428571428575,97.10000000000002,1.0344760274255798,36,-6.5694444444444455,-236.50000000000003,-1.9240850890226056,-236.50000000000003
KXETH,1,last,rolling,none,2,cheap,no,1,-14.850000000000001,-14.850000000000001,,0,,0.0,,0,,0.0,,0.0
KXETH,1,last,rolling,none,2,middle,both,337,-4.8560534124629084,-1636.49,-2.321437220458849,174,-5.527183908045976,-961.7299999999999,-2.6461080661418737,133,1.9312781954887233,256.8600000000002,0.5448245898709423,334.64000000000004
KXETH,1,last,rolling,none,2,middle,yes,171,-6.922631578947368,-1183.77,-1.9221189124650744,141,-5.781205673758865,-815.1499999999999,-2.376396653113217,111,3.0739639639639647,341.2100000000001,0.7858609666499969,434.0400000000001
KXETH,1,last,rolling,none,2,middle,no,166,-2.727228915662651,-452.72,-1.1022922726826678,33,-4.441818181818181,-146.57999999999998,-0.6035039437180647,22,-3.8340909090909108,-84.35000000000004,-0.6041296074662007,-99.40000000000003
KXETH,1,last,rolling,none,5,all,both,177,1.7066666666666659,302.07999999999987,0.6522416984218391,67,-4.3958208955223865,-294.5199999999999,-0.9840399501108178,76,2.9990789473684223,227.9300000000001,0.5049213138815773,363.3000000000001
KXETH,1,last,rolling,none,5,all,yes,86,3.474534883720929,298.8099999999999,0.7162698170449321,53,-5.227735849056603,-277.06999999999994,-0.8286967003877067,47,9.769361702127659,459.15999999999997,1.299059274971832,459.15999999999997
KXETH,1,last,rolling,none,5,all,no,91,0.03593406593406511,3.269999999999925,0.010966449832413284,14,-1.2464285714285717,-17.450000000000003,-0.11327993909539458,29,-7.973448275862069,-231.23,-1.0548699770451766,-95.86000000000001
KXETH,1,last,rolling,none,5,cheap,both,9,-0.10333333333333489,-0.9300000000000139,-0.01277689289488725,2,35.150000000000006,70.30000000000001,,14,-4.844285714285713,-67.82,-0.7383439183264935,-67.82
KXETH,1,last,rolling,none,5,cheap,yes,8,1.7399999999999984,13.919999999999987,0.2022588612987818,2,35.150000000000006,70.30000000000001,,14,-4.844285714285713,-67.82,-0.7383439183264935,-67.82
KXETH,1,last,rolling,none,5,cheap,no,1,-14.850000000000001,-14.850000000000001,,0,,0.0,,0,,0.0,,0.0
KXETH,1,last,rolling,none,5,middle,both,150,2.731933333333333,409.78999999999996,0.851059247117801,58,-7.502413793103447,-435.13999999999993,-1.6662972353535792,39,13.018717948717946,507.72999999999985,1.6043609293930496,492.67999999999984
KXETH,1,last,rolling,none,5,middle,yes,78,3.6524358974358964,284.88999999999993,0.6645453345471715,51,-6.811176470588233,-347.3699999999999,-1.155514756860654,33,15.969090909090907,526.9799999999999,1.615191416323857,526.9799999999999
KXETH,1,last,rolling,none,5,middle,no,72,1.7347222222222216,124.89999999999995,0.38851597051051323,7,-12.53857142857143,-87.77000000000001,-0.6518796699346602,6,-3.2083333333333326,-19.249999999999996,-0.16258037351514718,-34.3
KXETH,1,last,rolling,none,10,all,both,53,6.597358490566036,349.6599999999999,1.5761335523850406,10,-20.313,-203.13,-1.1304791787338047,7,0.705714285714288,4.9400000000000155,0.0280340079860214,4.9400000000000155
KXETH,1,last,rolling,none,10,all,yes,34,9.471176470588237,322.02000000000004,1.5334600374870362,10,-20.313,-203.13,-1.1304791787338047,7,0.705714285714288,4.9400000000000155,0.0280340079860214,4.9400000000000155
KXETH,1,last,rolling,none,10,all,no,19,1.4547368421052609,27.639999999999958,0.2015447471664093,0,,0.0,,0,,0.0,,0.0
KXETH,1,last,rolling,none,10,cheap,both,3,19.18666666666667,57.56000000000001,0.581638148767394,0,,0.0,,1,87.26,87.26,,87.26
KXETH,1,last,rolling,none,10,cheap,yes,2,36.205000000000005,72.41000000000001,,0,,0.0,,1,87.26,87.26,,87.26
KXETH,1,last,rolling,none,10,cheap,no,1,-14.850000000000001,-14.850000000000001,,0,,0.0,,0,,0.0,,0.0
KXETH,1,last,rolling,none,10,middle,both,50,5.842,292.09999999999997,1.35869406363484,10,-20.313,-203.13,-1.1304791787338047,6,-13.72,-82.32000000000001,-0.5719300276767738,-82.32000000000001
KXETH,1,last,rolling,none,10,middle,yes,32,7.8003125,249.61,1.2283593045229364,10,-20.313,-203.13,-1.1304791787338047,6,-13.72,-82.32000000000001,-0.5719300276767738,-82.32000000000001
KXETH,1,last,rolling,none,10,middle,no,18,2.360555555555555,42.489999999999995,0.30571173022989134,0,,0.0,,0,,0.0,,0.0
KXETH,1,last,rolling,volview,2,all,both,338,-4.594408284023668,-1552.9099999999999,-2.2378549193274315,215,-2.236418604651162,-480.8299999999998,-1.3763273867133738,322,0.4504968944099382,145.0600000000001,0.20200370649966268,568.4600000000002
KXETH,1,last,rolling,volview,2,all,yes,136,-5.395073529411765,-733.73,-1.5309448701598543,137,-4.450437956204379,-609.7099999999999,-1.710987877016099,136,-0.05897058823529398,-8.019999999999982,-0.017685616901551432,84.81000000000003
KXETH,1,last,rolling,volview,2,all,no,202,-4.055346534653466,-819.1800000000001,-1.4978200433965136,78,1.6523076923076923,128.88,0.5417615072505958,186,0.8230107526881723,153.08000000000004,0.33282761151650175,483.65000000000015
KXETH,1,last,rolling,volview,2,cheap,both,27,6.581111111111112,177.69000000000003,1.1291651939684717,6,18.658333333333335,111.95000000000002,1.414270973711236,33,-6.232424242424243,-205.67000000000002,-1.782643765928538,-205.67000000000002
KXETH,1,last,rolling,volview,2,cheap,yes,26,7.405384615384616,192.54000000000002,1.2476399666029692,6,18.658333333333335,111.95000000000002,1.414270973711236,33,-6.232424242424243,-205.67000000000002,-1.782643765928538,-205.67000000000002
KXETH,1,last,rolling,volview,2,cheap,no,1,-14.850000000000001,-14.850000000000001,,0,,0.0,,0,,0.0,,0.0
KXETH,1,last,rolling,volview,2,middle,both,218,-4.497752293577982,-980.51,-1.825698893136022,140,-6.041714285714285,-845.8399999999999,-2.4777599372421184,105,2.4377142857142857,255.96,0.6345487586421711,333.74000000000007
KXETH,1,last,rolling,volview,2,middle,yes,110,-8.420636363636364,-926.2700000000001,-1.799188768978707,131,-5.50885496183206,-721.6599999999999,-2.3316386571742505,103,1.9189320388349524,197.6500000000001,0.48108419839689565,290.4800000000001
KXETH,1,last,rolling,volview,2,middle,no,108,-0.5022222222222232,-54.24000000000011,-0.1340197665347575,9,-13.79777777777778,-124.18000000000002,-1.0027614006295629,2,29.154999999999994,58.30999999999999,,43.25999999999999
KXETH,1,last,rolling,volview,5,all,both,142,1.1680985915492952,165.86999999999992,0.4281084968223173,57,-4.42298245614035,-252.10999999999993,-0.7574770759395842,71,5.592535211267609,397.0700000000003,0.9839973878383911,532.4400000000002
KXETH,1,last,rolling,volview,5,all,yes,68,0.7204411764705884,48.99000000000001,0.12001679745383385,51,-4.482549019607841,-228.6099999999999,-0.7110261846465635,47,9.769361702127659,459.15999999999997,1.299059274971832,459.15999999999997
KXETH,1,last,rolling,volview,5,all,no,74,1.5794594594594578,116.87999999999988,0.4213318896341674,6,-3.916666666666666,-23.499999999999996,-0.28832707527240037,24,-2.5870833333333336,-62.09000000000001,-0.37396920255627997,73.28
KXETH,1,last,rolling,volview,5,cheap,both,8,1.6087499999999988,12.86999999999999,0.14916640434522613,2,35.150000000000006,70.30000000000001,,14,-4.844285714285713,-67.82,-0.7383439183264935,-67.82
KXETH,1,last,rolling,volview,5,cheap,yes,7,3.960000000000001,27.720000000000006,0.3366447148324665,2,35.150000000000006,70.30000000000001,,14,-4.844285714285713,-67.82,-0.7383439183264935,-67.82
KXETH,1,last,rolling,volview,5,cheap,no,1,-14.850000000000001,-14.850000000000001,,0,,0.0,,0,,0.0,,0.0
KXETH,1,last,rolling,volview,5,middle,both,116,2.2394827586206882,259.77999999999986,0.6378552325496445,50,-7.290599999999999,-364.5299999999999,-1.187993684900554,35,16.722571428571424,585.2899999999998,1.837203443302025,570.2399999999999
KXETH,1,last,rolling,volview,5,middle,yes,61,0.3486885245901627,21.269999999999925,0.05181403053585184,49,-6.1002040816326515,-298.9099999999999,-1.0407602961994062,33,15.969090909090907,526.9799999999999,1.615191416323857,526.9799999999999
KXETH,1,last,rolling,volview,5,middle,no,55,4.336545454545453,238.50999999999993,0.8026467184511582,1,-65.62,-65.62,,2,29.154999999999994,58.30999999999999,,43.25999999999999
KXETH,1,last,rolling,volview,10,all,both,37,9.274864864864863,343.16999999999996,1.5727895207827784,9,-20.45444444444444,-184.08999999999997,-1.1338738975700247,7,0.705714285714288,4.9400000000000155,0.0280340079860214,4.9400000000000155
KXETH,1,last,rolling,volview,10,all,yes,23,8.905652173913042,204.82999999999998,0.9103115918696506,9,-20.45444444444444,-184.08999999999997,-1.1338738975700247,7,0.705714285714288,4.9400000000000155,0.0280340079860214,4.9400000000000155
KXETH,1,last,rolling,volview,10,all,no,14,9.88142857142857,138.33999999999997,1.1707239042628892,0,,0.0,,0,,0.0,,0.0
KXETH,1,last,rolling,volview,10,cheap,both,3,19.18666666666667,57.56000000000001,0.581638148767394,0,,0.0,,1,87.26,87.26,,87.26
KXETH,1,last,rolling,volview,10,cheap,yes,2,36.205000000000005,72.41000000000001,,0,,0.0,,1,87.26,87.26,,87.26
KXETH,1,last,rolling,volview,10,cheap,no,1,-14.850000000000001,-14.850000000000001,,0,,0.0,,0,,0.0,,0.0
KXETH,1,last,rolling,volview,10,middle,both,34,8.400294117647057,285.60999999999996,1.3693921146462635,9,-20.45444444444444,-184.08999999999997,-1.1338738975700247,6,-13.72,-82.32000000000001,-0.5719300276767738,-82.32000000000001
KXETH,1,last,rolling,volview,10,middle,yes,21,6.305714285714283,132.41999999999996,0.6129882627132723,9,-20.45444444444444,-184.08999999999997,-1.1338738975700247,6,-13.72,-82.32000000000001,-0.5719300276767738,-82.32000000000001
KXETH,1,last,rolling,volview,10,middle,no,13,11.783846153846154,153.19,1.2949245778444607,0,,0.0,,0,,0.0,,0.0
KXETH,1,last,rolling,shrink25,2,all,both,15,3.9193333333333333,58.79,0.3384145590551664,2,-25.264999999999997,-50.529999999999994,,0,,0.0,,0.0
KXETH,1,last,rolling,shrink25,2,all,yes,12,3.081666666666667,36.980000000000004,0.23237022066224144,2,-25.264999999999997,-50.529999999999994,,0,,0.0,,0.0
KXETH,1,last,rolling,shrink25,2,all,no,3,7.269999999999999,21.809999999999995,0.3961106327830231,0,,0.0,,0,,0.0,,0.0
KXETH,1,last,rolling,shrink25,2,cheap,both,1,85.15,85.15,,0,,0.0,,0,,0.0,,0.0
KXETH,1,last,rolling,shrink25,2,cheap,yes,1,85.15,85.15,,0,,0.0,,0,,0.0,,0.0
KXETH,1,last,rolling,shrink25,2,cheap,no,0,,0.0,,0,,0.0,,0,,0.0,,0.0
KXETH,1,last,rolling,shrink25,2,middle,both,14,-1.8828571428571432,-26.360000000000007,-0.17481389886960563,2,-25.264999999999997,-50.529999999999994,,0,,0.0,,0.0
KXETH,1,last,rolling,shrink25,2,middle,yes,11,-4.379090909090909,-48.17,-0.36720997384540527,2,-25.264999999999997,-50.529999999999994,,0,,0.0,,0.0
KXETH,1,last,rolling,shrink25,2,middle,no,3,7.269999999999999,21.809999999999995,0.3961106327830231,0,,0.0,,0,,0.0,,0.0
KXETH,1,last,rolling,shrink25,5,all,both,0,,0.0,,0,,0.0,,0,,0.0,,0.0
KXETH,1,last,rolling,shrink25,5,all,yes,0,,0.0,,0,,0.0,,0,,0.0,,0.0
KXETH,1,last,rolling,shrink25,5,all,no,0,,0.0,,0,,0.0,,0,,0.0,,0.0
KXETH,1,last,rolling,shrink25,5,cheap,both,0,,0.0,,0,,0.0,,0,,0.0,,0.0
KXETH,1,last,rolling,shrink25,5,cheap,yes,0,,0.0,,0,,0.0,,0,,0.0,,0.0
KXETH,1,last,rolling,shrink25,5,cheap,no,0,,0.0,,0,,0.0,,0,,0.0,,0.0
KXETH,1,last,rolling,shrink25,5,middle,both,0,,0.0,,0,,0.0,,0,,0.0,,0.0
KXETH,1,last,rolling,shrink25,5,middle,yes,0,,0.0,,0,,0.0,,0,,0.0,,0.0
KXETH,1,last,rolling,shrink25,5,middle,no,0,,0.0,,0,,0.0,,0,,0.0,,0.0
KXETH,1,last,rolling,shrink25,10,all,both,0,,0.0,,0,,0.0,,0,,0.0,,0.0
KXETH,1,last,rolling,shrink25,10,all,yes,0,,0.0,,0,,0.0,,0,,0.0,,0.0
KXETH,1,last,rolling,shrink25,10,all,no,0,,0.0,,0,,0.0,,0,,0.0,,0.0
KXETH,1,last,rolling,shrink25,10,cheap,both,0,,0.0,,0,,0.0,,0,,0.0,,0.0
KXETH,1,last,rolling,shrink25,10,cheap,yes,0,,0.0,,0,,0.0,,0,,0.0,,0.0
KXETH,1,last,rolling,shrink25,10,cheap,no,0,,0.0,,0,,0.0,,0,,0.0,,0.0
KXETH,1,last,rolling,shrink25,10,middle,both,0,,0.0,,0,,0.0,,0,,0.0,,0.0
KXETH,1,last,rolling,shrink25,10,middle,yes,0,,0.0,,0,,0.0,,0,,0.0,,0.0
KXETH,1,last,rolling,shrink25,10,middle,no,0,,0.0,,0,,0.0,,0,,0.0,,0.0
KXETH,1,last,rolling,shrink50,2,all,both,119,3.4767226890756304,413.73,0.9581255283629162,43,-6.729999999999999,-289.38999999999993,-0.9955480801183036,42,4.980952380952379,209.19999999999993,0.5354405778206253,209.19999999999993
KXETH,1,last,rolling,shrink50,2,all,yes,63,5.766825396825397,363.31,0.9538941962696817,37,-5.515945945945946,-204.09,-0.6774394381629727,30,9.827333333333335,294.82000000000005,1.0087802208378445,294.82000000000005
KXETH,1,last,rolling,shrink50,2,all,no,56,0.9003571428571432,50.420000000000016,0.1809130068128883,6,-14.216666666666667,-85.3,-0.7520904355209185,12,-7.134999999999999,-85.61999999999999,-0.5344616617593391,-85.61999999999999
KXETH,1,last,rolling,shrink50,2,cheap,both,5,6.626,33.13,0.37174550415094504,2,35.150000000000006,70.30000000000001,,9,0.012222222222222554,0.11000000000000298,0.0011370287633397057,0.11000000000000298
KXETH,1,last,rolling,shrink50,2,cheap,yes,4,11.995000000000001,47.980000000000004,,2,35.150000000000006,70.30000000000001,,9,0.012222222222222554,0.11000000000000298,0.0011370287633397057,0.11000000000000298
KXETH,1,last,rolling,shrink50,2,cheap,no,1,-14.850000000000001,-14.850000000000001,,0,,0.0,,0,,0.0,,0.0
KXETH,1,last,rolling,shrink50,2,middle,both,103,4.443592233009709,457.69,1.0838381925228122,38,-10.205526315789474,-387.81,-1.5829308984658117,22,14.385000000000002,316.47,1.2651934081931866,316.47
KXETH,1,last,rolling,shrink50,2,middle,yes,59,5.34457627118644,315.33,0.8156095937524308,35,-7.839714285714285,-274.39,-1.0715731525732093,21,14.033809523809525,294.71000000000004,1.2007296910057368,294.71000000000004
KXETH,1,last,rolling,shrink50,2,middle,no,44,3.2354545454545445,142.35999999999996,0.5196213423538891,3,-37.80666666666667,-113.42000000000002,-1.189144379934704,1,21.76,21.76,,21.76
KXETH,1,last,rolling,shrink50,5,all,both,33,2.833939393939393,93.51999999999997,0.5203642881386109,4,-3.3524999999999974,-13.40999999999999,-0.11102397905234351,1,70.58,70.58,,70.58
KXETH,1,last,rolling,shrink50,5,all,yes,21,6.061904761904763,127.30000000000001,0.8348129783214515,4,-3.3524999999999974,-13.40999999999999,-0.11102397905234351,1,70.58,70.58,,70.58
KXETH,1,last,rolling,shrink50,5,all,no,12,-2.815000000000001,-33.78000000000001,-0.32994574310572516,0,,0.0,,0,,0.0,,0.0
KXETH,1,last,rolling,shrink50,5,cheap,both,1,85.15,85.15,,0,,0.0,,0,,0.0,,0.0
KXETH,1,last,rolling,shrink50,5,cheap,yes,1,85.15,85.15,,0,,0.0,,0,,0.0,,0.0
KXETH,1,last,rolling,shrink50,5,cheap,no,0,,0.0,,0,,0.0,,0,,0.0,,0.0
KXETH,1,last,rolling,shrink50,5,middle,both,32,0.2615624999999975,8.36999999999992,0.05253080766364647,4,-3.3524999999999974,-13.40999999999999,-0.11102397905234351,1,70.58,70.58,,70.58
KXETH,1,last,rolling,shrink50,5,middle,yes,20,2.1075000000000004,42.150000000000006,0.3233916978466993,4,-3.3524999999999974,-13.40999999999999,-0.11102397905234351,1,70.58,70.58,,70.58
KXETH,1,last,rolling,shrink50,5,middle,no,12,-2.815000000000001,-33.78000000000001,-0.32994574310572516,0,,0.0,,0,,0.0,,0.0
KXETH,1,last,rolling,shrink50,10,all,both,2,3.9549999999999983,7.909999999999997,,0,,0.0,,0,,0.0,,0.0
KXETH,1,last,rolling,shrink50,10,all,yes,1,37.33,37.33,,0,,0.0,,0,,0.0,,0.0
KXETH,1,last,rolling,shrink50,10,all,no,1,-29.42,-29.42,,0,,0.0,,0,,0.0,,0.0
KXETH,1,last,rolling,shrink50,10,cheap,both,0,,0.0,,0,,0.0,,0,,0.0,,0.0
KXETH,1,last,rolling,shrink50,10,cheap,yes,0,,0.0,,0,,0.0,,0,,0.0,,0.0
KXETH,1,last,rolling,shrink50,10,cheap,no,0,,0.0,,0,,0.0,,0,,0.0,,0.0
KXETH,1,last,rolling,shrink50,10,middle,both,2,3.9549999999999983,7.909999999999997,,0,,0.0,,0,,0.0,,0.0
KXETH,1,last,rolling,shrink50,10,middle,yes,1,37.33,37.33,,0,,0.0,,0,,0.0,,0.0
KXETH,1,last,rolling,shrink50,10,middle,no,1,-29.42,-29.42,,0,,0.0,,0,,0.0,,0.0
KXETH,5,last,rolling,none,2,all,both,583,-1.4812349914236702,-863.5599999999997,-0.8390125942963104,290,-3.6519999999999997,-1059.08,-2.88235242032224,313,-1.1111501597444082,-347.7899999999998,-0.6433420425306886,-152.89999999999998
KXETH,5,last,rolling,none,2,all,yes,249,-0.46293172690763057,-115.27000000000001,-0.15775846463714316,165,-3.337878787878788,-550.75,-1.3784617152650958,176,0.667613636363637,117.50000000000011,0.29361937459538767,180.82000000000014
KXETH,5,last,rolling,none,2,all,no,334,-2.240389221556886,-748.29,-1.109505055104731,125,-4.0666400000000005,-508.33000000000004,-2.0452517808340143,137,-3.3962773722627744,-465.2900000000001,-1.6920696975774956,-333.72
KXETH,5,last,rolling,none,2,cheap,both,50,-3.6003999999999996,-180.01999999999998,-1.1972765813362534,8,10.676250000000001,85.41000000000001,0.8776467731785568,40,0.3664999999999997,14.65999999999999,0.09017930108274455,29.51000000000003
KXETH,5,last,rolling,none,2,cheap,yes,48,-5.324791666666667,-255.59,-2.1289231757333313,8,10.676250000000001,85.41000000000001,0.8776467731785568,40,0.3664999999999997,14.65999999999999,0.09017930108274455,29.51000000000003
KXETH,5,last,rolling,none,2,cheap,no,2,37.785000000000004,75.57000000000001,,0,,0.0,,0,,0.0,,0.0
KXETH,5,last,rolling,none,2,middle,both,385,-0.6836363636363632,-263.1999999999998,-0.28867128214140747,195,-4.922000000000001,-959.7900000000001,-2.224237389267746,154,-1.821493506493505,-280.50999999999976,-0.7885093125782233,-147.09000000000003
KXETH,5,last,rolling,none,2,middle,yes,198,0.652222222222223,129.14000000000016,0.18208981292140916,156,-4.162243589743589,-649.31,-1.5695208012250517,134,0.6416417910447767,85.98000000000008,0.24959856514066014,134.45000000000016
KXETH,5,last,rolling,none,2,middle,no,187,-2.09807486631016,-392.3399999999999,-0.7314469280949087,39,-7.961025641025642,-310.48,-1.718483636763225,20,-18.3245,-366.49,-2.5674325463828604,-281.54
KXETH,5,last,rolling,none,5,all,both,218,0.5582110091743115,121.68999999999991,0.18534504916512962,85,-5.5170588235294105,-468.9499999999999,-1.7984963854213383,86,1.8626744186046524,160.1900000000001,0.5225497824615972,266.2600000000001
KXETH,5,last,rolling,none,5,all,yes,116,2.82301724137931,327.46999999999997,0.7920807686792353,71,-7.531690140845069,-534.7499999999999,-1.7752571019785794,78,3.821282051282052,298.06000000000006,1.0342328276805455,319.18000000000006
KXETH,5,last,rolling,none,5,all,no,102,-2.017450980392158,-205.78000000000011,-0.43597690579677595,14,4.700000000000001,65.80000000000001,0.4415198368067654,8,-17.233749999999997,-137.86999999999998,-1.1739447501819753,-52.92
KXETH,5,last,rolling,none,5,cheap,both,13,-1.8769230769230751,-24.399999999999977,-0.22538189855009527,1,-14.850000000000001,-14.850000000000001,,15,7.892666666666667,118.39,1.0411995491284582,118.39
KXETH,5,last,rolling,none,5,cheap,yes,11,-9.088181818181816,-99.96999999999998,-4.136874668608682,1,-14.850000000000001,-14.850000000000001,,15,7.892666666666667,118.39,1.0411995491284582,118.39
KXETH,5,last,rolling,none,5,cheap,no,2,37.785000000000004,75.57000000000001,,0,,0.0,,0,,0.0,,0.0
KXETH,5,last,rolling,none,5,middle,both,181,0.9454696132596688,171.13000000000005,0.2775707393766436,80,-6.144749999999998,-491.57999999999987,-1.7983574065933072,69,0.3889855072463775,26.840000000000046,0.09132717488176463,132.91000000000005
KXETH,5,last,rolling,none,5,middle,yes,105,4.070857142857143,427.44,1.0304800205803626,70,-7.427142857142857,-519.9,-1.7339003592370978,63,2.8519047619047626,179.67000000000004,0.6442298410915305,200.79000000000005
KXETH,5,last,rolling,none,5,middle,no,76,-3.372500000000001,-256.31000000000006,-0.5916764724088158,10,2.831999999999999,28.31999999999999,0.18568010863606008,6,-25.471666666666664,-152.82999999999998,-1.4181229852008381,-67.88
KXETH,5,last,rolling,none,10,all,both,68,3.6345588235294115,247.14999999999998,0.8538281525289684,16,0.7474999999999983,11.959999999999972,0.06434099515958089,9,18.654444444444447,167.89000000000001,1.0681277745837736,167.89000000000001
KXETH,5,last,rolling,none,10,all,yes,41,2.7241463414634146,111.69,0.45071184781753637,15,-0.7813333333333328,-11.719999999999992,-0.06401297074635837,9,18.654444444444447,167.89000000000001,1.0681277745837736,167.89000000000001
KXETH,5,last,rolling,none,10,all,no,27,5.017037037037036,135.45999999999998,0.9451052663952488,1,23.68,23.68,,0,,0.0,,0.0
KXETH,5,last,rolling,none,10,cheap,both,2,-9.57,-19.14,,0,,0.0,,1,87.26,87.26,,87.26
KXETH,5,last,rolling,none,10,cheap,yes,1,-5.34,-5.34,,0,,0.0,,1,87.26,87.26,,87.26
KXETH,5,last,rolling,none,10,cheap,no,1,-13.8,-13.8,,0,,0.0,,0,,0.0,,0.0
KXETH,5,last,rolling,none,10,middle,both,66,4.034696969696968,266.2899999999999,0.9103130080336121,16,0.7474999999999983,11.959999999999972,0.06434099515958089,8,10.078750000000001,80.63000000000001,0.5636314372201863,80.63000000000001
KXETH,5,last,rolling,none,10,middle,yes,40,2.9257500000000007,117.03000000000003,0.47207071586069616,15,-0.7813333333333328,-11.719999999999992,-0.06401297074635837,8,10.078750000000001,80.63000000000001,0.5636314372201863,80.63000000000001
KXETH,5,last,rolling,none,10,middle,no,26,5.740769230769231,149.26,1.030713155391452,1,23.68,23.68,,0,,0.0,,0.0
KXETH,5,last,rolling,volview,2,all,both,438,-1.9766666666666666,-865.78,-1.0724185033356224,241,-4.26701244813278,-1028.35,-2.5369786559316503,270,0.280814814814815,75.82000000000005,0.1226089524478465,270.7100000000001
KXETH,5,last,rolling,volview,2,all,yes,176,-1.8639204545454542,-328.04999999999995,-0.5803350258134157,144,-5.229166666666667,-753.0,-1.7628556815711474,154,1.53383116883117,236.2100000000002,0.5025282709188483,299.53000000000014
KXETH,5,last,rolling,volview,2,all,no,262,-2.052404580152672,-537.73,-0.9787717154351525,97,-2.8386597938144322,-275.3499999999999,-1.46292680030253,116,-1.3826724137931032,-160.39,-0.6775792064802856,-28.819999999999936
KXETH,5,last,rolling,volview,2,cheap,both,42,-2.865238095238096,-120.34000000000003,-0.8542651333890219,7,14.021428571428572,98.15,0.9391531285246102,34,2.057352941176471,69.95,0.401416192799688,84.80000000000003
KXETH,5,last,rolling,volview,2,cheap,yes,40,-4.89775,-195.91000000000003,-1.7813685670860604,7,14.021428571428572,98.15,0.9391531285246102,34,2.057352941176471,69.95,0.401416192799688,84.80000000000003
KXETH,5,last,rolling,volview,2,cheap,no,2,37.785000000000004,75.57000000000001,,0,,0.0,,0,,0.0,,0.0
KXETH,5,last,rolling,volview,2,middle,both,275,-1.6270181818181821,-447.43000000000006,-0.6689989535123492,153,-5.763267973856207,-881.7799999999997,-1.8386316668387768,124,0.4155645161290324,51.530000000000015,0.11628038806583278,184.94999999999993
KXETH,5,last,rolling,volview,2,middle,yes,136,-0.9716176470588235,-132.14,-0.24794202093065806,137,-6.212773722627737,-851.15,-1.9790439650247993,120,1.3855000000000002,166.26000000000002,0.41578102058409017,214.73
KXETH,5,last,rolling,volview,2,middle,no,139,-2.2682733812949647,-315.2900000000001,-0.7029402023127636,16,-1.9143750000000006,-30.63000000000001,-0.19736301050284352,4,-28.6825,-114.73,-1.0543129337404642,-29.78
KXETH,5,last,rolling,volview,5,all,both,185,-0.1383243243243245,-25.590000000000032,-0.04429298242051947,73,-6.0268493150684925,-439.9599999999999,-1.8000799249600021,76,2.832500000000002,215.27000000000015,0.6727213514038552,321.3400000000001
KXETH,5,last,rolling,volview,5,all,yes,92,1.5517391304347827,142.76000000000002,0.3682262931578603,67,-7.876417910447762,-527.72,-2.03829833267753,73,3.9076712328767136,285.2600000000001,0.9614671074840563,306.38000000000005
KXETH,5,last,rolling,volview,5,all,no,93,-1.8102150537634414,-168.35000000000005,-0.38779530151259317,6,14.626666666666667,87.76,5.021873399364081,3,-23.330000000000002,-69.99000000000001,-0.7572216812723142,14.96
KXETH,5,last,rolling,volview,5,cheap,both,13,-1.8769230769230751,-24.399999999999977,-0.22538189855009527,1,-14.850000000000001,-14.850000000000001,,15,7.892666666666667,118.39,1.0411995491284582,118.39
KXETH,5,last,rolling,volview,5,cheap,yes,11,-9.088181818181816,-99.96999999999998,-4.136874668608682,1,-14.850000000000001,-14.850000000000001,,15,7.892666666666667,118.39,1.0411995491284582,118.39
KXETH,5,last,rolling,volview,5,cheap,no,2,37.785000000000004,75.57000000000001,,0,,0.0,,0,,0.0,,0.0
KXETH,5,last,rolling,volview,5,middle,both,150,0.3470000000000001,52.05000000000001,0.09668949288080625,69,-6.4998550724637685,-448.49,-1.8026428263600174,59,1.388474576271187,81.92000000000003,0.2711783278077966,187.99000000000004
KXETH,5,last,rolling,volview,5,middle,yes,81,2.996666666666667,242.73000000000002,0.6367339869318203,66,-7.7707575757575755,-512.87,-1.9935520131626754,58,2.877068965517242,166.87000000000003,0.5975053396931023,187.99000000000004
KXETH,5,last,rolling,volview,5,middle,no,69,-2.7634782608695656,-190.68000000000004,-0.4800565000882745,3,21.459999999999997,64.38,5.0491415525959775,1,-84.95,-84.95,,0.0
KXETH,5,last,rolling,volview,10,all,both,54,3.5509259259259247,191.74999999999994,0.8329669715898939,14,0.5228571428571434,7.320000000000007,0.03954588531499394,9,18.654444444444447,167.89000000000001,1.0681277745837736,167.89000000000001
KXETH,5,last,rolling,volview,10,all,yes,28,-0.6807142857142858,-19.060000000000002,-0.08269823171813036,14,0.5228571428571434,7.320000000000007,0.03954588531499394,9,18.654444444444447,167.89000000000001,1.0681277745837736,167.89000000000001
KXETH,5,last,rolling,volview,10,all,no,26,8.10807692307692,210.80999999999995,1.9781038777988988,0,,0.0,,0,,0.0,,0.0
KXETH,5,last,rolling,volview,10,cheap,both,2,-9.57,-19.14,,0,,0.0,,1,87.26,87.26,,87.26
KXETH,5,last,rolling,volview,10,cheap,yes,1,-5.34,-5.34,,0,,0.0,,1,87.26,87.26,,87.26
KXETH,5,last,rolling,volview,10,cheap,no,1,-13.8,-13.8,,0,,0.0,,0,,0.0,,0.0
KXETH,5,last,rolling,volview,10,middle,both,52,4.055576923076922,210.88999999999993,0.9064586222120775,14,0.5228571428571434,7.320000000000007,0.03954588531499394,8,10.078750000000001,80.63000000000001,0.5636314372201863,80.63000000000001
KXETH,5,last,rolling,volview,10,middle,yes,27,-0.5081481481481481,-13.719999999999999,-0.059437259051307874,14,0.5228571428571434,7.320000000000007,0.03954588531499394,8,10.078750000000001,80.63000000000001,0.5636314372201863,80.63000000000001
KXETH,5,last,rolling,volview,10,middle,no,25,8.984399999999999,224.60999999999996,2.0927877792776344,0,,0.0,,0,,0.0,,0.0
KXETH,5,last,rolling,shrink25,2,all,both,19,9.898947368421055,188.08000000000004,1.3426755298850162,2,-19.56,-39.12,,1,74.72,74.72,,74.72
KXETH,5,last,rolling,shrink25,2,all,yes,13,12.906153846153844,167.77999999999997,1.5354493250124586,2,-19.56,-39.12,,1,74.72,74.72,,74.72
KXETH,5,last,rolling,shrink25,2,all,no,6,3.383333333333333,20.299999999999997,0.24873660639893994,0,,0.0,,0,,0.0,,0.0
KXETH,5,last,rolling,shrink25,2,cheap,both,0,,0.0,,0,,0.0,,0,,0.0,,0.0
KXETH,5,last,rolling,shrink25,2,cheap,yes,0,,0.0,,0,,0.0,,0,,0.0,,0.0
KXETH,5,last,rolling,shrink25,2,cheap,no,0,,0.0,,0,,0.0,,0,,0.0,,0.0
KXETH,5,last,rolling,shrink25,2,middle,both,19,9.898947368421055,188.08000000000004,1.3426755298850162,2,-19.56,-39.12,,1,74.72,74.72,,74.72
KXETH,5,last,rolling,shrink25,2,middle,yes,13,12.906153846153844,167.77999999999997,1.5354493250124586,2,-19.56,-39.12,,1,74.72,74.72,,74.72
KXETH,5,last,rolling,shrink25,2,middle,no,6,3.383333333333333,20.299999999999997,0.24873660639893994,0,,0.0,,0,,0.0,,0.0
KXETH,5,last,rolling,shrink25,5,all,both,0,,0.0,,0,,0.0,,0,,0.0,,0.0
KXETH,5,last,rolling,shrink25,5,all,yes,0,,0.0,,0,,0.0,,0,,0.0,,0.0
KXETH,5,last,rolling,shrink25,5,all,no,0,,0.0,,0,,0.0,,0,,0.0,,0.0
KXETH,5,last,rolling,shrink25,5,cheap,both,0,,0.0,,0,,0.0,,0,,0.0,,0.0
KXETH,5,last,rolling,shrink25,5,cheap,yes,0,,0.0,,0,,0.0,,0,,0.0,,0.0
KXETH,5,last,rolling,shrink25,5,cheap,no,0,,0.0,,0,,0.0,,0,,0.0,,0.0
KXETH,5,last,rolling,shrink25,5,middle,both,0,,0.0,,0,,0.0,,0,,0.0,,0.0
KXETH,5,last,rolling,shrink25,5,middle,yes,0,,0.0,,0,,0.0,,0,,0.0,,0.0
KXETH,5,last,rolling,shrink25,5,middle,no,0,,0.0,,0,,0.0,,0,,0.0,,0.0
KXETH,5,last,rolling,shrink25,10,all,both,0,,0.0,,0,,0.0,,0,,0.0,,0.0
KXETH,5,last,rolling,shrink25,10,all,yes,0,,0.0,,0,,0.0,,0,,0.0,,0.0
KXETH,5,last,rolling,shrink25,10,all,no,0,,0.0,,0,,0.0,,0,,0.0,,0.0
KXETH,5,last,rolling,shrink25,10,cheap,both,0,,0.0,,0,,0.0,,0,,0.0,,0.0
KXETH,5,last,rolling,shrink25,10,cheap,yes,0,,0.0,,0,,0.0,,0,,0.0,,0.0
KXETH,5,last,rolling,shrink25,10,cheap,no,0,,0.0,,0,,0.0,,0,,0.0,,0.0
KXETH,5,last,rolling,shrink25,10,middle,both,0,,0.0,,0,,0.0,,0,,0.0,,0.0
KXETH,5,last,rolling,shrink25,10,middle,yes,0,,0.0,,0,,0.0,,0,,0.0,,0.0
KXETH,5,last,rolling,shrink25,10,middle,no,0,,0.0,,0,,0.0,,0,,0.0,,0.0
KXETH,5,last,rolling,shrink50,2,all,both,142,3.4485211267605638,489.69000000000005,0.8403331716428929,57,-6.328070175438596,-360.7,-1.4491070768935284,44,11.432500000000003,503.0300000000001,1.5777497735600359,524.1500000000001
KXETH,5,last,rolling,shrink50,2,all,yes,81,4.529506172839506,366.89,0.8890044355362456,50,-5.785799999999998,-289.2899999999999,-1.0251521314878909,41,11.443658536585367,469.19000000000005,1.4888574644814228,490.31000000000006
KXETH,5,last,rolling,shrink50,2,all,no,61,2.013114754098361,122.80000000000003,0.330228036004765,7,-10.201428571428574,-71.41000000000001,-0.5311164121326785,3,11.280000000000001,33.84,2.968421052631579,33.84
KXETH,5,last,rolling,shrink50,2,cheap,both,10,0.325,3.25,0.03111132805125574,0,,0.0,,8,0.8175000000000017,6.540000000000013,0.06686729882962068,6.540000000000013
KXETH,5,last,rolling,shrink50,2,cheap,yes,8,-9.040000000000001,-72.32000000000001,-5.636031291059006,0,,0.0,,8,0.8175000000000017,6.540000000000013,0.06686729882962068,6.540000000000013
KXETH,5,last,rolling,shrink50,2,cheap,no,2,37.785000000000004,75.57000000000001,,0,,0.0,,0,,0.0,,0.0
KXETH,5,last,rolling,shrink50,2,middle,both,123,4.756991869918699,585.11,1.0573169900365933,55,-6.847272727272726,-376.5999999999999,-1.4817378444054685,34,14.162647058823532,481.5300000000001,1.6124303727749971,502.6500000000001
KXETH,5,last,rolling,shrink50,2,middle,yes,73,6.016575342465753,439.21,1.0574188462177156,50,-5.785799999999998,-289.2899999999999,-1.0251521314878909,33,14.019696969696973,462.6500000000001,1.5757246756097598,483.7700000000001
KXETH,5,last,rolling,shrink50,2,middle,no,50,2.918,145.9,0.4218395591113809,5,-17.462,-87.31,-0.6512760368739433,1,18.88,18.88,,18.88
KXETH,5,last,rolling,shrink50,5,all,both,39,9.256923076923076,361.02,1.7607243873263057,7,5.094285714285715,35.660000000000004,0.3159481739333627,3,10.483333333333333,31.45,,31.45
KXETH,5,last,rolling,shrink50,5,all,yes,24,3.9683333333333337,95.24000000000001,0.5102527555125785,7,5.094285714285715,35.660000000000004,0.3159481739333627,3,10.483333333333333,31.45,,31.45
KXETH,5,last,rolling,shrink50,5,all,no,15,17.718666666666664,265.78,5.90273574486422,0,,0.0,,0,,0.0,,0.0
KXETH,5,last,rolling,shrink50,5,cheap,both,0,,0.0,,0,,0.0,,0,,0.0,,0.0
KXETH,5,last,rolling,shrink50,5,cheap,yes,0,,0.0,,0,,0.0,,0,,0.0,,0.0
KXETH,5,last,rolling,shrink50,5,cheap,no,0,,0.0,,0,,0.0,,0,,0.0,,0.0
KXETH,5,last,rolling,shrink50,5,middle,both,39,9.256923076923076,361.02,1.7607243873263057,7,5.094285714285715,35.660000000000004,0.3159481739333627,3,10.483333333333333,31.45,,31.45
KXETH,5,last,rolling,shrink50,5,middle,yes,24,3.9683333333333337,95.24000000000001,0.5102527555125785,7,5.094285714285715,35.660000000000004,0.3159481739333627,3,10.483333333333333,31.45,,31.45
KXETH,5,last,rolling,shrink50,5,middle,no,15,17.718666666666664,265.78,5.90273574486422,0,,0.0,,0,,0.0,,0.0
KXETH,5,last,rolling,shrink50,10,all,both,5,26.97,134.85,6.303703066480126,0,,0.0,,0,,0.0,,0.0
KXETH,5,last,rolling,shrink50,10,all,yes,4,40.55,162.2,3.3283713844658216,0,,0.0,,0,,0.0,,0.0
KXETH,5,last,rolling,shrink50,10,all,no,1,-27.35,-27.35,,0,,0.0,,0,,0.0,,0.0
KXETH,5,last,rolling,shrink50,10,cheap,both,0,,0.0,,0,,0.0,,0,,0.0,,0.0
KXETH,5,last,rolling,shrink50,10,cheap,yes,0,,0.0,,0,,0.0,,0,,0.0,,0.0
KXETH,5,last,rolling,shrink50,10,cheap,no,0,,0.0,,0,,0.0,,0,,0.0,,0.0
KXETH,5,last,rolling,shrink50,10,middle,both,5,26.97,134.85,6.303703066480126,0,,0.0,,0,,0.0,,0.0
KXETH,5,last,rolling,shrink50,10,middle,yes,4,40.55,162.2,3.3283713844658216,0,,0.0,,0,,0.0,,0.0
KXETH,5,last,rolling,shrink50,10,middle,no,1,-27.35,-27.35,,0,,0.0,,0,,0.0,,0.0
KXETH,15,last,rolling,none,2,all,both,636,1.2066823899371069,767.4499999999999,0.8271992708153639,359,0.12874651810584997,46.22000000000014,0.11114810935612836,335,0.6359402985074627,213.04,0.270269732984555,200.85999999999999
KXETH,15,last,rolling,none,2,all,yes,254,2.4114173228346463,612.5000000000001,0.9563328253014831,183,-1.1072677595628408,-202.62999999999988,-0.4795795628834846,181,1.5083977900552492,273.0200000000001,0.464989221526529,242.5700000000001
KXETH,15,last,rolling,none,2,all,no,382,0.40562827225130826,154.94999999999976,0.2296252926760216,176,1.4139204545454553,248.85000000000014,1.0797343138082498,154,-0.3894805194805194,-59.97999999999999,-0.20109831364718114,-41.71000000000001
KXETH,15,last,rolling,none,2,cheap,both,62,-2.357258064516129,-146.15,-1.1225533474087561,13,5.900769230769232,76.71000000000001,0.7007626813149136,40,3.0235000000000003,120.94000000000001,0.6860373222690015,120.94000000000001
KXETH,15,last,rolling,none,2,cheap,yes,57,-3.348947368421052,-190.88999999999996,-2.014855973921422,13,5.900769230769232,76.71000000000001,0.7007626813149136,40,3.0235000000000003,120.94000000000001,0.6860373222690015,120.94000000000001
KXETH,15,last,rolling,none,2,cheap,no,5,8.947999999999999,44.739999999999995,0.38159149435379186,0,,0.0,,0,,0.0,,0.0
KXETH,15,last,rolling,none,2,middle,both,405,2.6026666666666665,1054.08,1.275672573387417,226,-0.11818584070796401,-26.709999999999866,-0.06745168393936135,162,0.8116049382716054,131.48000000000008,0.20991071519614243,149.1899999999999
KXETH,15,last,rolling,none,2,middle,yes,192,4.0921875000000005,785.7,1.2428388930342107,169,-1.7250887573964495,-291.53999999999996,-0.7866520870368078,139,0.9659712230215822,134.26999999999992,0.2386126333365304,103.81999999999982
KXETH,15,last,rolling,none,2,middle,no,213,1.2599999999999998,268.37999999999994,0.4600608289899338,57,4.646140350877193,264.83,1.1494355955778404,23,-0.12130434782608769,-2.790000000000017,-0.01634614999016301,45.369999999999976
KXETH,15,last,rolling,none,5,all,both,238,1.4742016806722684,350.8599999999999,0.5145580304533297,127,0.5748031496062999,73.00000000000009,0.15696444205586127,102,11.255098039215687,1148.02,2.307402199187056,1149.31
KXETH,15,last,rolling,none,5,all,yes,119,3.906638655462184,464.88999999999993,0.987503972827577,100,-0.8390999999999998,-83.90999999999998,-0.2198431164627958,90,12.051333333333334,1084.6200000000001,2.2560850091315854,1022.7
KXETH,15,last,rolling,none,5,all,no,119,-0.9582352941176489,-114.03000000000021,-0.26018313662364195,27,5.811481481481481,156.91,1.3107169266721552,12,5.283333333333332,63.399999999999984,0.5446813610761634,126.60999999999999
KXETH,15,last,rolling,none,5,cheap,both,12,-0.4474999999999992,-5.36999999999999,-0.052121987902826655,2,35.675,71.35,,20,17.943,358.86,2.007535819179851,358.86
KXETH,15,last,rolling,none,5,cheap,yes,10,-8.305,-83.05,-3.1467488753458612,2,35.675,71.35,,20,17.943,358.86,2.007535819179851,358.86
KXETH,15,last,rolling,none,5,cheap,no,2,38.84,77.68,,0,,0.0,,0,,0.0,,0.0
KXETH,15,last,rolling,none,5,middle,both,202,1.4580693069306931,294.53000000000003,0.4429259275917306,115,0.028173913043478094,3.2399999999999807,0.0077716624743103795,78,9.661282051282054,753.5800000000002,1.595920891047447,754.87
KXETH,15,last,rolling,none,5,middle,yes,109,5.026972477064221,547.94,1.1758599647242236,98,-1.5842857142857147,-155.26000000000005,-0.441818598494875,70,10.368,725.76,1.5956740216933916,663.84
KXETH,15,last,rolling,none,5,middle,no,93,-2.7248387096774196,-253.41000000000003,-0.6414612201645585,17,9.323529411764708,158.50000000000003,1.6844706273333714,8,3.4774999999999983,27.819999999999986,0.2522477201140496,91.03
KXETH,15,last,rolling,none,10,all,both,79,9.564177215189872,755.5699999999999,1.8900967980068255,36,-7.189166666666667,-258.81,-2.3250098622532276,22,6.997272727272729,153.94000000000003,0.9939697485767449,172.98000000000005
KXETH,15,last,rolling,none,10,all,yes,49,10.508571428571427,514.92,1.5110610165194356,34,-9.40470588235294,-319.76,-3.2726449112013376,21,5.740000000000001,120.54000000000002,0.7845754780363566,139.58000000000004
KXETH,15,last,rolling,none,10,all,no,30,8.021666666666663,240.6499999999999,1.121066636232832,2,30.475,60.95,,1,33.4,33.4,,33.4
KXETH,15,last,rolling,none,10,cheap,both,1,-5.34,-5.34,,0,,0.0,,4,12.2575,49.03,0.49683287039924245,49.03
KXETH,15,last,rolling,none,10,cheap,yes,1,-5.34,-5.34,,0,,0.0,,4,12.2575,49.03,0.49683287039924245,49.03
KXETH,15,last,rolling,none,10,cheap,no,0,,0.0,,0,,0.0,,0,,0.0,,0.0
KXETH,15,last,rolling,none,10,middle,both,76,9.64092105263158,732.71,1.8500530101765162,36,-7.189166666666667,-258.81,-2.3250098622532276,18,5.828333333333337,104.91000000000005,0.6540627807641095,123.95000000000005
KXETH,15,last,rolling,none,10,middle,yes,48,10.838749999999997,520.2599999999999,1.5301426983612334,34,-9.40470588235294,-319.76,-3.2726449112013376,17,4.206470588235297,71.51000000000005,0.45036214926892476,90.55000000000004
KXETH,15,last,rolling,none,10,middle,no,28,7.5874999999999995,212.45,0.999969136881357,2,30.475,60.95,,1,33.4,33.4,,33.4
KXETH,15,last,rolling,volview,2,all,both,472,1.113262711864407,525.46,0.6563090263565018,288,-0.09472222222222133,-27.279999999999745,-0.051390949430286666,283,0.6344876325088341,179.56000000000006,0.23775510674865594,167.38
KXETH,15,last,rolling,volview,2,all,yes,182,1.0668681318681321,194.17000000000004,0.3454930175009119,151,-1.5265562913907276,-230.50999999999985,-0.5379734985825626,155,2.649999999999999,410.74999999999983,0.7476387365468066,380.2999999999999
KXETH,15,last,rolling,volview,2,all,no,290,1.142379310344827,331.2899999999998,0.6200368422768693,137,1.483430656934307,203.23000000000005,0.9291337071678659,128,-1.806171875,-231.19,-0.6630554001238864,-212.91999999999996
KXETH,15,last,rolling,volview,2,cheap,both,57,-1.7617543859649125,-100.42000000000002,-0.8707048320614074,9,11.130000000000003,100.17000000000002,0.9754649251534567,29,5.190344827586207,150.52,0.8995294935199823,150.52
KXETH,15,last,rolling,volview,2,cheap,yes,54,-3.1992592592592595,-172.76000000000002,-1.8790105299403375,9,11.130000000000003,100.17000000000002,0.9754649251534567,29,5.190344827586207,150.52,0.8995294935199823,150.52
KXETH,15,last,rolling,volview,2,cheap,no,3,24.113333333333333,72.34,0.7258224246615147,0,,0.0,,0,,0.0,,0.0
KXETH,15,last,rolling,volview,2,middle,both,279,2.5031541218638,698.3800000000001,0.9738713927609136,165,-0.9404848484848481,-155.17999999999995,-0.34269808702850274,132,1.2278030303030307,162.07000000000005,0.2952148807387088,179.78000000000003
KXETH,15,last,rolling,volview,2,middle,yes,127,2.8672440944881887,364.14,0.661896433559274,142,-2.3287323943661966,-330.67999999999995,-0.8665623594897324,126,2.065317460317461,260.2300000000001,0.4912416365791216,229.78000000000003
KXETH,15,last,rolling,volview,2,middle,no,152,2.1989473684210528,334.24,0.7512103185115598,23,7.630434782608698,175.50000000000006,1.1904238355398615,6,-16.36,-98.16,-1.461476662798351,-50.0
KXETH,15,last,rolling,volview,5,all,both,197,3.103908629441624,611.4699999999999,1.0123586137761529,109,-1.699449541284403,-185.23999999999992,-0.4438280319363844,96,8.869895833333334,851.5100000000001,1.7524236152054387,852.8
KXETH,15,last,rolling,volview,5,all,yes,93,4.077741935483871,379.23,0.8331284982670673,89,-2.4443820224719097,-217.54999999999995,-0.6401056461046049,88,10.342045454545454,910.1,1.9791343259695697,848.1800000000001
KXETH,15,last,rolling,volview,5,all,no,104,2.2330769230769225,232.23999999999995,0.6349505347719795,20,1.6155000000000013,32.310000000000024,0.23106819200668036,8,-7.32375,-58.59,-0.6013329025882239,4.619999999999998
KXETH,15,last,rolling,volview,5,cheap,both,12,-0.4474999999999992,-5.36999999999999,-0.052121987902826655,2,35.675,71.35,,19,14.128421052631579,268.44,1.6405243434733774,268.44
KXETH,15,last,rolling,volview,5,cheap,yes,10,-8.305,-83.05,-3.1467488753458612,2,35.675,71.35,,19,14.128421052631579,268.44,1.6405243434733774,268.44
KXETH,15,last,rolling,volview,5,cheap,no,2,38.84,77.68,,0,,0.0,,0,,0.0,,0.0
KXETH,15,last,rolling,volview,5,middle,both,164,2.9753658536585377,487.96000000000015,0.8100368126249313,97,-2.628865979381442,-254.9999999999999,-0.6738364824927741,73,7.499863013698632,547.4900000000001,1.1993781602219606,548.7800000000001
KXETH,15,last,rolling,volview,5,middle,yes,83,5.569638554216868,462.2800000000001,1.0145521306604153,87,-3.3206896551724134,-288.9,-0.9527039614678542,69,9.299420289855073,641.6600000000001,1.4886671677381822,579.7400000000001
KXETH,15,last,rolling,volview,5,middle,no,81,0.31703703703703756,25.680000000000042,0.07447629964846789,10,3.390000000000002,33.90000000000002,0.24769320453093455,4,-23.542499999999997,-94.16999999999999,-1.1935858202190233,-30.96
KXETH,15,last,rolling,volview,10,all,both,67,11.832835820895522,792.8,2.0051471247302772,31,-13.457419354838711,-417.18000000000006,-3.1029070731489496,21,5.740000000000001,120.54000000000002,0.7845754780363566,139.58000000000004
KXETH,15,last,rolling,volview,10,all,yes,39,12.907948717948718,503.41,1.609881542517954,31,-13.457419354838711,-417.18000000000006,-3.1029070731489496,21,5.740000000000001,120.54000000000002,0.7845754780363566,139.58000000000004
KXETH,15,last,rolling,volview,10,all,no,28,10.335357142857145,289.39000000000004,1.4260811041124863,0,,0.0,,0,,0.0,,0.0
KXETH,15,last,rolling,volview,10,cheap,both,1,-5.34,-5.34,,0,,0.0,,4,12.2575,49.03,0.49683287039924245,49.03
KXETH,15,last,rolling,volview,10,cheap,yes,1,-5.34,-5.34,,0,,0.0,,4,12.2575,49.03,0.49683287039924245,49.03
KXETH,15,last,rolling,volview,10,cheap,no,0,,0.0,,0,,0.0,,0,,0.0,,0.0
KXETH,15,last,rolling,volview,10,middle,both,64,12.030312499999999,769.9399999999999,1.967268694692237,31,-13.457419354838711,-417.18000000000006,-3.1029070731489496,17,4.206470588235297,71.51000000000005,0.45036214926892476,90.55000000000004
KXETH,15,last,rolling,volview,10,middle,yes,38,13.388157894736842,508.75,1.6313274179144113,31,-13.457419354838711,-417.18000000000006,-3.1029070731489496,17,4.206470588235297,71.51000000000005,0.45036214926892476,90.55000000000004
KXETH,15,last,rolling,volview,10,middle,no,26,10.045769230769231,261.19,1.3003641123851837,0,,0.0,,0,,0.0,,0.0
KXETH,15,last,rolling,shrink25,2,all,both,24,12.832083333333335,307.97,1.507428628618882,5,-2.1639999999999957,-10.819999999999979,-0.1004163901127389,2,75.25,150.5,,150.5
KXETH,15,last,rolling,shrink25,2,all,yes,15,16.465333333333334,246.98000000000002,1.3402461501045098,5,-2.1639999999999957,-10.819999999999979,-0.1004163901127389,2,75.25,150.5,,150.5
KXETH,15,last,rolling,shrink25,2,all,no,9,6.776666666666667,60.99,0.5057775863633276,0,,0.0,,0,,0.0,,0.0
KXETH,15,last,rolling,shrink25,2,cheap,both,0,,0.0,,0,,0.0,,0,,0.0,,0.0
KXETH,15,last,rolling,shrink25,2,cheap,yes,0,,0.0,,0,,0.0,,0,,0.0,,0.0
KXETH,15,last,rolling,shrink25,2,cheap,no,0,,0.0,,0,,0.0,,0,,0.0,,0.0
KXETH,15,last,rolling,shrink25,2,middle,both,24,12.832083333333335,307.97,1.507428628618882,5,-2.1639999999999957,-10.819999999999979,-0.1004163901127389,2,75.25,150.5,,150.5
KXETH,15,last,rolling,shrink25,2,middle,yes,15,16.465333333333334,246.98000000000002,1.3402461501045098,5,-2.1639999999999957,-10.819999999999979,-0.1004163901127389,2,75.25,150.5,,150.5
KXETH,15,last,rolling,shrink25,2,middle,no,9,6.776666666666667,60.99,0.5057775863633276,0,,0.0,,0,,0.0,,0.0
KXETH,15,last,rolling,shrink25,5,all,both,0,,0.0,,0,,0.0,,0,,0.0,,0.0
KXETH,15,last,rolling,shrink25,5,all,yes,0,,0.0,,0,,0.0,,0,,0.0,,0.0
KXETH,15,last,rolling,shrink25,5,all,no,0,,0.0,,0,,0.0,,0,,0.0,,0.0
KXETH,15,last,rolling,shrink25,5,cheap,both,0,,0.0,,0,,0.0,,0,,0.0,,0.0
KXETH,15,last,rolling,shrink25,5,cheap,yes,0,,0.0,,0,,0.0,,0,,0.0,,0.0
KXETH,15,last,rolling,shrink25,5,cheap,no,0,,0.0,,0,,0.0,,0,,0.0,,0.0
KXETH,15,last,rolling,shrink25,5,middle,both,0,,0.0,,0,,0.0,,0,,0.0,,0.0
KXETH,15,last,rolling,shrink25,5,middle,yes,0,,0.0,,0,,0.0,,0,,0.0,,0.0
KXETH,15,last,rolling,shrink25,5,middle,no,0,,0.0,,0,,0.0,,0,,0.0,,0.0
KXETH,15,last,rolling,shrink25,10,all,both,0,,0.0,,0,,0.0,,0,,0.0,,0.0
KXETH,15,last,rolling,shrink25,10,all,yes,0,,0.0,,0,,0.0,,0,,0.0,,0.0
KXETH,15,last,rolling,shrink25,10,all,no,0,,0.0,,0,,0.0,,0,,0.0,,0.0
KXETH,15,last,rolling,shrink25,10,cheap,both,0,,0.0,,0,,0.0,,0,,0.0,,0.0
KXETH,15,last,rolling,shrink25,10,cheap,yes,0,,0.0,,0,,0.0,,0,,0.0,,0.0
KXETH,15,last,rolling,shrink25,10,cheap,no,0,,0.0,,0,,0.0,,0,,0.0,,0.0
KXETH,15,last,rolling,shrink25,10,middle,both,0,,0.0,,0,,0.0,,0,,0.0,,0.0
KXETH,15,last,rolling,shrink25,10,middle,yes,0,,0.0,,0,,0.0,,0,,0.0,,0.0
KXETH,15,last,rolling,shrink25,10,middle,no,0,,0.0,,0,,0.0,,0,,0.0,,0.0
KXETH,15,last,rolling,shrink50,2,all,both,148,6.508513513513514,963.2600000000001,1.738060364731281,78,-2.9535897435897427,-230.37999999999994,-0.6145521829951341,59,7.051694915254237,416.05,1.1826839018238333,515.26
KXETH,15,last,rolling,shrink50,2,all,yes,82,8.578658536585365,703.4499999999999,1.612706168104744,65,-3.5626153846153845,-231.57,-0.8133921350636687,54,8.137777777777776,439.4399999999999,1.3403862909639344,458.4799999999999
KXETH,15,last,rolling,shrink50,2,all,no,66,3.9365151515151515,259.81,0.8050951766991689,13,0.09153846153846232,1.1900000000000102,0.009087965612193154,5,-4.678000000000002,-23.390000000000008,-0.23035861225651488,56.779999999999994
KXETH,15,last,rolling,shrink50,2,cheap,both,8,4.1225000000000005,32.980000000000004,0.2955724553671346,1,86.2,86.2,,14,1.9950000000000014,27.93000000000002,0.1914164956722393,27.93000000000002
KXETH,15,last,rolling,shrink50,2,cheap,yes,6,-7.45,-44.7,,1,86.2,86.2,,14,1.9950000000000014,27.93000000000002,0.1914164956722393,27.93000000000002
KXETH,15,last,rolling,shrink50,2,cheap,no,2,38.84,77.68,,0,,0.0,,0,,0.0,,0.0
KXETH,15,last,rolling,shrink50,2,middle,both,130,7.044615384615385,915.8000000000001,1.6556319482244943,73,-3.4672602739726024,-253.10999999999999,-0.8286861722666867,42,8.684285714285712,364.7399999999999,1.0370545608924597,463.94999999999993
KXETH,15,last,rolling,shrink50,2,middle,yes,76,9.844078947368422,748.15,1.7227861409214518,64,-4.965156249999999,-317.7699999999999,-1.299351893280447,40,10.287749999999999,411.50999999999993,1.2241584873002336,430.5499999999999
KXETH,15,last,rolling,shrink50,2,middle,no,54,3.104629629629628,167.64999999999992,0.528065321683329,9,7.184444444444444,64.66,0.7257259312299259,2,-23.385,-46.77,,33.4
KXETH,15,last,rolling,shrink50,5,all,both,45,7.945555555555557,357.55000000000007,1.0747709301273876,14,-8.824285714285713,-123.53999999999998,-0.7602347860112213,3,44.51666666666667,133.55,,133.55
KXETH,15,last,rolling,shrink50,5,all,yes,28,14.575,408.09999999999997,1.8280696892873687,13,-11.62230769230769,-151.08999999999997,-0.8731219608924421,3,44.51666666666667,133.55,,133.55
KXETH,15,last,rolling,shrink50,5,all,no,17,-2.973529411764706,-50.550000000000004,-0.2793247531745266,1,27.55,27.55,,0,,0.0,,0.0
KXETH,15,last,rolling,shrink50,5,cheap,both,0,,0.0,,0,,0.0,,0,,0.0,,0.0
KXETH,15,last,rolling,shrink50,5,cheap,yes,0,,0.0,,0,,0.0,,0,,0.0,,0.0
KXETH,15,last,rolling,shrink50,5,cheap,no,0,,0.0,,0,,0.0,,0,,0.0,,0.0
KXETH,15,last,rolling,shrink50,5,middle,both,45,7.945555555555557,357.55000000000007,1.0747709301273876,14,-8.824285714285713,-123.53999999999998,-0.7602347860112213,3,44.51666666666667,133.55,,133.55
KXETH,15,last,rolling,shrink50,5,middle,yes,28,14.575,408.09999999999997,1.8280696892873687,13,-11.62230769230769,-151.08999999999997,-0.8731219608924421,3,44.51666666666667,133.55,,133.55
KXETH,15,last,rolling,shrink50,5,middle,no,17,-2.973529411764706,-50.550000000000004,-0.2793247531745266,1,27.55,27.55,,0,,0.0,,0.0
KXETH,15,last,rolling,shrink50,10,all,both,2,-32.485,-64.97,,2,-22.68,-45.36,,0,,0.0,,0.0
KXETH,15,last,rolling,shrink50,10,all,yes,2,-32.485,-64.97,,2,-22.68,-45.36,,0,,0.0,,0.0
KXETH,15,last,rolling,shrink50,10,all,no,0,,0.0,,0,,0.0,,0,,0.0,,0.0
KXETH,15,last,rolling,shrink50,10,cheap,both,0,,0.0,,0,,0.0,,0,,0.0,,0.0
KXETH,15,last,rolling,shrink50,10,cheap,yes,0,,0.0,,0,,0.0,,0,,0.0,,0.0
KXETH,15,last,rolling,shrink50,10,cheap,no,0,,0.0,,0,,0.0,,0,,0.0,,0.0
KXETH,15,last,rolling,shrink50,10,middle,both,2,-32.485,-64.97,,2,-22.68,-45.36,,0,,0.0,,0.0
KXETH,15,last,rolling,shrink50,10,middle,yes,2,-32.485,-64.97,,2,-22.68,-45.36,,0,,0.0,,0.0
KXETH,15,last,rolling,shrink50,10,middle,no,0,,0.0,,0,,0.0,,0,,0.0,,0.0
KXETH,1,day,fixed,none,2,all,both,933,-2.844565916398713,-2653.9799999999996,-2.009560108731473,500,-2.7193999999999994,-1359.6999999999996,-1.7977772341038016,408,-2.682524509803922,-1094.4700000000003,-1.3196358731421245,-762.9199999999998
KXETH,1,day,fixed,none,2,all,yes,439,-4.107585421412301,-1803.23,-2.468540253198027,289,-3.180415224913494,-919.1399999999998,-1.7440865855031877,159,-2.438993710691823,-387.7999999999999,-1.1092506669189193,-267.39
KXETH,1,day,fixed,none,2,all,no,494,-1.7221659919028338,-850.7499999999999,-0.9431650730787694,211,-2.0879620853080567,-440.56,-0.8858942687515357,249,-2.8380321285140555,-706.6699999999998,-1.0356178027146175,-495.53
KXETH,1,day,fixed,none,2,cheap,both,196,-3.8082653061224487,-746.42,-1.8450375314869074,130,-2.9593076923076915,-384.7099999999999,-1.2485221725114801,111,-0.31576576576576576,-35.05,-0.11597592819369186,-90.49999999999999
KXETH,1,day,fixed,none,2,cheap,yes,195,-3.7516410256410255,-731.5699999999999,-1.8095391970724213,130,-2.9593076923076915,-384.7099999999999,-1.2485221725114801,111,-0.31576576576576576,-35.05,-0.11597592819369186,-90.49999999999999
KXETH,1,day,fixed,none,2,cheap,no,1,-14.850000000000001,-14.850000000000001,,0,,0.0,,0,,0.0,,0.0
KXETH,1,day,fixed,none,2,middle,both,512,-2.87705078125,-1473.05,-1.369118312101228,266,-3.297067669172932,-877.0199999999999,-1.7894643170037903,123,-8.885772357723578,-1092.95,-1.857969549386911,-917.0899999999999
KXETH,1,day,fixed,none,2,middle,yes,239,-4.605062761506275,-1100.6099999999997,-1.7698074442117873,159,-3.361194968553459,-534.43,-1.4110727005170414,48,-7.348958333333335,-352.75000000000006,-1.889657925709802,-176.89000000000004
KXETH,1,day,fixed,none,2,middle,no,273,-1.3642490842490838,-372.4399999999999,-0.4081128039974418,107,-3.2017757009345797,-342.59000000000003,-0.8141710344970123,75,-9.869333333333334,-740.2,-1.3030946285657636,-740.2
KXETH,1,day,fixed,none,5,all,both,383,-5.1941253263707585,-1989.3500000000004,-1.981962721048566,196,-6.208622448979591,-1216.8899999999999,-2.0852748294948973,119,-6.945798319327733,-826.5500000000002,-1.9707194337140768,-692.54
KXETH,1,day,fixed,none,5,all,yes,213,-5.4213145539906105,-1154.74,-2.0875764811556428,128,-2.3642968749999995,-302.62999999999994,-0.8887112382807987,55,-7.004727272727274,-385.26000000000005,-2.264470684654799,-271.75
KXETH,1,day,fixed,none,5,all,no,170,-4.909470588235293,-834.6099999999999,-0.9659371200432656,68,-13.445000000000004,-914.2600000000002,-1.8569880876371665,64,-6.89515625,-441.29,-1.0676862148463422,-420.7899999999999
KXETH,1,day,fixed,none,5,cheap,both,63,-1.8020634920634917,-113.52999999999997,-0.5467381626005997,50,-0.5645999999999997,-28.229999999999983,-0.11109638602948797,42,-5.045238095238096,-211.90000000000003,-1.4798953022829968,-182.20000000000005
KXETH,1,day,fixed,none,5,cheap,yes,62,-1.5916129032258062,-98.67999999999998,-0.47219022980347813,50,-0.5645999999999997,-28.229999999999983,-0.11109638602948797,42,-5.045238095238096,-211.90000000000003,-1.4798953022829968,-182.20000000000005
KXETH,1,day,fixed,none,5,cheap,no,1,-14.850000000000001,-14.850000000000001,,0,,0.0,,0,,0.0,,0.0
KXETH,1,day,fixed,none,5,middle,both,295,-6.5484067796610175,-1931.7800000000002,-2.1547152947225925,138,-9.05391304347826,-1249.44,-2.3607968716886965,50,-10.538999999999998,-526.9499999999999,-1.7671423956009717,-443.14000000000004
KXETH,1,day,fixed,none,5,middle,yes,150,-7.0902666666666665,-1063.54,-2.106490624006232,78,-3.5179487179487174,-274.4,-1.4337425278087876,13,-13.335384615384616,-173.36,-2.627190950930034,-89.55000000000001
KXETH,1,day,fixed,none,5,middle,no,145,-5.987862068965518,-868.2400000000001,-0.989596721288074,60,-16.250666666666664,-975.0399999999998,-2.2515350520235944,37,-9.556486486486488,-353.59000000000003,-1.0880492998940334,-353.59000000000003
KXETH,1,day,fixed,none,10,all,both,147,-8.820816326530613,-1296.66,-1.624107904320828,60,-9.984000000000002,-599.0400000000001,-1.5172556365344003,25,-17.360000000000003,-434.00000000000006,-1.4555127093625806,-467.49999999999994
KXETH,1,day,fixed,none,10,all,yes,78,-4.495897435897435,-350.67999999999995,-0.9901083661597597,28,-3.3439285714285707,-93.62999999999998,-0.5334151702862575,11,-5.254545454545457,-57.80000000000002,-1.0859816981163766,-91.3
KXETH,1,day,fixed,none,10,all,no,69,-13.70985507246377,-945.9800000000001,-1.3376443272948622,32,-15.794062500000003,-505.4100000000001,-1.4347068773499332,14,-26.87142857142857,-376.2,,-376.2
KXETH,1,day,fixed,none,10,cheap,both,10,9.264,92.63999999999999,0.8433545880699689,9,12.17888888888889,109.61000000000001,0.5836011119101923,7,-10.025714285714285,-70.17999999999999,-5.599017412757931,-70.17999999999999
KXETH,1,day,fixed,none,10,cheap,yes,9,11.943333333333333,107.49,0.8907539039606729,9,12.17888888888889,109.61000000000001,0.5836011119101923,7,-10.025714285714285,-70.17999999999999,-5.599017412757931,-70.17999999999999
KXETH,1,day,fixed,none,10,cheap,no,1,-14.850000000000001,-14.850000000000001,,0,,0.0,,0,,0.0,,0.0
KXETH,1,day,fixed,none,10,middle,both,136,-10.312132352941175,-1402.4499999999998,-1.8412648864998786,51,-13.895098039215688,-708.6500000000001,-2.196844900668197,18,-20.212222222222223,-363.82000000000005,-1.2181613149112673,-397.31999999999994
KXETH,1,day,fixed,none,10,middle,yes,69,-6.640144927536231,-458.16999999999996,-1.4366542547657912,19,-10.696842105263155,-203.23999999999995,-3.063233107227273,4,3.094999999999999,12.379999999999995,,-21.12
KXETH,1,day,fixed,none,10,middle,no,67,-14.093731343283583,-944.2800000000001,-1.3324012088628303,32,-15.794062500000003,-505.4100000000001,-1.4347068773499332,14,-26.87142857142857,-376.2,,-376.2
KXETH,1,day,fixed,volview,2,all,both,753,-3.901434262948207,-2937.7799999999997,-2.226680154989298,352,-1.8461079545454544,-649.8299999999999,-1.0911496412026787,324,-0.778456790123457,-252.22000000000008,-0.4276883486179767,94.66000000000003
KXETH,1,day,fixed,volview,2,all,yes,355,-4.240422535211267,-1505.35,-2.0010364810117283,223,-2.3845291479820623,-531.7499999999999,-1.0374805361886716,137,-2.292408759124089,-314.0600000000002,-0.8747213176174488,-186.74000000000007
KXETH,1,day,fixed,volview,2,all,no,398,-3.5990703517587943,-1432.43,-1.7489704341171024,129,-0.915348837209302,-118.07999999999997,-0.4611311785943631,187,0.3306951871657748,61.83999999999989,0.18319018275120494,281.40000000000003
KXETH,1,day,fixed,volview,2,cheap,both,183,-3.9395081967213117,-720.9300000000001,-1.7934252390589556,74,-2.6620270270270265,-196.98999999999995,-0.6903757471312143,94,0.440531914893618,41.41000000000009,0.1455543710106192,71.11000000000004
KXETH,1,day,fixed,volview,2,cheap,yes,182,-3.8795604395604393,-706.0799999999999,-1.757868968850105,74,-2.6620270270270265,-196.98999999999995,-0.6903757471312143,94,0.440531914893618,41.41000000000009,0.1455543710106192,71.11000000000004
KXETH,1,day,fixed,volview,2,cheap,no,1,-14.850000000000001,-14.850000000000001,,0,,0.0,,0,,0.0,,0.0
KXETH,1,day,fixed,volview,2,middle,both,359,-4.90142061281337,-1759.6099999999997,-1.712772608931231,174,-2.03948275862069,-354.87000000000006,-0.9573563240091785,62,-6.10516129032258,-378.52,-2.112732825767818,-280.9
KXETH,1,day,fixed,volview,2,middle,yes,172,-4.66860465116279,-802.9999999999999,-1.3683679844862668,149,-2.246711409395972,-334.7599999999999,-0.9533740653966567,43,-8.266744186046513,-355.47,-2.2066146036921976,-257.85
KXETH,1,day,fixed,volview,2,middle,no,187,-5.115561497326203,-956.61,-1.1446918420458654,25,-0.8044000000000022,-20.110000000000056,-0.15483112894216738,19,-1.213157894736843,-23.05000000000002,-0.2755458345261292,-23.05000000000002
KXETH,1,day,fixed,volview,5,all,both,334,-5.101946107784431,-1704.05,-1.6480989845283076,141,-1.3990780141843968,-197.26999999999995,-0.5701855500597064,93,-4.908494623655913,-456.4899999999999,-2.1189184971512662,-342.55999999999995
KXETH,1,day,fixed,volview,5,all,yes,181,-5.811823204419889,-1051.94,-1.9009914555365226,118,-1.7735593220338979,-209.27999999999994,-0.6321178329106013,52,-6.735769230769231,-350.26,-2.0858470749436777,-256.8299999999999
KXETH,1,day,fixed,volview,5,all,no,153,-4.2621568627450985,-652.11,-0.7687128704579989,23,0.522173913043477,12.009999999999973,0.12738045040531346,41,-2.5909756097560974,-106.22999999999999,-0.622575282380843,-85.73000000000002
KXETH,1,day,fixed,volview,5,cheap,both,62,-1.6937096774193547,-105.00999999999999,-0.5008354246276371,42,0.4952380952380962,20.80000000000004,0.08065198422436486,40,-4.924499999999999,-196.97999999999996,-1.3111650147560523,-167.27999999999997
KXETH,1,day,fixed,volview,5,cheap,yes,61,-1.4780327868852459,-90.16,-0.42743870603473544,42,0.4952380952380962,20.80000000000004,0.08065198422436486,40,-4.924499999999999,-196.97999999999996,-1.3111650147560523,-167.27999999999997
KXETH,1,day,fixed,volview,5,cheap,no,1,-14.850000000000001,-14.850000000000001,,0,,0.0,,0,,0.0,,0.0
KXETH,1,day,fixed,volview,5,middle,both,248,-6.643225806451613,-1647.52,-1.8125760238404431,91,-3.0642857142857145,-278.85,-1.438056686905372,27,-9.755185185185185,-263.39,-4.426672311386887,-199.66
KXETH,1,day,fixed,volview,5,middle,yes,120,-8.014833333333332,-961.7799999999999,-1.970056118347833,76,-3.0273684210526315,-230.07999999999998,-1.3149585027342507,12,-12.773333333333335,-153.28000000000003,-3.0116132026121423,-89.55000000000001
KXETH,1,day,fixed,volview,5,middle,no,128,-5.357343750000001,-685.7400000000001,-0.791730198735287,15,-3.2513333333333363,-48.770000000000046,-0.5000036376417187,15,-7.340666666666668,-110.11000000000003,,-110.11000000000003
KXETH,1,day,fixed,volview,10,all,both,134,-9.312611940298508,-1247.89,-1.5053392218472865,36,-1.310833333333333,-47.18999999999999,-0.2569620217425668,19,-13.217894736842107,-251.14000000000004,-1.9121664135710275,-284.64000000000004
KXETH,1,day,fixed,volview,10,all,yes,68,-3.986911764705882,-271.10999999999996,-0.7597354303825612,28,-3.3439285714285707,-93.62999999999998,-0.5334151702862575,11,-5.254545454545457,-57.80000000000002,-1.0859816981163766,-91.3
KXETH,1,day,fixed,volview,10,all,no,66,-14.799696969696972,-976.7800000000002,-1.3977252925221118,8,5.804999999999996,46.43999999999997,0.4092109150458159,8,-24.167500000000004,-193.34000000000003,,-193.34000000000003
KXETH,1,day,fixed,volview,10,cheap,both,10,9.264,92.63999999999999,0.8433545880699689,9,12.17888888888889,109.61000000000001,0.5836011119101923,7,-10.025714285714285,-70.17999999999999,-5.599017412757931,-70.17999999999999
KXETH,1,day,fixed,volview,10,cheap,yes,9,11.943333333333333,107.49,0.8907539039606729,9,12.17888888888889,109.61000000000001,0.5836011119101923,7,-10.025714285714285,-70.17999999999999,-5.599017412757931,-70.17999999999999
KXETH,1,day,fixed,volview,10,cheap,no,1,-14.850000000000001,-14.850000000000001,,0,,0.0,,0,,0.0,,0.0
KXETH,1,day,fixed,volview,10,middle,both,123,-11.005528455284553,-1353.68,-1.7037989360458212,27,-5.807407407407408,-156.8,-1.5125534120510162,12,-15.080000000000004,-180.96000000000004,-1.3517236227695215,-214.46000000000004
KXETH,1,day,fixed,volview,10,middle,yes,59,-6.416949152542373,-378.6,-1.1688891558411363,19,-10.696842105263155,-203.23999999999995,-3.063233107227273,4,3.094999999999999,12.379999999999995,,-21.12
KXETH,1,day,fixed,volview,10,middle,no,64,-15.235625,-975.08,-1.3922222257248147,8,5.804999999999996,46.43999999999997,0.4092109150458159,8,-24.167500000000004,-193.34000000000003,,-193.34000000000003
KXETH,1,day,fixed,shrink25,2,all,both,58,-13.590689655172413,-788.26,-1.8720071627475539,21,-22.01476190476191,-462.3100000000002,-1.9662013740264697,0,,0.0,,0.0
KXETH,1,day,fixed,shrink25,2,all,yes,34,-4.432058823529411,-150.69,-0.7279955040649397,3,-19.73,-59.19,-21.437633135181418,0,,0.0,,0.0
KXETH,1,day,fixed,shrink25,2,all,no,24,-26.565416666666664,-637.5699999999999,-2.2127281933739607,18,-22.39555555555556,-403.12000000000006,,0,,0.0,,0.0
KXETH,1,day,fixed,shrink25,2,cheap,both,3,21.99666666666667,65.99000000000001,,0,,0.0,,0,,0.0,,0.0
KXETH,1,day,fixed,shrink25,2,cheap,yes,3,21.99666666666667,65.99000000000001,,0,,0.0,,0,,0.0,,0.0
KXETH,1,day,fixed,shrink25,2,cheap,no,0,,0.0,,0,,0.0,,0,,0.0,,0.0
KXETH,1,day,fixed,shrink25,2,middle,both,55,-15.531818181818183,-854.2500000000001,-2.164523315953879,21,-22.01476190476191,-462.3100000000002,-1.9662013740264697,0,,0.0,,0.0
KXETH,1,day,fixed,shrink25,2,middle,yes,31,-6.989677419354836,-216.6799999999999,-1.3439822881143133,3,-19.73,-59.19,-21.437633135181418,0,,0.0,,0.0
KXETH,1,day,fixed,shrink25,2,middle,no,24,-26.565416666666664,-637.5699999999999,-2.2127281933739607,18,-22.39555555555556,-403.12000000000006,,0,,0.0,,0.0
KXETH,1,day,fixed,shrink25,5,all,both,6,20.091666666666665,120.55,1.1666466527014254,0,,0.0,,0,,0.0,,0.0
KXETH,1,day,fixed,shrink25,5,all,yes,5,7.5,37.5,,0,,0.0,,0,,0.0,,0.0
KXETH,1,day,fixed,shrink25,5,all,no,1,83.05,83.05,,0,,0.0,,0,,0.0,,0.0
KXETH,1,day,fixed,shrink25,5,cheap,both,0,,0.0,,0,,0.0,,0,,0.0,,0.0
KXETH,1,day,fixed,shrink25,5,cheap,yes,0,,0.0,,0,,0.0,,0,,0.0,,0.0
KXETH,1,day,fixed,shrink25,5,cheap,no,0,,0.0,,0,,0.0,,0,,0.0,,0.0
KXETH,1,day,fixed,shrink25,5,middle,both,6,20.091666666666665,120.55,1.1666466527014254,0,,0.0,,0,,0.0,,0.0
KXETH,1,day,fixed,shrink25,5,middle,yes,5,7.5,37.5,,0,,0.0,,0,,0.0,,0.0
KXETH,1,day,fixed,shrink25,5,middle,no,1,83.05,83.05,,0,,0.0,,0,,0.0,,0.0
KXETH,1,day,fixed,shrink25,10,all,both,0,,0.0,,0,,0.0,,0,,0.0,,0.0
KXETH,1,day,fixed,shrink25,10,all,yes,0,,0.0,,0,,0.0,,0,,0.0,,0.0
KXETH,1,day,fixed,shrink25,10,all,no,0,,0.0,,0,,0.0,,0,,0.0,,0.0
KXETH,1,day,fixed,shrink25,10,cheap,both,0,,0.0,,0,,0.0,,0,,0.0,,0.0
KXETH,1,day,fixed,shrink25,10,cheap,yes,0,,0.0,,0,,0.0,,0,,0.0,,0.0
KXETH,1,day,fixed,shrink25,10,cheap,no,0,,0.0,,0,,0.0,,0,,0.0,,0.0
KXETH,1,day,fixed,shrink25,10,middle,both,0,,0.0,,0,,0.0,,0,,0.0,,0.0
KXETH,1,day,fixed,shrink25,10,middle,yes,0,,0.0,,0,,0.0,,0,,0.0,,0.0
KXETH,1,day,fixed,shrink25,10,middle,no,0,,0.0,,0,,0.0,,0,,0.0,,0.0
KXETH,1,day,fixed,shrink50,2,all,both,282,-5.802836879432623,-1636.3999999999996,-1.6338325078972353,140,-5.1837857142857136,-725.7299999999999,-1.3860447047153246,60,-11.707833333333337,-702.4700000000003,-1.75205249047297,-720.0699999999999
KXETH,1,day,fixed,shrink50,2,all,yes,161,-4.278509316770186,-688.8399999999999,-1.4185848238854766,85,2.345058823529412,199.33000000000004,0.6625716715889236,28,-5.964285714285714,-167.0,-1.6491607002118722,-184.59999999999997
KXETH,1,day,fixed,shrink50,2,all,no,121,-7.8310743801652904,-947.5600000000002,-1.1415816042334006,55,-16.81927272727273,-925.0600000000001,-2.1968777205615364,32,-16.7334375,-535.47,-1.4418443718635658,-535.47
KXETH,1,day,fixed,shrink50,2,cheap,both,45,-0.658666666666667,-29.64000000000001,-0.17771466919605017,33,1.140303030303031,37.630000000000024,0.15653917801045342,22,-6.708181818181817,-147.57999999999998,-1.6950971776057542,-147.57999999999998
KXETH,1,day,fixed,shrink50,2,cheap,yes,44,-0.33613636363636384,-14.79000000000001,-0.08757653022268824,33,1.140303030303031,37.630000000000024,0.15653917801045342,22,-6.708181818181817,-147.57999999999998,-1.6950971776057542,-147.57999999999998
KXETH,1,day,fixed,shrink50,2,cheap,no,1,-14.850000000000001,-14.850000000000001,,0,,0.0,,0,,0.0,,0.0
KXETH,1,day,fixed,shrink50,2,middle,both,227,-7.129515418502203,-1618.4,-1.7821213640792384,105,-7.43047619047619,-780.1999999999999,-1.7111322916865652,31,-13.34935483870968,-413.83000000000004,-1.3293112375904155,-431.43
KXETH,1,day,fixed,shrink50,2,middle,yes,117,-5.761111111111111,-674.05,-1.5147540910441075,52,3.1096153846153856,161.70000000000005,1.1673462016516616,6,-3.2366666666666677,-19.420000000000005,-0.5336356320522864,-37.02
KXETH,1,day,fixed,shrink50,2,middle,no,110,-8.585,-944.3500000000001,-1.1469856901513178,53,-17.771698113207545,-941.9,-2.420759358674395,25,-15.7764,-394.41,-1.3554897505447747,-394.41
KXETH,1,day,fixed,shrink50,5,all,both,97,-11.623298969072165,-1127.46,-1.8546372295185654,36,-3.3355555555555574,-120.08000000000007,-0.32588186331671315,10,-21.805,-218.05,-2.1797427036583263,-218.05
KXETH,1,day,fixed,shrink50,5,all,yes,53,-3.6749056603773576,-194.76999999999995,-0.6969917731596117,11,18.774545454545457,206.52000000000004,0.7760779353160654,2,-14.82,-29.64,,-29.64
KXETH,1,day,fixed,shrink50,5,all,no,44,-21.1975,-932.69,-1.809635340389681,25,-13.064,-326.6,-1.2665170705469038,8,-23.551250000000003,-188.41000000000003,,-188.41000000000003
KXETH,1,day,fixed,shrink50,5,cheap,both,5,29.791999999999994,148.95999999999998,1.2707646993529325,4,39.1075,156.43,,1,-8.52,-8.52,,-8.52
KXETH,1,day,fixed,shrink50,5,cheap,yes,5,29.791999999999994,148.95999999999998,1.2707646993529325,4,39.1075,156.43,,1,-8.52,-8.52,,-8.52
KXETH,1,day,fixed,shrink50,5,cheap,no,0,,0.0,,0,,0.0,,0,,0.0,,0.0
KXETH,1,day,fixed,shrink50,5,middle,both,92,-13.874130434782609,-1276.42,-2.2152635361409234,32,-8.640937500000001,-276.51000000000005,-1.1264814395150606,9,-23.281111111111116,-209.53000000000003,-2.4995113229369945,-209.53000000000003
KXETH,1,day,fixed,shrink50,5,middle,yes,48,-7.161041666666667,-343.73,-1.5796341229863622,7,7.155714285714288,50.09000000000002,0.3880361543020044,1,-21.12,-21.12,,-21.12
KXETH,1,day,fixed,shrink50,5,middle,no,44,-21.1975,-932.69,-1.809635340389681,25,-13.064,-326.6,-1.2665170705469038,8,-23.551250000000003,-188.41000000000003,,-188.41000000000003
KXETH,1,day,fixed,shrink50,10,all,both,18,-15.392222222222223,-277.06,-1.4072267529514293,1,-59.71000000000001,-59.71000000000001,,0,,0.0,,0.0
KXETH,1,day,fixed,shrink50,10,all,yes,8,-7.564999999999999,-60.51999999999999,-0.4995257579624364,0,,0.0,,0,,0.0,,0.0
KXETH,1,day,fixed,shrink50,10,all,no,10,-21.654000000000003,-216.54000000000002,-1.3707308373447715,1,-59.71000000000001,-59.71000000000001,,0,,0.0,,0.0
KXETH,1,day,fixed,shrink50,10,cheap,both,0,,0.0,,0,,0.0,,0,,0.0,,0.0
KXETH,1,day,fixed,shrink50,10,cheap,yes,0,,0.0,,0,,0.0,,0,,0.0,,0.0
KXETH,1,day,fixed,shrink50,10,cheap,no,0,,0.0,,0,,0.0,,0,,0.0,,0.0
KXETH,1,day,fixed,shrink50,10,middle,both,18,-15.392222222222223,-277.06,-1.4072267529514293,1,-59.71000000000001,-59.71000000000001,,0,,0.0,,0.0
KXETH,1,day,fixed,shrink50,10,middle,yes,8,-7.564999999999999,-60.51999999999999,-0.4995257579624364,0,,0.0,,0,,0.0,,0.0
KXETH,1,day,fixed,shrink50,10,middle,no,10,-21.654000000000003,-216.54000000000002,-1.3707308373447715,1,-59.71000000000001,-59.71000000000001,,0,,0.0,,0.0
KXETH,5,day,fixed,none,2,all,both,961,-3.969188345473465,-3814.39,-3.1099516258277546,500,-2.9783600000000003,-1489.18,-2.1513046953146,344,-4.3488953488372095,-1496.02,-2.4314046129788074,-1391.1599999999999
KXETH,5,day,fixed,none,2,all,yes,476,-3.5597689075630248,-1694.4499999999998,-2.4070620131187246,305,-3.414721311475409,-1041.4899999999998,-1.6914793606384153,194,-4.475567010309279,-868.26,-2.2390227209931783,-695.24
KXETH,5,day,fixed,none,2,all,no,485,-4.371010309278351,-2119.9400000000005,-2.7404938499369615,195,-2.2958461538461536,-447.69,-1.0447834410816896,150,-4.185066666666666,-627.7599999999999,-1.3813982540640588,-695.9199999999998
KXETH,5,day,fixed,none,2,cheap,both,204,-3.858578431372549,-787.15,-2.0820033205151134,136,-1.7325,-235.62,-0.8047219143899456,129,-3.361705426356589,-433.65999999999997,-1.4316028466806752,-361.5100000000001
KXETH,5,day,fixed,none,2,cheap,yes,201,-3.6997512437810944,-743.65,-1.924940184047806,136,-1.7325,-235.62,-0.8047219143899456,128,-3.3296875000000004,-426.20000000000005,-1.418753243949959,-354.0500000000001
KXETH,5,day,fixed,none,2,cheap,no,3,-14.5,-43.5,-41.428571428571395,0,,0.0,,1,-7.459999999999995,-7.459999999999995,,-7.459999999999995
KXETH,5,day,fixed,none,2,middle,both,537,-4.623351955307262,-2482.74,-2.261573965763298,263,-4.523536121673004,-1189.69,-1.9133550537901527,130,-9.69346153846154,-1260.15,-2.8295902010169574,-1159.2800000000002
KXETH,5,day,fixed,none,2,middle,yes,270,-3.5974074074074074,-971.3,-1.529000686316679,169,-4.768461538461539,-805.8700000000001,-1.4604435733788903,66,-6.697878787878789,-442.06000000000006,-1.7958237645058788,-341.19000000000005
KXETH,5,day,fixed,none,2,middle,no,267,-5.6608239700374545,-1511.4400000000003,-1.8192394598271684,94,-4.083191489361703,-383.8200000000001,-1.2610349949420105,64,-12.782656250000002,-818.0900000000001,-2.017429850661791,-818.0900000000001
KXETH,5,day,fixed,none,5,all,both,404,-5.402599009900991,-2182.65,-2.7598320121793445,193,-4.359430051813472,-841.3700000000001,-2.018812781932483,89,-7.1025842696629224,-632.1300000000001,-1.3116078740248356,-525.27
KXETH,5,day,fixed,none,5,all,yes,247,-5.472550607287451,-1351.7200000000003,-2.417104099615622,131,-1.5970992366412204,-209.21999999999989,-0.6884100950734323,61,-3.6775409836065576,-224.33,-0.7373085838131314,-111.86999999999998
KXETH,5,day,fixed,none,5,all,no,157,-5.292547770700637,-830.9300000000001,-1.5244913728482108,62,-10.195967741935485,-632.1500000000001,-1.9492900741912977,28,-14.564285714285713,-407.79999999999995,-0.9927159922801595,-413.4
KXETH,5,day,fixed,none,5,cheap,both,80,-5.7006250000000005,-456.05,-2.1837977903440984,51,2.78686274509804,142.13000000000002,0.6443510919922206,43,-0.622325581395349,-26.760000000000005,-0.09101044043951144,16.739999999999995
KXETH,5,day,fixed,none,5,cheap,yes,78,-5.4794871794871804,-427.4000000000001,-2.013732711015166,51,2.78686274509804,142.13000000000002,0.6443510919922206,43,-0.622325581395349,-26.760000000000005,-0.09101044043951144,16.739999999999995
KXETH,5,day,fixed,none,5,cheap,no,2,-14.325000000000001,-28.650000000000002,,0,,0.0,,0,,0.0,,0.0
KXETH,5,day,fixed,none,5,middle,both,297,-6.061851851851852,-1800.3700000000001,-2.4635647869052955,136,-7.596397058823531,-1033.1100000000001,-2.8767749713179196,44,-14.03431818181818,-617.51,-1.4589759380117846,-548.55
KXETH,5,day,fixed,none,5,middle,yes,169,-5.469349112426035,-924.3199999999999,-1.871971488897459,80,-4.391875000000001,-351.3500000000001,-1.9496915938348265,18,-10.976111111111113,-197.57000000000002,-3.1817655619577843,-128.60999999999996
KXETH,5,day,fixed,none,5,middle,no,128,-6.844140625000001,-876.0500000000002,-1.622160833554874,56,-12.174285714285716,-681.7600000000001,-2.4772645930917547,26,-16.151538461538458,-419.93999999999994,-1.0320273685927395,-419.93999999999994
KXETH,5,day,fixed,none,10,all,both,151,-7.22682119205298,-1091.25,-2.1809142215137234,65,-8.112153846153847,-527.2900000000001,-0.8518704141128048,25,-15.869200000000001,-396.73,-1.0989535235788894,-382.92999999999995
KXETH,5,day,fixed,none,10,all,yes,86,-5.363720930232558,-461.28000000000003,-1.3106367219238704,33,1.7930303030303032,59.17000000000001,0.27226774402344367,8,-3.219999999999999,-25.75999999999999,-0.3464447253461558,-11.959999999999999
KXETH,5,day,fixed,none,10,all,no,65,-9.691846153846154,-629.97,-1.5216957040582866,32,-18.326875,-586.46,-1.4101200069250837,17,-21.821764705882355,-370.97,,-370.97
KXETH,5,day,fixed,none,10,cheap,both,14,-5.449285714285714,-76.28999999999999,-0.6696155544535544,11,-2.69,-29.59,-0.25309840964502744,5,-9.994000000000002,-49.970000000000006,-25.064181680054087,-36.17
KXETH,5,day,fixed,none,10,cheap,yes,12,-3.97,-47.64,-0.36745624678002525,11,-2.69,-29.59,-0.25309840964502744,5,-9.994000000000002,-49.970000000000006,-25.064181680054087,-36.17
KXETH,5,day,fixed,none,10,cheap,no,2,-14.325000000000001,-28.650000000000002,,0,,0.0,,0,,0.0,,0.0
KXETH,5,day,fixed,none,10,middle,both,136,-7.566617647058823,-1029.06,-2.1023579874236327,54,-9.21666666666667,-497.70000000000016,-0.803138699666321,20,-17.338,-346.76,-0.9260030764505778,-346.76
KXETH,5,day,fixed,none,10,middle,yes,74,-5.58972972972973,-413.64000000000004,-1.3238149795559064,22,4.034545454545453,88.75999999999998,0.4493880510493523,3,8.070000000000002,24.210000000000008,,24.210000000000008
KXETH,5,day,fixed,none,10,middle,no,62,-9.926129032258064,-615.42,-1.506532793965121,32,-18.326875,-586.46,-1.4101200069250837,17,-21.821764705882355,-370.97,,-370.97
KXETH,5,day,fixed,volview,2,all,both,796,-4.816922110552764,-3834.27,-3.3989127398262,377,-2.275915119363395,-858.02,-1.2812308605465998,265,-1.7375849056603774,-460.46,-1.0088992027887842,-375.8299999999998
KXETH,5,day,fixed,volview,2,all,yes,386,-5.603989637305699,-2163.14,-3.22794021851709,238,-3.1761764705882354,-755.9300000000001,-1.2243064108991006,167,-3.9859880239520957,-665.66,-1.8826206467327453,-521.29
KXETH,5,day,fixed,volview,2,all,no,410,-4.075926829268293,-1671.13,-2.4476095768985173,139,-0.7344604316546764,-102.09000000000003,-0.30370409875436827,98,2.093877551020408,205.2,1.0752353206177165,145.45999999999998
KXETH,5,day,fixed,volview,2,cheap,both,190,-3.908315789473685,-742.5800000000002,-2.018638075580888,89,-0.8286516853932576,-73.74999999999993,-0.24142142080644582,105,-2.8347619047619044,-297.65,-1.055239892014451,-254.14999999999995
KXETH,5,day,fixed,volview,2,cheap,yes,188,-3.7975000000000003,-713.9300000000001,-1.9069030973043204,89,-0.8286516853932576,-73.74999999999993,-0.24142142080644582,105,-2.8347619047619044,-297.65,-1.055239892014451,-254.14999999999995
KXETH,5,day,fixed,volview,2,cheap,no,2,-14.325000000000001,-28.650000000000002,,0,,0.0,,0,,0.0,,0.0
KXETH,5,day,fixed,volview,2,middle,both,397,-6.4534005037783375,-2562.0,-2.727202393049477,187,-3.8524064171123005,-720.4000000000002,-1.2549703022689642,79,-5.4873417721518996,-433.50000000000006,-1.5745723611675209,-332.63
KXETH,5,day,fixed,volview,2,middle,yes,197,-7.375329949238579,-1452.94,-2.5838046150901044,149,-4.578389261744967,-682.1800000000001,-1.3091669108188873,62,-5.9356451612903225,-368.01,-1.5440460684300419,-267.14
KXETH,5,day,fixed,volview,2,middle,no,200,-5.545300000000001,-1109.0600000000002,-1.5081777068674758,38,-1.0057894736842126,-38.22000000000008,-0.21254119180113865,17,-3.852352941176471,-65.49000000000001,-0.5039839483220935,-65.49000000000001
KXETH,5,day,fixed,volview,5,all,both,356,-6.186573033707865,-2202.42,-2.9688244452111467,154,-2.821363636363637,-434.4900000000001,-0.9799207409015898,73,-5.142739726027397,-375.41999999999996,-1.189712733493182,-268.56
KXETH,5,day,fixed,volview,5,all,yes,207,-7.398115942028986,-1531.41,-3.0954429462159556,122,-2.9526229508196713,-360.2199999999999,-0.9414735542648166,59,-5.244576271186441,-309.43,-0.9896876760869017,-196.96999999999997
KXETH,5,day,fixed,volview,5,all,no,149,-4.503422818791946,-671.01,-1.2742184202907139,32,-2.320937500000002,-74.27000000000007,-0.3625730575019264,14,-4.71357142857143,-65.99000000000002,-1.159485966590958,-71.59000000000002
KXETH,5,day,fixed,volview,5,cheap,both,71,-6.4994366197183115,-461.4600000000001,-2.7530205679571775,47,1.6431914893617035,77.23000000000006,0.32482536879421015,41,-2.7282926829268295,-111.86000000000001,-0.3907697503824388,-68.35999999999999
KXETH,5,day,fixed,volview,5,cheap,yes,69,-6.272608695652175,-432.81000000000006,-2.512543920595507,47,1.6431914893617035,77.23000000000006,0.32482536879421015,41,-2.7282926829268295,-111.86000000000001,-0.3907697503824388,-68.35999999999999
KXETH,5,day,fixed,volview,5,cheap,no,2,-14.325000000000001,-28.650000000000002,,0,,0.0,,0,,0.0,,0.0
KXETH,5,day,fixed,volview,5,middle,both,258,-7.033837209302326,-1814.73,-2.7848731007272627,101,-5.557722772277228,-561.33,-1.5313209257553575,30,-9.19,-275.7,-3.5569931038106017,-206.74
KXETH,5,day,fixed,volview,5,middle,yes,138,-7.960869565217391,-1098.6,-2.522047315047059,75,-5.8326666666666656,-437.44999999999993,-1.5853050350140157,18,-10.976111111111113,-197.57000000000002,-3.1817655619577843,-128.60999999999996
KXETH,5,day,fixed,volview,5,middle,no,120,-5.9677500000000006,-716.1300000000001,-1.3586576033974618,26,-4.764615384615387,-123.88000000000005,-0.5787525347713516,12,-6.510833333333337,-78.13000000000004,,-78.13000000000004
KXETH,5,day,fixed,volview,10,all,both,138,-6.785072463768114,-936.3399999999998,-1.894624810213013,51,-2.0201960784313733,-103.03000000000003,-0.2252360029181763,17,-4.808235294117647,-81.74000000000001,-0.8389712632679588,-67.94000000000001
KXETH,5,day,fixed,volview,10,all,yes,75,-4.772133333333333,-357.90999999999997,-1.0956536738427154,33,1.7930303030303032,59.17000000000001,0.27226774402344367,8,-3.219999999999999,-25.75999999999999,-0.3464447253461558,-11.959999999999999
KXETH,5,day,fixed,volview,10,all,no,63,-9.181428571428569,-578.4299999999998,-1.3996442975285472,18,-9.011111111111115,-162.20000000000007,-0.4954748622469924,9,-6.220000000000001,-55.980000000000004,,-55.980000000000004
KXETH,5,day,fixed,volview,10,cheap,both,13,-4.888461538461538,-63.54999999999999,-0.5776810481572476,11,-2.69,-29.59,-0.25309840964502744,5,-9.994000000000002,-49.970000000000006,-25.064181680054087,-36.17
KXETH,5,day,fixed,volview,10,cheap,yes,11,-3.172727272727272,-34.89999999999999,-0.2777777412637569,11,-2.69,-29.59,-0.25309840964502744,5,-9.994000000000002,-49.970000000000006,-25.064181680054087,-36.17
KXETH,5,day,fixed,volview,10,cheap,no,2,-14.325000000000001,-28.650000000000002,,0,,0.0,,0,,0.0,,0.0
KXETH,5,day,fixed,volview,10,middle,both,124,-7.15233870967742,-886.8900000000001,-1.836118356669397,40,-1.8360000000000027,-73.44000000000011,-0.1596475414854283,12,-2.6475000000000013,-31.770000000000017,-0.2877416507538956,-31.770000000000017
KXETH,5,day,fixed,volview,10,middle,yes,64,-5.047031250000002,-323.0100000000001,-1.1296272856655785,22,4.034545454545453,88.75999999999998,0.4493880510493523,3,8.070000000000002,24.210000000000008,,24.210000000000008
KXETH,5,day,fixed,volview,10,middle,no,60,-9.398,-563.88,-1.37715312113037,18,-9.011111111111115,-162.20000000000007,-0.4954748622469924,9,-6.220000000000001,-55.980000000000004,,-55.980000000000004
KXETH,5,day,fixed,shrink25,2,all,both,62,-9.317741935483872,-577.7,-1.5478613751207841,18,6.445555555555553,116.01999999999995,0.7185650750588303,1,-24.24,-24.24,,-24.24
KXETH,5,day,fixed,shrink25,2,all,yes,35,-1.0265714285714287,-35.93000000000001,-0.16811546123212837,7,21.141428571428573,147.99,0.9881617956833169,1,-24.24,-24.24,,-24.24
KXETH,5,day,fixed,shrink25,2,all,no,27,-20.065555555555555,-541.77,-1.8144275456365333,11,-2.906363636363644,-31.970000000000084,,0,,0.0,,0.0
KXETH,5,day,fixed,shrink25,2,cheap,both,3,-12.743333333333334,-38.230000000000004,,0,,0.0,,0,,0.0,,0.0
KXETH,5,day,fixed,shrink25,2,cheap,yes,3,-12.743333333333334,-38.230000000000004,,0,,0.0,,0,,0.0,,0.0
KXETH,5,day,fixed,shrink25,2,cheap,no,0,,0.0,,0,,0.0,,0,,0.0,,0.0
KXETH,5,day,fixed,shrink25,2,middle,both,59,-9.143559322033898,-539.47,-1.4227729355980454,18,6.445555555555553,116.01999999999995,0.7185650750588303,1,-24.24,-24.24,,-24.24
KXETH,5,day,fixed,shrink25,2,middle,yes,32,0.07187499999999991,2.299999999999997,0.01044098694401027,7,21.141428571428573,147.99,0.9881617956833169,1,-24.24,-24.24,,-24.24
KXETH,5,day,fixed,shrink25,2,middle,no,27,-20.065555555555555,-541.77,-1.8144275456365333,11,-2.906363636363644,-31.970000000000084,,0,,0.0,,0.0
KXETH,5,day,fixed,shrink25,5,all,both,7,12.202857142857145,85.42000000000002,1.1681183322673212,0,,0.0,,0,,0.0,,0.0
KXETH,5,day,fixed,shrink25,5,all,yes,5,4.906000000000001,24.53,0.4563113990060588,0,,0.0,,0,,0.0,,0.0
KXETH,5,day,fixed,shrink25,5,all,no,2,30.445000000000004,60.89000000000001,,0,,0.0,,0,,0.0,,0.0
KXETH,5,day,fixed,shrink25,5,cheap,both,0,,0.0,,0,,0.0,,0,,0.0,,0.0
KXETH,5,day,fixed,shrink25,5,cheap,yes,0,,0.0,,0,,0.0,,0,,0.0,,0.0
KXETH,5,day,fixed,shrink25,5,cheap,no,0,,0.0,,0,,0.0,,0,,0.0,,0.0
KXETH,5,day,fixed,shrink25,5,middle,both,7,12.202857142857145,85.42000000000002,1.1681183322673212,0,,0.0,,0,,0.0,,0.0
KXETH,5,day,fixed,shrink25,5,middle,yes,5,4.906000000000001,24.53,0.4563113990060588,0,,0.0,,0,,0.0,,0.0
KXETH,5,day,fixed,shrink25,5,middle,no,2,30.445000000000004,60.89000000000001,,0,,0.0,,0,,0.0,,0.0
KXETH,5,day,fixed,shrink25,10,all,both,0,,0.0,,0,,0.0,,0,,0.0,,0.0
KXETH,5,day,fixed,shrink25,10,all,yes,0,,0.0,,0,,0.0,,0,,0.0,,0.0
KXETH,5,day,fixed,shrink25,10,all,no,0,,0.0,,0,,0.0,,0,,0.0,,0.0
KXETH,5,day,fixed,shrink25,10,cheap,both,0,,0.0,,0,,0.0,,0,,0.0,,0.0
KXETH,5,day,fixed,shrink25,10,cheap,yes,0,,0.0,,0,,0.0,,0,,0.0,,0.0
KXETH,5,day,fixed,shrink25,10,cheap,no,0,,0.0,,0,,0.0,,0,,0.0,,0.0
KXETH,5,day,fixed,shrink25,10,middle,both,0,,0.0,,0,,0.0,,0,,0.0,,0.0
KXETH,5,day,fixed,shrink25,10,middle,yes,0,,0.0,,0,,0.0,,0,,0.0,,0.0
KXETH,5,day,fixed,shrink25,10,middle,no,0,,0.0,,0,,0.0,,0,,0.0,,0.0
KXETH,5,day,fixed,shrink50,2,all,both,287,-5.571393728222997,-1598.9900000000002,-2.256020367322736,145,-5.38248275862069,-780.4600000000002,-1.3184778064675347,58,-10.653793103448278,-617.9200000000001,-1.4691562564066345,-485.78
KXETH,5,day,fixed,shrink50,2,all,yes,171,-5.10421052631579,-872.82,-1.6367277934256037,98,-1.3152040816326527,-128.88999999999996,-0.4726402978168476,40,-6.9355,-277.42,-1.1116723080061233,-145.28
KXETH,5,day,fixed,shrink50,2,all,no,116,-6.260086206896553,-726.1700000000001,-1.5544623827461719,47,-13.8631914893617,-651.5699999999999,-1.4481162208647596,18,-18.91666666666667,-340.50000000000006,-1.0421155227545542,-340.50000000000006
KXETH,5,day,fixed,shrink50,2,cheap,both,52,-5.968076923076923,-310.34000000000003,-2.439540877633728,40,1.5017500000000001,60.07000000000001,0.2733802843079886,29,-4.9706896551724125,-144.14999999999995,-0.7447844557854336,-100.64999999999998
KXETH,5,day,fixed,shrink50,2,cheap,yes,50,-5.6338,-281.69,-2.1131971950240938,40,1.5017500000000001,60.07000000000001,0.2733802843079886,29,-4.9706896551724125,-144.14999999999995,-0.7447844557854336,-100.64999999999998
KXETH,5,day,fixed,shrink50,2,cheap,no,2,-14.325000000000001,-28.650000000000002,,0,,0.0,,0,,0.0,,0.0
KXETH,5,day,fixed,shrink50,2,middle,both,220,-5.716136363636363,-1257.55,-1.851320864051325,101,-8.683762376237626,-877.0600000000002,-1.7568658303491596,29,-16.33689655172414,-473.7700000000001,-1.3059065238682428,-385.13
KXETH,5,day,fixed,shrink50,2,middle,yes,121,-4.885371900826447,-591.1300000000001,-1.2170100642810426,58,-3.2579310344827586,-188.96,-1.0666676903224344,11,-12.115454545454547,-133.27,-1.0429389640130104,-44.629999999999995
KXETH,5,day,fixed,shrink50,2,middle,no,99,-6.731515151515152,-666.4200000000001,-1.4170750849758247,43,-16.002325581395347,-688.0999999999999,-1.6620834440162764,18,-18.91666666666667,-340.50000000000006,-1.0421155227545542,-340.50000000000006
KXETH,5,day,fixed,shrink50,5,all,both,111,-9.873963963963966,-1096.0100000000002,-2.4016432870966318,43,-4.683023255813955,-201.3700000000001,-0.5765913000736211,11,-24.975454545454546,-274.73,,-274.73
KXETH,5,day,fixed,shrink50,5,all,yes,63,-9.065555555555555,-571.13,-1.8206714409103992,18,0.133888888888889,2.410000000000002,0.02000523473296583,2,27.840000000000003,55.68000000000001,,55.68000000000001
KXETH,5,day,fixed,shrink50,5,all,no,48,-10.935,-524.88,-1.401879307237013,25,-8.151200000000003,-203.78000000000006,-0.8273276294694725,9,-36.71222222222222,-330.41,,-330.41
KXETH,5,day,fixed,shrink50,5,cheap,both,6,-12.918333333333335,-77.51,-6.759479781668999,1,-6.4,-6.4,,0,,0.0,,0.0
KXETH,5,day,fixed,shrink50,5,cheap,yes,5,-12.532,-62.660000000000004,-5.304339091087112,1,-6.4,-6.4,,0,,0.0,,0.0
KXETH,5,day,fixed,shrink50,5,cheap,no,1,-14.850000000000001,-14.850000000000001,,0,,0.0,,0,,0.0,,0.0
KXETH,5,day,fixed,shrink50,5,middle,both,104,-9.928846153846154,-1032.6,-2.2589042687414893,42,-4.642142857142857,-194.97,-0.5520006518868419,11,-24.975454545454546,-274.73,,-274.73
KXETH,5,day,fixed,shrink50,5,middle,yes,58,-8.766724137931035,-508.47,-1.6292533008272083,17,0.5182352941176467,8.809999999999993,0.07181864581253791,2,27.840000000000003,55.68000000000001,,55.68000000000001
KXETH,5,day,fixed,shrink50,5,middle,no,46,-11.394130434782609,-524.13,-1.4215024335179778,25,-8.151200000000003,-203.78000000000006,-0.8273276294694725,9,-36.71222222222222,-330.41,,-330.41
KXETH,5,day,fixed,shrink50,10,all,both,18,1.8988888888888904,34.18000000000003,0.2246677550265533,3,-22.393333333333334,-67.18,,0,,0.0,,0.0
KXETH,5,day,fixed,shrink50,10,all,yes,11,11.876363636363635,130.64,1.0124493361060638,0,,0.0,,0,,0.0,,0.0
KXETH,5,day,fixed,shrink50,10,all,no,7,-13.78,-96.46,-0.5829366582591035,3,-22.393333333333334,-67.18,,0,,0.0,,0.0
KXETH,5,day,fixed,shrink50,10,cheap,both,0,,0.0,,0,,0.0,,0,,0.0,,0.0
KXETH,5,day,fixed,shrink50,10,cheap,yes,0,,0.0,,0,,0.0,,0,,0.0,,0.0
KXETH,5,day,fixed,shrink50,10,cheap,no,0,,0.0,,0,,0.0,,0,,0.0,,0.0
KXETH,5,day,fixed,shrink50,10,middle,both,18,1.8988888888888904,34.18000000000003,0.2246677550265533,3,-22.393333333333334,-67.18,,0,,0.0,,0.0
KXETH,5,day,fixed,shrink50,10,middle,yes,11,11.876363636363635,130.64,1.0124493361060638,0,,0.0,,0,,0.0,,0.0
KXETH,5,day,fixed,shrink50,10,middle,no,7,-13.78,-96.46,-0.5829366582591035,3,-22.393333333333334,-67.18,,0,,0.0,,0.0
KXETH,15,day,fixed,none,2,all,both,950,-1.7099789473684206,-1624.4799999999996,-1.595827539553456,517,-3.0553965183752414,-1579.6399999999999,-1.558357163648929,347,-5.604466858789626,-1944.75,-2.0848665903341788,-1833.2600000000002
KXETH,15,day,fixed,none,2,all,yes,456,-2.4677850877192977,-1125.3099999999997,-2.0289062564821423,303,-3.135445544554455,-950.04,-1.3682152171284176,203,-3.5081773399014775,-712.16,-1.0143538773324257,-498.57999999999987
KXETH,15,day,fixed,none,2,all,no,494,-1.010465587044535,-499.1700000000003,-0.6853218870122232,214,-2.9420560747663558,-629.6000000000001,-1.3556128555117541,144,-8.559652777777778,-1232.5900000000001,-1.6602911029803278,-1334.6799999999998
KXETH,15,day,fixed,none,2,cheap,both,194,-2.6853092783505144,-520.9499999999998,-1.4605723701867825,106,-2.8691509433962246,-304.1299999999998,-1.0115982005685302,96,-1.091354166666666,-104.76999999999992,-0.3945825528443072,-89.91999999999999
KXETH,15,day,fixed,none,2,cheap,yes,189,-2.441534391534391,-461.44999999999993,-1.2700306855318881,106,-2.8691509433962246,-304.1299999999998,-1.0115982005685302,93,-0.8063440860215054,-74.99000000000001,-0.27226416768647804,-60.13999999999999
KXETH,15,day,fixed,none,2,cheap,no,5,-11.9,-59.5,-1.934330299089726,0,,0.0,,3,-9.926666666666664,-29.77999999999999,-5.062839680503841,-29.77999999999999
KXETH,15,day,fixed,none,2,middle,both,538,-1.453104089219331,-781.7700000000001,-1.0730538441351734,289,-4.325294117647058,-1250.0099999999998,-1.7655486908200007,178,-8.94488764044944,-1592.1900000000003,-2.151039084433171,-1416.1800000000003
KXETH,15,day,fixed,none,2,middle,yes,262,-2.2375572519083966,-586.2399999999999,-1.2806188683622726,197,-3.2787309644670053,-645.9100000000001,-1.108565971257658,110,-5.7924545454545475,-637.1700000000002,-1.218637592084666,-438.44000000000005
KXETH,15,day,fixed,none,2,middle,no,276,-0.7084420289855079,-195.53000000000017,-0.31034109018316614,92,-6.566304347826088,-604.1,-1.7149693504552772,68,-14.044411764705881,-955.0199999999999,-1.3225274904443225,-977.7399999999999
KXETH,15,day,fixed,none,5,all,both,425,-2.3213176470588235,-986.5600000000001,-1.2167381876107088,226,-4.543982300884956,-1026.94,-1.6260715284055323,109,-7.1002752293578,-773.9300000000002,-1.1300032554885289,-651.1600000000001
KXETH,15,day,fixed,none,5,all,yes,241,-1.1501659751037348,-277.19000000000005,-0.6005841565104622,158,-3.495632911392404,-552.3099999999998,-1.0980592999232623,73,-4.271506849315068,-311.81999999999994,-0.6641255804814742,-180.62999999999994
KXETH,15,day,fixed,none,5,all,no,184,-3.8552717391304347,-709.37,-1.1584184012026206,68,-6.979852941176469,-474.62999999999994,-1.1991243153234274,36,-12.836388888888889,-462.11,-0.8897834082282983,-470.53000000000003
KXETH,15,day,fixed,none,5,cheap,both,76,-5.559868421052631,-422.54999999999995,-2.9469422041841202,46,1.024565217391305,47.130000000000024,0.20985798992677956,40,2.679750000000001,107.19000000000004,0.4082882117281184,122.04000000000003
KXETH,15,day,fixed,none,5,cheap,yes,71,-5.113380281690139,-363.0499999999999,-2.362856540403557,46,1.024565217391305,47.130000000000024,0.20985798992677956,40,2.679750000000001,107.19000000000004,0.4082882117281184,122.04000000000003
KXETH,15,day,fixed,none,5,cheap,no,5,-11.9,-59.5,-1.934330299089726,0,,0.0,,0,,0.0,,0.0
KXETH,15,day,fixed,none,5,middle,both,317,-1.9367192429022078,-613.9399999999998,-0.8475268751236944,174,-6.512241379310345,-1133.13,-2.1147355839511026,65,-13.972615384615384,-908.22,-1.6466127399754256,-791.88
KXETH,15,day,fixed,none,5,middle,yes,170,0.5050588235294109,85.85999999999984,0.18840035613431627,112,-5.352142857142857,-599.4399999999999,-1.4111855973399072,33,-12.697272727272727,-419.01,-1.5438786633150643,-302.66999999999996
KXETH,15,day,fixed,none,5,middle,no,147,-4.760544217687076,-699.8000000000002,-1.1019973355972676,62,-8.607903225806453,-533.69,-1.3437633801776534,32,-15.287812500000001,-489.21000000000004,-0.9410583847617927,-489.21000000000004
KXETH,15,day,fixed,none,10,all,both,151,-1.6665562913907288,-251.65000000000003,-0.4228915633094141,78,-10.11628205128205,-789.0699999999999,-1.5780466631412313,26,-15.060000000000002,-391.56000000000006,-1.185771381674157,-353.49
KXETH,15,day,fixed,none,10,all,yes,82,0.9521951219512197,78.08000000000001,0.20868821408846272,43,-2.153255813953487,-92.58999999999995,-0.5255534116576867,14,-7.444285714285713,-104.21999999999998,-0.9081262871057287,-66.14999999999998
KXETH,15,day,fixed,none,10,all,no,69,-4.778695652173913,-329.73,-0.6698011224719452,35,-19.899428571428572,-696.48,-1.6241236425606487,12,-23.945000000000004,-287.34000000000003,,-287.34000000000003
KXETH,15,day,fixed,none,10,cheap,both,13,-3.6676923076923083,-47.68000000000001,-0.3936302579706498,9,-0.8099999999999995,-7.289999999999996,-0.09512059033887128,10,-0.6329999999999991,-6.329999999999991,-0.06522928401012991,-6.329999999999991
KXETH,15,day,fixed,none,10,cheap,yes,10,-1.0500000000000007,-10.500000000000007,-0.0929744303458897,9,-0.8099999999999995,-7.289999999999996,-0.09512059033887128,10,-0.6329999999999991,-6.329999999999991,-0.06522928401012991,-6.329999999999991
KXETH,15,day,fixed,none,10,cheap,no,3,-12.393333333333333,-37.18,,0,,0.0,,0,,0.0,,0.0
KXETH,15,day,fixed,none,10,middle,both,136,-1.7001470588235297,-231.22000000000003,-0.3840499678677641,69,-11.330144927536232,-781.78,-1.613918991351208,16,-24.076875,-385.23,-1.2745526623569283,-347.15999999999997
KXETH,15,day,fixed,none,10,middle,yes,72,1.2302777777777782,88.58000000000004,0.23863281637637557,34,-2.508823529411765,-85.30000000000001,-0.4921900527252265,4,-24.4725,-97.89,,-59.81999999999999
KXETH,15,day,fixed,none,10,middle,no,64,-4.996875,-319.8,-0.6403892650859213,35,-19.899428571428572,-696.48,-1.6241236425606487,12,-23.945000000000004,-287.34000000000003,,-287.34000000000003
KXETH,15,day,fixed,volview,2,all,both,798,-1.9734461152882206,-1574.81,-1.6851569911182882,419,-2.9866348448687345,-1251.3999999999999,-1.428773635410792,254,-5.285866141732284,-1342.6100000000001,-1.7193793297460511,-1250.6299999999999
KXETH,15,day,fixed,volview,2,all,yes,373,-1.208042895442359,-450.5999999999999,-0.8994339001119895,246,-3.6159349593495924,-889.5199999999998,-1.4239403094485434,166,-3.8125903614457837,-632.8900000000001,-0.9775497983358805,-461.53999999999996
KXETH,15,day,fixed,volview,2,all,no,425,-2.6452,-1124.21,-1.7370806191105241,173,-2.0917919075144513,-361.88000000000005,-0.8565517040454615,88,-8.065,-709.7199999999999,-1.742178478588902,-789.09
KXETH,15,day,fixed,volview,2,cheap,both,185,-2.373189189189189,-439.03999999999996,-1.229239442320261,76,-3.205131578947368,-243.58999999999997,-0.9278845792528906,66,-1.3819696969696966,-91.20999999999998,-0.4468899701065195,-76.35999999999999
KXETH,15,day,fixed,volview,2,cheap,yes,181,-2.1498342541436464,-389.12,-1.0667292257577095,76,-3.205131578947368,-243.58999999999997,-0.9278845792528906,65,-1.1909230769230768,-77.40999999999998,-0.3734559195484566,-62.55999999999999
KXETH,15,day,fixed,volview,2,cheap,no,4,-12.48,-49.92,,0,,0.0,,1,-13.8,-13.8,,-13.8
KXETH,15,day,fixed,volview,2,middle,both,402,-2.1361940298507456,-858.7499999999998,-1.322317566290826,221,-4.444841628959276,-982.3100000000001,-1.536866205681802,116,-8.60353448275862,-998.01,-1.7035077174978908,-841.51
KXETH,15,day,fixed,volview,2,middle,yes,190,0.14868421052631609,28.250000000000057,0.07097858386088479,170,-3.7995882352941166,-645.9299999999998,-1.1770222364702192,101,-5.49980198019802,-555.48,-1.0845647347754155,-398.9800000000001
KXETH,15,day,fixed,volview,2,middle,no,212,-4.183962264150944,-887.0000000000001,-1.5712234676787098,51,-6.595686274509806,-336.3800000000001,-1.0731451830663927,15,-29.502,-442.53,-1.3114282770356136,-442.53
KXETH,15,day,fixed,volview,5,all,both,378,-1.0189153439153442,-385.15000000000015,-0.5287267904067693,189,-3.669788359788359,-693.5899999999999,-1.3593745664733454,85,-9.552235294117649,-811.9400000000002,-1.6313319529339212,-689.1700000000001
KXETH,15,day,fixed,volview,5,all,yes,208,0.7222596153846156,150.23000000000005,0.3652005346329494,144,-3.8190277777777766,-549.9399999999998,-1.2878806446848419,70,-6.8861428571428585,-482.0300000000001,-1.169698403160516,-350.84
KXETH,15,day,fixed,volview,5,all,no,170,-3.1492941176470586,-535.38,-0.9720136551490601,45,-3.192222222222223,-143.65000000000003,-0.5116187555871708,15,-21.993999999999996,-329.90999999999997,-1.0685390760127902,-338.33
KXETH,15,day,fixed,volview,5,cheap,both,73,-5.4527397260273975,-398.05,-2.7019903466494597,42,-0.07047619047619075,-2.9600000000000115,-0.015003278229651331,37,-1.703243243243244,-63.02000000000003,-0.3117917690516857,-48.17000000000002
KXETH,15,day,fixed,volview,5,cheap,yes,69,-5.04536231884058,-348.13,-2.227498037692344,42,-0.07047619047619075,-2.9600000000000115,-0.015003278229651331,37,-1.703243243243244,-63.02000000000003,-0.3117917690516857,-48.17000000000002
KXETH,15,day,fixed,volview,5,cheap,no,4,-12.48,-49.92,,0,,0.0,,0,,0.0,,0.0
KXETH,15,day,fixed,volview,5,middle,both,273,-0.13564102564102512,-37.02999999999986,-0.06035009206642494,141,-5.316950354609928,-749.6899999999999,-1.707110142466006,44,-17.63681818181818,-776.02,-2.052344004785248,-659.68
KXETH,15,day,fixed,volview,5,middle,yes,139,3.5853237410071945,498.36000000000007,1.229522589839541,102,-5.362549019607842,-546.9799999999999,-1.3848252177350733,33,-12.697272727272727,-419.01,-1.5438786633150643,-302.66999999999996
KXETH,15,day,fixed,volview,5,middle,no,134,-3.9954477611940304,-535.3900000000001,-0.9356745340427698,39,-5.19769230769231,-202.7100000000001,-0.676580415367783,11,-32.45545454545454,-357.01,,-357.01
KXETH,15,day,fixed,volview,10,all,both,136,-1.2178676470588239,-165.63000000000005,-0.29346237630668376,69,-7.63231884057971,-526.63,-1.090005486536243,21,-17.873809523809523,-375.34999999999997,-1.3305446546035828,-337.28
KXETH,15,day,fixed,volview,10,all,yes,68,1.6816176470588242,114.35000000000005,0.3113355266344789,42,-1.776190476190475,-74.59999999999995,-0.4212286607912462,14,-7.444285714285713,-104.21999999999998,-0.9081262871057287,-66.14999999999998
KXETH,15,day,fixed,volview,10,all,no,68,-4.117352941176472,-279.98000000000013,-0.6204848329900202,27,-16.741851851851855,-452.0300000000001,-0.9581434763975644,7,-38.73285714285714,-271.13,,-271.13
KXETH,15,day,fixed,volview,10,cheap,both,13,-3.6676923076923083,-47.68000000000001,-0.3936302579706498,9,-0.8099999999999995,-7.289999999999996,-0.09512059033887128,10,-0.6329999999999991,-6.329999999999991,-0.06522928401012991,-6.329999999999991
KXETH,15,day,fixed,volview,10,cheap,yes,10,-1.0500000000000007,-10.500000000000007,-0.0929744303458897,9,-0.8099999999999995,-7.289999999999996,-0.09512059033887128,10,-0.6329999999999991,-6.329999999999991,-0.06522928401012991,-6.329999999999991
KXETH,15,day,fixed,volview,10,cheap,no,3,-12.393333333333333,-37.18,,0,,0.0,,0,,0.0,,0.0
KXETH,15,day,fixed,volview,10,middle,both,121,-1.1999999999999993,-145.1999999999999,-0.2529459309837654,60,-8.655666666666667,-519.34,-1.0831364471886595,11,-33.54727272727273,-369.02,-1.6549318085861304,-330.95
KXETH,15,day,fixed,volview,10,middle,yes,58,2.152586206896553,124.85000000000008,0.3383046344598189,33,-2.0396969696969696,-67.31,-0.3852871123533196,4,-24.4725,-97.89,,-59.81999999999999
KXETH,15,day,fixed,volview,10,middle,no,63,-4.286507936507937,-270.05000000000007,-0.5885376532600538,27,-16.741851851851855,-452.0300000000001,-0.9581434763975644,7,-38.73285714285714,-271.13,,-271.13
KXETH,15,day,fixed,shrink25,2,all,both,65,-2.295846153846154,-149.23000000000002,-0.4886468147716989,26,-8.596923076923078,-223.52,-1.4707075820363165,2,-47.745,-95.49,,-95.49
KXETH,15,day,fixed,shrink25,2,all,yes,37,2.8624324324324326,105.91000000000001,0.375501551829293,14,-6.588571428571428,-92.24,-0.7225516907578461,0,,0.0,,0.0
KXETH,15,day,fixed,shrink25,2,all,no,28,-9.112142857142853,-255.13999999999987,-2.7459077165954873,12,-10.94,-131.28,-0.6778682417135751,2,-47.745,-95.49,,-95.49
KXETH,15,day,fixed,shrink25,2,cheap,both,5,-10.841999999999999,-54.209999999999994,-4.924810900903591,2,-10.105,-20.21,,0,,0.0,,0.0
KXETH,15,day,fixed,shrink25,2,cheap,yes,3,-10.276666666666666,-30.83,,2,-10.105,-20.21,,0,,0.0,,0.0
KXETH,15,day,fixed,shrink25,2,cheap,no,2,-11.689999999999998,-23.379999999999995,,0,,0.0,,0,,0.0,,0.0
KXETH,15,day,fixed,shrink25,2,middle,both,60,-1.5836666666666663,-95.01999999999998,-0.3037830934796839,24,-8.47125,-203.31,-1.3243923103378348,2,-47.745,-95.49,,-95.49
KXETH,15,day,fixed,shrink25,2,middle,yes,34,4.021764705882354,136.74,0.46912237538670054,12,-6.002500000000001,-72.03000000000002,-0.5534112463368378,0,,0.0,,0.0
KXETH,15,day,fixed,shrink25,2,middle,no,26,-8.913846153846151,-231.75999999999993,-2.4251377787653148,12,-10.94,-131.28,-0.6778682417135751,2,-47.745,-95.49,,-95.49
KXETH,15,day,fixed,shrink25,5,all,both,11,-4.5663636363636355,-50.22999999999999,-0.40918861632181885,1,-36.6,-36.6,,0,,0.0,,0.0
KXETH,15,day,fixed,shrink25,5,all,yes,8,-12.165,-97.32,-1.1330902436338022,0,,0.0,,0,,0.0,,0.0
KXETH,15,day,fixed,shrink25,5,all,no,3,15.696666666666665,47.089999999999996,,1,-36.6,-36.6,,0,,0.0,,0.0
KXETH,15,day,fixed,shrink25,5,cheap,both,2,-14.325000000000001,-28.650000000000002,,0,,0.0,,0,,0.0,,0.0
KXETH,15,day,fixed,shrink25,5,cheap,yes,1,-14.850000000000001,-14.850000000000001,,0,,0.0,,0,,0.0,,0.0
KXETH,15,day,fixed,shrink25,5,cheap,no,1,-13.8,-13.8,,0,,0.0,,0,,0.0,,0.0
KXETH,15,day,fixed,shrink25,5,middle,both,9,-2.397777777777776,-21.579999999999984,-0.16026578118181573,1,-36.6,-36.6,,0,,0.0,,0.0
KXETH,15,day,fixed,shrink25,5,middle,yes,7,-11.781428571428568,-82.46999999999998,-0.931805797862692,0,,0.0,,0,,0.0,,0.0
KXETH,15,day,fixed,shrink25,5,middle,no,2,30.445,60.89,,1,-36.6,-36.6,,0,,0.0,,0.0
KXETH,15,day,fixed,shrink25,10,all,both,0,,0.0,,0,,0.0,,0,,0.0,,0.0
KXETH,15,day,fixed,shrink25,10,all,yes,0,,0.0,,0,,0.0,,0,,0.0,,0.0
KXETH,15,day,fixed,shrink25,10,all,no,0,,0.0,,0,,0.0,,0,,0.0,,0.0
KXETH,15,day,fixed,shrink25,10,cheap,both,0,,0.0,,0,,0.0,,0,,0.0,,0.0
KXETH,15,day,fixed,shrink25,10,cheap,yes,0,,0.0,,0,,0.0,,0,,0.0,,0.0
KXETH,15,day,fixed,shrink25,10,cheap,no,0,,0.0,,0,,0.0,,0,,0.0,,0.0
KXETH,15,day,fixed,shrink25,10,middle,both,0,,0.0,,0,,0.0,,0,,0.0,,0.0
KXETH,15,day,fixed,shrink25,10,middle,yes,0,,0.0,,0,,0.0,,0,,0.0,,0.0
KXETH,15,day,fixed,shrink25,10,middle,no,0,,0.0,,0,,0.0,,0,,0.0,,0.0
KXETH,15,day,fixed,shrink50,2,all,both,296,-1.4639527027027028,-433.33000000000004,-0.6404397337551169,170,-5.125294117647059,-871.3,-1.5531104698119,66,-6.709090909090908,-442.79999999999995,-0.8382016453315473,-316.14000000000004
KXETH,15,day,fixed,shrink50,2,all,yes,174,-1.3779885057471253,-239.7699999999998,-0.48310395665368655,119,-2.99689075630252,-356.6299999999999,-1.1342429393863205,46,-3.920217391304348,-180.33,-0.5816540613001061,-53.67
KXETH,15,day,fixed,shrink50,2,all,no,122,-1.5865573770491812,-193.56000000000012,-0.3845353931742099,51,-10.091568627450982,-514.6700000000001,-1.2102489954579514,20,-13.123500000000002,-262.47,-0.5666667698233581,-262.47
KXETH,15,day,fixed,shrink50,2,cheap,both,48,-4.541666666666667,-218.0,-2.028136631572001,39,-1.9853846153846149,-77.42999999999998,-0.4215607467694042,30,1.0833333333333335,32.50000000000001,0.16258044556303716,47.35000000000001
KXETH,15,day,fixed,shrink50,2,cheap,yes,44,-3.82,-168.07999999999998,-1.3960175963949133,39,-1.9853846153846149,-77.42999999999998,-0.4215607467694042,30,1.0833333333333335,32.50000000000001,0.16258044556303716,47.35000000000001
KXETH,15,day,fixed,shrink50,2,cheap,no,4,-12.48,-49.92,,0,,0.0,,0,,0.0,,0.0
KXETH,15,day,fixed,shrink50,2,middle,both,234,-1.1948290598290596,-279.59,-0.43137405412936813,127,-6.575826771653542,-835.1299999999999,-1.8039396435802035,35,-13.766857142857143,-481.84000000000003,-1.053810231705719,-370.03000000000003
KXETH,15,day,fixed,shrink50,2,middle,yes,130,-0.5514615384615376,-71.68999999999988,-0.14166310255966846,80,-3.4899999999999993,-279.19999999999993,-0.9765985674169647,16,-13.301875000000003,-212.83000000000004,-1.2049275497826213,-101.02000000000001
KXETH,15,day,fixed,shrink50,2,middle,no,104,-1.9990384615384627,-207.90000000000012,-0.3973395005470342,47,-11.828297872340427,-555.9300000000001,-1.3208411448334658,19,-14.158421052631581,-269.01000000000005,-0.5597799126963037,-269.01000000000005
KXETH,15,day,fixed,shrink50,5,all,both,90,-3.3925555555555555,-305.33,-0.6214427777716361,47,-19.324680851063828,-908.26,-2.4154456991702693,16,-24.140625,-386.25,-1.4346605523767089,-364.08000000000004
KXETH,15,day,fixed,shrink50,5,all,yes,46,2.8565217391304345,131.39999999999998,0.4072828916942087,24,-13.111666666666665,-314.67999999999995,-2.0971532286382017,7,-14.375714285714285,-100.63,-6.947090145652743,-78.46
KXETH,15,day,fixed,shrink50,5,all,no,44,-9.925681818181818,-436.73,-1.149612222521533,23,-25.807826086956524,-593.58,-1.703013798986361,9,-31.735555555555557,-285.62,,-285.62
KXETH,15,day,fixed,shrink50,5,cheap,both,5,-10.841999999999999,-54.209999999999994,-4.924810900903591,3,-10.28,-30.84,,5,-10.844,-54.22,-6.739341207566163,-54.22
KXETH,15,day,fixed,shrink50,5,cheap,yes,3,-10.276666666666666,-30.83,,3,-10.28,-30.84,,5,-10.844,-54.22,-6.739341207566163,-54.22
KXETH,15,day,fixed,shrink50,5,cheap,no,2,-11.689999999999998,-23.379999999999995,,0,,0.0,,0,,0.0,,0.0
KXETH,15,day,fixed,shrink50,5,middle,both,85,-2.9543529411764693,-251.1199999999999,-0.5060875465360244,44,-19.941363636363636,-877.42,-2.485240862580313,11,-30.184545454545454,-332.03,-1.2652563785830775,-309.86
KXETH,15,day,fixed,shrink50,5,middle,yes,43,3.772790697674418,162.22999999999996,0.49212411692064584,21,-13.516190476190472,-283.8399999999999,-1.9243569421778457,2,-23.205,-46.41,,-24.24
KXETH,15,day,fixed,shrink50,5,middle,no,42,-9.841666666666667,-413.35,-1.065011423971916,23,-25.807826086956524,-593.58,-1.703013798986361,9,-31.735555555555557,-285.62,,-285.62
KXETH,15,day,fixed,shrink50,10,all,both,20,-2.838499999999998,-56.76999999999996,-0.28021027610532134,2,-46.17,-92.34,,2,-47.745,-95.49,,-95.49
KXETH,15,day,fixed,shrink50,10,all,yes,10,-5.614999999999999,-56.14999999999999,-0.3910362316743435,0,,0.0,,0,,0.0,,0.0
KXETH,15,day,fixed,shrink50,10,all,no,10,-0.061999999999996905,-0.619999999999969,-0.003839606816776864,2,-46.17,-92.34,,2,-47.745,-95.49,,-95.49
KXETH,15,day,fixed,shrink50,10,cheap,both,2,-14.325000000000001,-28.650000000000002,,0,,0.0,,0,,0.0,,0.0
KXETH,15,day,fixed,shrink50,10,cheap,yes,1,-14.850000000000001,-14.850000000000001,,0,,0.0,,0,,0.0,,0.0
KXETH,15,day,fixed,shrink50,10,cheap,no,1,-13.8,-13.8,,0,,0.0,,0,,0.0,,0.0
KXETH,15,day,fixed,shrink50,10,middle,both,18,-1.5622222222222204,-28.11999999999997,-0.13410002984130448,2,-46.17,-92.34,,2,-47.745,-95.49,,-95.49
KXETH,15,day,fixed,shrink50,10,middle,yes,9,-4.588888888888888,-41.29999999999999,-0.2821049784770404,0,,0.0,,0,,0.0,,0.0
KXETH,15,day,fixed,shrink50,10,middle,no,9,1.464444444444446,13.180000000000014,0.07758672809438562,2,-46.17,-92.34,,2,-47.745,-95.49,,-95.49
KXETH,1,day,rolling,none,2,all,both,945,-2.257111111111111,-2132.97,-1.728890728721876,586,-3.5338907849829355,-2070.86,-2.0296824281711454,471,-0.7862420382165607,-370.3200000000001,-0.47581246429276475,90.04000000000008
KXETH,1,day,rolling,none,2,all,yes,461,-2.866117136659436,-1321.28,-1.8391249745088163,343,-2.7271428571428573,-935.4100000000001,-1.3731318024605665,212,0.483679245283019,102.54000000000002,0.24676291926759428,285.40000000000003
KXETH,1,day,rolling,none,2,all,no,484,-1.677045454545455,-811.6900000000002,-0.9470199718737785,243,-4.6726337448559665,-1135.4499999999998,-1.8521643684142977,259,-1.8257142857142872,-472.86000000000035,-0.9075118409304883,-195.36000000000013
KXETH,1,day,rolling,none,2,cheap,both,200,-3.32625,-665.25,-1.5829046489196954,124,-3.023548387096773,-374.9199999999999,-1.2510971791760697,113,-0.9470796460176992,-107.02000000000001,-0.3885005269323705,-162.47000000000003
KXETH,1,day,rolling,none,2,cheap,yes,199,-3.268341708542714,-650.4000000000001,-1.5480431213577417,124,-3.023548387096773,-374.9199999999999,-1.2510971791760697,113,-0.9470796460176992,-107.02000000000001,-0.3885005269323705,-162.47000000000003
KXETH,1,day,rolling,none,2,cheap,no,1,-14.850000000000001,-14.850000000000001,,0,,0.0,,0,,0.0,,0.0
KXETH,1,day,rolling,none,2,middle,both,505,-2.4531089108910886,-1238.8199999999997,-1.2413517501502938,309,-4.523430420711975,-1397.7400000000002,-1.9337115179553617,146,-1.7321917808219185,-252.9000000000001,-0.4777676431108427,-14.590000000000018
KXETH,1,day,rolling,none,2,middle,yes,257,-2.7230739299610884,-699.8299999999997,-1.034156648609159,219,-2.559315068493151,-560.49,-1.1002309584363072,99,2.1167676767676755,209.5599999999999,0.4780757280342673,447.86999999999995
KXETH,1,day,rolling,none,2,middle,no,248,-2.173346774193549,-538.9900000000001,-0.6180223138668972,90,-9.30277777777778,-837.2500000000002,-1.6153217760912837,47,-9.839574468085107,-462.46000000000004,-1.7028511554611814,-462.46000000000004
KXETH,1,day,rolling,none,5,all,both,394,-3.6467258883248737,-1436.8100000000002,-1.4727962768241394,225,-4.69688888888889,-1056.8000000000002,-1.8075865016918875,139,-4.054748201438848,-563.6099999999999,-1.19340915486191,-420.12999999999994
KXETH,1,day,rolling,none,5,all,yes,231,-3.7594372294372294,-868.43,-1.6292087276321612,160,-1.444562499999999,-231.12999999999985,-0.6471477020699163,81,-2.0320987654320986,-164.59999999999997,-0.5580230284513288,-34.13999999999995
KXETH,1,day,rolling,none,5,all,no,163,-3.4869938650306755,-568.3800000000001,-0.6939615465469263,65,-12.702615384615386,-825.6700000000001,-1.7651159727775265,58,-6.87948275862069,-399.01000000000005,-1.0444458866726463,-385.98999999999995
KXETH,1,day,rolling,none,5,cheap,both,65,-0.7295384615384616,-47.42,-0.2541739260291345,51,0.3898039215686282,19.880000000000038,0.07869144024816005,55,1.9769090909090907,108.72999999999999,0.4400450889928312,138.42999999999995
KXETH,1,day,rolling,none,5,cheap,yes,64,-0.50890625,-32.57,-0.17331744018212167,51,0.3898039215686282,19.880000000000038,0.07869144024816005,55,1.9769090909090907,108.72999999999999,0.4400450889928312,138.42999999999995
KXETH,1,day,rolling,none,5,cheap,no,1,-14.850000000000001,-14.850000000000001,,0,,0.0,,0,,0.0,,0.0
KXETH,1,day,rolling,none,5,middle,both,299,-4.981103678929767,-1489.3500000000004,-1.6753434282208914,164,-7.067317073170733,-1159.0400000000002,-2.09553894102142,53,-11.595471698113206,-614.56,-2.267182603764861,-513.8
KXETH,1,day,rolling,none,5,middle,yes,165,-5.162181818181818,-851.76,-1.7170996736188286,109,-2.302844036697247,-251.0099999999999,-1.037683149902006,26,-10.512692307692307,-273.33,-1.5895664796754003,-172.57000000000002
KXETH,1,day,rolling,none,5,middle,no,134,-4.758134328358209,-637.59,-0.7654120239035386,55,-16.509636363636364,-908.0300000000001,-2.2787048254346356,27,-12.638148148148149,-341.23,-1.2765613939452924,-341.23
KXETH,1,day,rolling,none,10,all,both,149,-9.031543624161074,-1345.7,-1.6348699349828804,78,-6.486153846153847,-505.9200000000001,-1.4425414543461506,28,-14.876785714285713,-416.54999999999995,-2.769978179261858,-385.67
KXETH,1,day,rolling,none,10,all,yes,86,-3.622790697674418,-311.55999999999995,-0.7888192771885667,50,-1.317399999999998,-65.86999999999989,-0.2616390765054275,16,-10.7225,-171.56,-4.609836600840343,-140.68
KXETH,1,day,rolling,none,10,all,no,63,-16.414920634920637,-1034.14,-1.4351616376215295,28,-15.71607142857143,-440.05000000000007,-1.4117905496209542,12,-20.41583333333333,-244.98999999999998,,-244.98999999999998
KXETH,1,day,rolling,none,10,cheap,both,11,7.167272727272728,78.84,0.613178861590862,15,2.5613333333333332,38.42,0.20852558755068534,9,-10.981111111111112,-98.83,-7.026800901812713,-83.97999999999999
KXETH,1,day,rolling,none,10,cheap,yes,11,7.167272727272728,78.84,0.613178861590862,15,2.5613333333333332,38.42,0.20852558755068534,9,-10.981111111111112,-98.83,-7.026800901812713,-83.97999999999999
KXETH,1,day,rolling,none,10,cheap,no,0,,0.0,,0,,0.0,,0,,0.0,,0.0
KXETH,1,day,rolling,none,10,middle,both,137,-10.494087591240875,-1437.6899999999998,-1.8293199505289355,63,-8.640317460317458,-544.3399999999999,-1.8832622498400824,19,-16.722105263157896,-317.72,-2.354893643717278,-301.68999999999994
KXETH,1,day,rolling,none,10,middle,yes,75,-5.205333333333333,-390.4,-1.0868897078168192,35,-2.9797142857142846,-104.28999999999996,-0.49254206896965885,7,-10.390000000000002,-72.73000000000002,,-56.7
KXETH,1,day,rolling,none,10,middle,no,62,-16.89177419354839,-1047.2900000000002,-1.4616674524183157,28,-15.71607142857143,-440.05000000000007,-1.4117905496209542,12,-20.41583333333333,-244.98999999999998,,-244.98999999999998
KXETH,1,day,rolling,volview,2,all,both,781,-2.965300896286812,-2315.9,-1.8693433268530515,452,-1.9149115044247782,-865.5399999999997,-1.2297660220564854,407,-0.1557002457002453,-63.369999999999834,-0.09319229886612738,403.9
KXETH,1,day,rolling,volview,2,all,yes,378,-3.771058201058201,-1425.46,-2.013638098509192,270,-1.511407407407407,-408.0799999999999,-0.7395680517940653,188,0.11531914893617086,21.68000000000012,0.05778403749399168,211.45000000000005
KXETH,1,day,rolling,volview,2,all,no,403,-2.2095285359801498,-890.4400000000003,-1.1621314610040117,182,-2.5135164835164834,-457.46,-1.153637803011067,219,-0.3883561643835614,-85.04999999999995,-0.205212862294932,192.45000000000005
KXETH,1,day,rolling,volview,2,cheap,both,187,-3.8767379679144387,-724.95,-1.759983525039898,73,-4.126164383561643,-301.2099999999999,-1.033597349076088,95,-1.173473684210526,-111.47999999999996,-0.44559961130301184,-81.77999999999997
KXETH,1,day,rolling,volview,2,cheap,yes,186,-3.817741935483871,-710.1,-1.7240702780474626,73,-4.126164383561643,-301.2099999999999,-1.033597349076088,95,-1.173473684210526,-111.47999999999996,-0.44559961130301184,-81.77999999999997
KXETH,1,day,rolling,volview,2,cheap,no,1,-14.850000000000001,-14.850000000000001,,0,,0.0,,0,,0.0,,0.0
KXETH,1,day,rolling,volview,2,middle,both,367,-3.66975476839237,-1346.7999999999997,-1.3946664161327316,227,-1.147709251101321,-260.52999999999986,-0.5871792250908235,108,0.21342592592592557,23.04999999999996,0.055489029378616314,183.11999999999995
KXETH,1,day,rolling,volview,2,middle,yes,191,-3.764869109947643,-719.0899999999998,-1.1752428673789523,197,-0.5424873096446692,-106.86999999999983,-0.27816620982581736,93,1.4318279569892463,133.1599999999999,0.3261865752330065,293.23
KXETH,1,day,rolling,volview,2,middle,no,176,-3.5665340909090917,-627.7100000000002,-0.7757362997974966,30,-5.122000000000001,-153.66000000000003,-0.6415983727612604,15,-7.340666666666668,-110.11000000000003,,-110.11000000000003
KXETH,1,day,rolling,volview,5,all,both,351,-3.653475783475783,-1282.37,-1.2463503960750946,175,-0.6729142857142861,-117.76000000000008,-0.34045909817125847,118,-3.313728813559321,-391.01999999999987,-1.0801314391329866,-284.5699999999999
KXETH,1,day,rolling,volview,5,all,yes,200,-4.184249999999999,-836.8499999999997,-1.54908538599584,150,-1.1583999999999992,-173.75999999999988,-0.49967835925464976,77,-2.6929870129870124,-207.35999999999996,-0.6710941616383692,-113.92999999999995
KXETH,1,day,rolling,volview,5,all,no,151,-2.950463576158941,-445.5200000000001,-0.5352897669447949,25,2.2399999999999984,55.99999999999996,0.9018932705291568,41,-4.47951219512195,-183.65999999999997,-0.7200452621258423,-170.64000000000004
KXETH,1,day,rolling,volview,5,cheap,both,63,-0.38174603174603206,-24.05000000000002,-0.1287811924434317,45,-0.5986666666666657,-26.939999999999955,-0.10309074639935334,53,0.5460377358490572,28.940000000000033,0.11427077072728134,58.640000000000036
KXETH,1,day,rolling,volview,5,cheap,yes,62,-0.14838709677419382,-9.200000000000017,-0.04894876184375661,45,-0.5986666666666657,-26.939999999999955,-0.10309074639935334,53,0.5460377358490572,28.940000000000033,0.11427077072728134,58.640000000000036
KXETH,1,day,rolling,volview,5,cheap,no,1,-14.850000000000001,-14.850000000000001,,0,,0.0,,0,,0.0,,0.0
KXETH,1,day,rolling,volview,5,middle,both,260,-5.1629999999999985,-1342.3799999999997,-1.4613623905392654,120,-1.4431666666666658,-173.1799999999999,-0.7703083635736543,35,-12.96457142857143,-453.76000000000005,-2.948881362458983,-390.03000000000003
KXETH,1,day,rolling,volview,5,middle,yes,138,-5.997463768115941,-827.6499999999999,-1.6889774109957207,105,-1.3982857142857135,-146.8199999999999,-0.6573843129600473,24,-9.845833333333333,-236.3,-1.464549153039951,-172.57000000000002
KXETH,1,day,rolling,volview,5,middle,no,122,-4.219098360655738,-514.73,-0.605776584926528,15,-1.7573333333333365,-26.36000000000005,-0.46390915166486973,11,-19.769090909090913,-217.46000000000004,,-217.46000000000004
KXETH,1,day,rolling,volview,10,all,both,133,-9.821503759398496,-1306.26,-1.522326500263748,57,0.7931578947368428,45.21000000000004,0.15633992169762612,23,-13.183478260869563,-303.21999999999997,-4.954266519635623,-272.34000000000003
KXETH,1,day,rolling,volview,10,all,yes,72,-3.7208333333333323,-267.8999999999999,-0.7079019421693251,50,-1.317399999999998,-65.86999999999989,-0.2616390765054275,16,-10.7225,-171.56,-4.609836600840343,-140.68
KXETH,1,day,rolling,volview,10,all,no,61,-17.022295081967215,-1038.3600000000001,-1.4496903488873938,7,15.868571428571427,111.07999999999998,0.7334415484192812,7,-18.808571428571433,-131.66000000000003,,-131.66000000000003
KXETH,1,day,rolling,volview,10,cheap,both,10,9.369,93.69,0.7592906847643099,15,2.5613333333333332,38.42,0.20852558755068534,9,-10.981111111111112,-98.83,-7.026800901812713,-83.97999999999999
KXETH,1,day,rolling,volview,10,cheap,yes,10,9.369,93.69,0.7592906847643099,15,2.5613333333333332,38.42,0.20852558755068534,9,-10.981111111111112,-98.83,-7.026800901812713,-83.97999999999999
KXETH,1,day,rolling,volview,10,cheap,no,0,,0.0,,0,,0.0,,0,,0.0,,0.0
KXETH,1,day,rolling,volview,10,middle,both,122,-11.582786885245902,-1413.1000000000001,-1.719405100364757,42,0.16166666666666732,6.790000000000028,0.026090583415655653,14,-14.599285714285717,-204.39000000000004,-4.244845653994626,-188.36
KXETH,1,day,rolling,volview,10,middle,yes,62,-5.832096774193548,-361.59,-1.0450111184556967,35,-2.9797142857142846,-104.28999999999996,-0.49254206896965885,7,-10.390000000000002,-72.73000000000002,,-56.7
KXETH,1,day,rolling,volview,10,middle,no,60,-17.525166666666667,-1051.51,-1.4771157202708818,7,15.868571428571427,111.07999999999998,0.7334415484192812,7,-18.808571428571433,-131.66000000000003,,-131.66000000000003
KXETH,1,day,rolling,shrink25,2,all,both,63,-13.981428571428573,-880.8300000000002,-1.9949360625282135,25,-7.195600000000001,-179.89000000000001,-0.5691354078242817,1,-8.52,-8.52,,-8.52
KXETH,1,day,rolling,shrink25,2,all,yes,40,-5.373749999999999,-214.95,-1.0862490135864444,12,3.2149999999999985,38.579999999999984,0.2456182485818946,1,-8.52,-8.52,,-8.52
KXETH,1,day,rolling,shrink25,2,all,no,23,-28.95130434782609,-665.88,-2.0304186266980815,13,-16.805384615384618,-218.47000000000003,,0,,0.0,,0.0
KXETH,1,day,rolling,shrink25,2,cheap,both,4,13.575000000000003,54.30000000000001,0.5767405862014274,2,38.84,77.68,,1,-8.52,-8.52,,-8.52
KXETH,1,day,rolling,shrink25,2,cheap,yes,4,13.575000000000003,54.30000000000001,0.5767405862014274,2,38.84,77.68,,1,-8.52,-8.52,,-8.52
KXETH,1,day,rolling,shrink25,2,cheap,no,0,,0.0,,0,,0.0,,0,,0.0,,0.0
KXETH,1,day,rolling,shrink25,2,middle,both,59,-15.849661016949154,-935.1300000000001,-2.27090509973747,23,-11.198695652173916,-257.57000000000005,-0.8606843331358083,0,,0.0,,0.0
KXETH,1,day,rolling,shrink25,2,middle,yes,36,-7.479166666666667,-269.25,-1.889580573868504,10,-3.910000000000001,-39.10000000000001,-0.27703526130331824,0,,0.0,,0.0
KXETH,1,day,rolling,shrink25,2,middle,no,23,-28.95130434782609,-665.88,-2.0304186266980815,13,-16.805384615384618,-218.47000000000003,,0,,0.0,,0.0
KXETH,1,day,rolling,shrink25,5,all,both,6,20.091666666666665,120.55,1.1666466527014254,0,,0.0,,0,,0.0,,0.0
KXETH,1,day,rolling,shrink25,5,all,yes,5,7.5,37.5,,0,,0.0,,0,,0.0,,0.0
KXETH,1,day,rolling,shrink25,5,all,no,1,83.05,83.05,,0,,0.0,,0,,0.0,,0.0
KXETH,1,day,rolling,shrink25,5,cheap,both,0,,0.0,,0,,0.0,,0,,0.0,,0.0
KXETH,1,day,rolling,shrink25,5,cheap,yes,0,,0.0,,0,,0.0,,0,,0.0,,0.0
KXETH,1,day,rolling,shrink25,5,cheap,no,0,,0.0,,0,,0.0,,0,,0.0,,0.0
KXETH,1,day,rolling,shrink25,5,middle,both,6,20.091666666666665,120.55,1.1666466527014254,0,,0.0,,0,,0.0,,0.0
KXETH,1,day,rolling,shrink25,5,middle,yes,5,7.5,37.5,,0,,0.0,,0,,0.0,,0.0
KXETH,1,day,rolling,shrink25,5,middle,no,1,83.05,83.05,,0,,0.0,,0,,0.0,,0.0
KXETH,1,day,rolling,shrink25,10,all,both,0,,0.0,,0,,0.0,,0,,0.0,,0.0
KXETH,1,day,rolling,shrink25,10,all,yes,0,,0.0,,0,,0.0,,0,,0.0,,0.0
KXETH,1,day,rolling,shrink25,10,all,no,0,,0.0,,0,,0.0,,0,,0.0,,0.0
KXETH,1,day,rolling,shrink25,10,cheap,both,0,,0.0,,0,,0.0,,0,,0.0,,0.0
KXETH,1,day,rolling,shrink25,10,cheap,yes,0,,0.0,,0,,0.0,,0,,0.0,,0.0
KXETH,1,day,rolling,shrink25,10,cheap,no,0,,0.0,,0,,0.0,,0,,0.0,,0.0
KXETH,1,day,rolling,shrink25,10,middle,both,0,,0.0,,0,,0.0,,0,,0.0,,0.0
KXETH,1,day,rolling,shrink25,10,middle,yes,0,,0.0,,0,,0.0,,0,,0.0,,0.0
KXETH,1,day,rolling,shrink25,10,middle,no,0,,0.0,,0,,0.0,,0,,0.0,,0.0
KXETH,1,day,rolling,shrink50,2,all,both,281,-5.588718861209964,-1570.4299999999998,-1.5982841774582226,167,-4.8514970059880245,-810.2,-1.6662649793700441,86,-10.745581395348843,-924.1200000000005,-2.6494897817002614,-853.9600000000003
KXETH,1,day,rolling,shrink50,2,all,yes,168,-4.21125,-707.49,-1.5507628690746422,124,-1.9033870967741933,-236.01999999999995,-0.7106110302718086,57,-7.884736842105262,-449.42999999999995,-2.5562363610662326,-370.85
KXETH,1,day,rolling,shrink50,2,all,no,113,-7.636637168141594,-862.9400000000002,-1.0734613727374436,43,-13.353023255813955,-574.1800000000001,-1.4920527381107245,29,-16.368620689655167,-474.6899999999999,-1.5468853300440966,-483.1099999999999
KXETH,1,day,rolling,shrink50,2,cheap,both,44,-0.672272727272727,-29.579999999999988,-0.17984535276566613,37,2.1132432432432444,78.19000000000004,0.32068961997974105,39,-4.507435897435898,-175.79000000000002,-1.0318769453339707,-160.94
KXETH,1,day,rolling,shrink50,2,cheap,yes,43,-0.3425581395348834,-14.729999999999986,-0.08810578183043305,37,2.1132432432432444,78.19000000000004,0.32068961997974105,39,-4.507435897435898,-175.79000000000002,-1.0318769453339707,-160.94
KXETH,1,day,rolling,shrink50,2,cheap,no,1,-14.850000000000001,-14.850000000000001,,0,,0.0,,0,,0.0,,0.0
KXETH,1,day,rolling,shrink50,2,middle,both,226,-6.906681415929204,-1560.91,-1.750769601514152,127,-7.186692913385829,-912.7100000000003,-2.41558608973237,37,-17.0954054054054,-632.5299999999999,-3.0857428751090588,-568.8
KXETH,1,day,rolling,shrink50,2,middle,yes,124,-5.654677419354838,-701.18,-1.6795189482495203,87,-3.6116091954023006,-314.21000000000015,-2.021633376866467,18,-15.202222222222222,-273.64,-3.313591179560873,-209.91000000000003
KXETH,1,day,rolling,shrink50,2,middle,no,102,-8.42872549019608,-859.73,-1.075554583199075,40,-14.9625,-598.5,-1.7031484268544705,19,-18.888947368421054,-358.89,,-358.89
KXETH,1,day,rolling,shrink50,5,all,both,94,-12.393191489361705,-1164.9600000000003,-2.122782978547987,45,0.5935555555555551,26.70999999999998,0.06866165899339464,8,-13.16625,-105.33,-5.658987160169082,-82.12
KXETH,1,day,rolling,shrink50,5,all,yes,57,-7.433333333333332,-423.69999999999993,-1.4775412816613487,24,12.242916666666671,293.8300000000001,1.020356413083324,6,-14.651666666666666,-87.91,-4.627825462406427,-64.7
KXETH,1,day,rolling,shrink50,5,all,no,37,-20.034054054054057,-741.2600000000001,-1.4735875200166553,21,-12.720000000000002,-267.12000000000006,-0.9944446491780963,2,-8.71,-17.42,,-17.42
KXETH,1,day,rolling,shrink50,5,cheap,both,5,8.522000000000002,42.610000000000014,0.42513237965372147,5,28.948,144.74,0.7769938006551859,4,-10.895,-43.58,-2.41842397336293,-43.58
KXETH,1,day,rolling,shrink50,5,cheap,yes,5,8.522000000000002,42.610000000000014,0.42513237965372147,5,28.948,144.74,0.7769938006551859,4,-10.895,-43.58,-2.41842397336293,-43.58
KXETH,1,day,rolling,shrink50,5,cheap,no,0,,0.0,,0,,0.0,,0,,0.0,,0.0
KXETH,1,day,rolling,shrink50,5,middle,both,89,-13.56820224719101,-1207.57,-2.2987869914286176,40,-2.95075,-118.03,-0.37052730104157844,4,-15.4375,-61.75,-12.159116770813146,-38.540000000000006
KXETH,1,day,rolling,shrink50,5,middle,yes,52,-8.9675,-466.30999999999995,-1.875206909272365,19,7.84684210526316,149.09000000000003,0.7378883021858602,2,-22.165,-44.33,,-21.12
KXETH,1,day,rolling,shrink50,5,middle,no,37,-20.034054054054057,-741.2600000000001,-1.4735875200166553,21,-12.720000000000002,-267.12000000000006,-0.9944446491780963,2,-8.71,-17.42,,-17.42
KXETH,1,day,rolling,shrink50,10,all,both,17,-3.504117647058824,-59.57000000000001,-0.299466957096392,1,-59.71000000000001,-59.71000000000001,,0,,0.0,,0.0
KXETH,1,day,rolling,shrink50,10,all,yes,10,6.053000000000002,60.530000000000015,0.5499777735909928,0,,0.0,,0,,0.0,,0.0
KXETH,1,day,rolling,shrink50,10,all,no,7,-17.15714285714286,-120.10000000000001,-0.700174970753211,1,-59.71000000000001,-59.71000000000001,,0,,0.0,,0.0
KXETH,1,day,rolling,shrink50,10,cheap,both,0,,0.0,,0,,0.0,,0,,0.0,,0.0
KXETH,1,day,rolling,shrink50,10,cheap,yes,0,,0.0,,0,,0.0,,0,,0.0,,0.0
KXETH,1,day,rolling,shrink50,10,cheap,no,0,,0.0,,0,,0.0,,0,,0.0,,0.0
KXETH,1,day,rolling,shrink50,10,middle,both,17,-3.504117647058824,-59.57000000000001,-0.299466957096392,1,-59.71000000000001,-59.71000000000001,,0,,0.0,,0.0
KXETH,1,day,rolling,shrink50,10,middle,yes,10,6.053000000000002,60.530000000000015,0.5499777735909928,0,,0.0,,0,,0.0,,0.0
KXETH,1,day,rolling,shrink50,10,middle,no,7,-17.15714285714286,-120.10000000000001,-0.700174970753211,1,-59.71000000000001,-59.71000000000001,,0,,0.0,,0.0
KXETH,5,day,rolling,none,2,all,both,972,-2.949681069958848,-2867.09,-2.4165275023206165,588,-4.193996598639456,-2466.0699999999997,-2.9767249212647484,428,-1.6829672897196264,-720.3100000000001,-0.9872765929452471,-517.38
KXETH,5,day,rolling,none,2,all,yes,494,-2.7530364372469633,-1360.0,-1.8381561902635104,359,-4.779387186629527,-1715.8000000000002,-2.4984222133977503,261,-1.3450191570881225,-351.04999999999995,-0.6541527529295784,-244.42000000000004
KXETH,5,day,rolling,none,2,all,no,478,-3.1529079497907953,-1507.0900000000001,-2.0395111329650955,229,-3.2762882096069874,-750.2700000000001,-1.771851097302071,167,-2.2111377245508983,-369.26,-0.8354363544290666,-272.95999999999987
KXETH,5,day,rolling,none,2,cheap,both,200,-3.8183499999999992,-763.6699999999998,-2.2209503107568223,125,-2.4106399999999994,-301.3299999999999,-1.1998007622327107,135,-3.5156296296296308,-474.6100000000001,-1.5831241108038454,-402.46000000000004
KXETH,5,day,rolling,none,2,cheap,yes,197,-3.655685279187817,-720.17,-2.0595998013266112,125,-2.4106399999999994,-301.3299999999999,-1.1998007622327107,135,-3.5156296296296308,-474.6100000000001,-1.5831241108038454,-402.46000000000004
KXETH,5,day,rolling,none,2,cheap,no,3,-14.5,-43.5,-41.428571428571395,0,,0.0,,0,,0.0,,0.0
KXETH,5,day,rolling,none,2,middle,both,535,-2.9119813084112156,-1557.9100000000003,-1.4542355030113223,313,-6.572843450479234,-2057.3,-2.9695775403785647,166,-2.576204819277108,-427.6499999999999,-0.9184411923796241,-393.16999999999996
KXETH,5,day,rolling,none,2,middle,yes,292,-2.2614041095890403,-660.3299999999998,-0.8943439407164762,234,-6.0447435897435895,-1414.47,-2.430986452960156,126,0.9806349206349206,123.56,0.4230875746282719,158.03999999999996
KXETH,5,day,rolling,none,2,middle,no,243,-3.6937448559670796,-897.5800000000004,-1.102817638444173,79,-8.137088607594936,-642.83,-1.7648077956283226,40,-13.78025,-551.21,-1.5412934142477313,-551.21
KXETH,5,day,rolling,none,5,all,both,412,-4.6155339805825255,-1901.6000000000004,-2.0563018263478994,230,-3.337521739130435,-767.63,-1.2358096831830903,131,-1.5650381679389302,-205.01999999999987,-0.40869776430522936,-83.19999999999996
KXETH,5,day,rolling,none,5,all,yes,256,-4.7363671875,-1212.51,-1.9818483690477968,173,-1.8724277456647396,-323.92999999999995,-0.6841864657576073,106,0.8160377358490577,86.50000000000011,0.22061111043527792,213.92000000000013
KXETH,5,day,rolling,none,5,all,no,156,-4.417243589743591,-689.0900000000001,-1.2778623454642308,57,-7.784210526315792,-443.7000000000001,-1.0870126428056084,25,-11.6608,-291.52,-0.8330370873224444,-297.12
KXETH,5,day,rolling,none,5,cheap,both,75,-5.8798666666666675,-440.99000000000007,-2.200208376983489,53,1.9613207547169809,103.94999999999999,0.48184840880808005,63,3.097619047619047,195.14999999999995,0.5378273213685436,238.65
KXETH,5,day,rolling,none,5,cheap,yes,73,-5.648493150684932,-412.34000000000003,-2.0129216368640557,53,1.9613207547169809,103.94999999999999,0.48184840880808005,63,3.097619047619047,195.14999999999995,0.5378273213685436,238.65
KXETH,5,day,rolling,none,5,cheap,no,2,-14.325000000000001,-28.650000000000002,,0,,0.0,,0,,0.0,,0.0
KXETH,5,day,rolling,none,5,middle,both,305,-4.862688524590165,-1483.1200000000003,-1.7564752143444768,165,-5.946484848484848,-981.1699999999998,-1.781969317809601,66,-6.247121212121212,-412.31,-1.2682592046051018,-328.39000000000004
KXETH,5,day,rolling,none,5,middle,yes,183,-4.372513661202185,-800.1699999999998,-1.427597281333971,120,-3.5656666666666657,-427.8799999999999,-1.0238718155267883,43,-2.526744186046511,-108.64999999999996,-0.8770626378765255,-24.729999999999976
KXETH,5,day,rolling,none,5,middle,no,122,-5.597950819672132,-682.95,-1.2554700451818517,45,-12.295333333333332,-553.29,-1.4152082667941803,23,-13.202608695652172,-303.65999999999997,-0.8546653091280304,-303.65999999999997
KXETH,5,day,rolling,none,10,all,both,158,-8.694493670886077,-1373.7300000000002,-2.353783721411105,77,-1.7074025974025981,-131.47000000000006,-0.32941667744572795,36,-16.480833333333337,-593.3100000000002,-1.2599804449756065,-469.7500000000001
KXETH,5,day,rolling,none,10,all,yes,93,-8.077096774193548,-751.17,-1.7102505919044413,50,4.324600000000001,216.23000000000005,0.8339650041845005,25,-5.0716,-126.78999999999999,-0.5517390316512096,-3.229999999999995
KXETH,5,day,rolling,none,10,all,no,65,-9.577846153846156,-622.5600000000002,-1.3996606201676676,27,-12.877777777777782,-347.7000000000001,-1.2880111356506958,11,-42.41090909090909,-466.52,,-466.52
KXETH,5,day,rolling,none,10,cheap,both,15,-6.076000000000001,-91.14000000000001,-0.6696805131093384,17,5.278235294117648,89.73000000000002,0.4158779954455875,15,1.9293333333333336,28.940000000000005,0.1499262899832136,57.590000000000025
KXETH,5,day,rolling,none,10,cheap,yes,14,-5.449285714285715,-76.29,-0.5492421018695577,17,5.278235294117648,89.73000000000002,0.4158779954455875,15,1.9293333333333336,28.940000000000005,0.1499262899832136,57.590000000000025
KXETH,5,day,rolling,none,10,cheap,no,1,-14.850000000000001,-14.850000000000001,,0,,0.0,,0,,0.0,,0.0
KXETH,5,day,rolling,none,10,middle,both,142,-9.13161971830986,-1296.69,-2.304723231550937,60,-3.686666666666668,-221.20000000000007,-0.636812372588192,21,-29.630952380952387,-622.2500000000001,-1.6131267526074005,-527.34
KXETH,5,day,rolling,none,10,middle,yes,79,-8.542784810126582,-674.88,-1.736035392748712,33,3.8333333333333326,126.49999999999997,0.708543448217206,10,-15.573000000000002,-155.73000000000002,-2.0386643882526694,-60.82000000000001
KXETH,5,day,rolling,none,10,middle,no,63,-9.870000000000001,-621.8100000000001,-1.4118729116694617,27,-12.877777777777782,-347.7000000000001,-1.2880111356506958,11,-42.41090909090909,-466.52,,-466.52
KXETH,5,day,rolling,volview,2,all,both,813,-3.9867773677736777,-3241.25,-2.9999050422137725,472,-3.215911016949153,-1517.91,-1.7712840456841585,365,0.5095890410958902,185.99999999999994,0.2923773805666088,318.06000000000006
KXETH,5,day,rolling,volview,2,all,yes,392,-5.000076530612244,-1960.0299999999997,-3.101050117592489,287,-4.756968641114983,-1365.25,-2.0446982045512287,227,-0.19616740088105714,-44.52999999999997,-0.08701488576270829,-8.770000000000039
KXETH,5,day,rolling,volview,2,all,no,421,-3.043277909738717,-1281.2199999999998,-1.7119788369612505,185,-0.8251891891891896,-152.66000000000008,-0.4147462456476174,138,1.670507246376812,230.53000000000006,1.1393814134881592,326.8300000000001
KXETH,5,day,rolling,volview,2,cheap,both,182,-4.214725274725274,-767.0799999999999,-2.4005429622459658,85,-1.9305882352941182,-164.10000000000005,-0.5608820042532503,105,-2.3456190476190466,-246.2899999999999,-0.8687902652550933,-202.78999999999996
KXETH,5,day,rolling,volview,2,cheap,yes,180,-4.102388888888888,-738.43,-2.281031180140981,85,-1.9305882352941182,-164.10000000000005,-0.5608820042532503,105,-2.3456190476190466,-246.2899999999999,-0.8687902652550933,-202.78999999999996
KXETH,5,day,rolling,volview,2,cheap,no,2,-14.325000000000001,-28.650000000000002,,0,,0.0,,0,,0.0,,0.0
KXETH,5,day,rolling,volview,2,middle,both,402,-4.927910447761194,-1981.0200000000002,-2.14837449404529,237,-5.2589451476793245,-1246.37,-1.8529078140734243,136,1.2289705882352937,167.13999999999996,0.5444174814421808,159.39999999999998
KXETH,5,day,rolling,volview,2,middle,yes,211,-5.807251184834123,-1225.33,-2.169649973941366,202,-5.946287128712871,-1201.15,-2.2443222783789465,122,1.653770491803278,201.75999999999993,0.6754119995829984,194.02000000000004
KXETH,5,day,rolling,volview,2,middle,no,191,-3.9564921465968594,-755.6900000000002,-0.951723999992267,35,-1.2920000000000014,-45.22000000000005,-0.15140790121025377,14,-2.4728571428571438,-34.62000000000001,-0.4022805469671106,-34.62000000000001
KXETH,5,day,rolling,volview,5,all,both,360,-5.284083333333333,-1902.27,-2.2159979127659812,193,-2.6940932642487048,-519.96,-0.8022574462905452,114,-0.19105263157894775,-21.780000000000044,-0.057206720049079014,73.71999999999991
KXETH,5,day,rolling,volview,5,all,yes,210,-6.435095238095237,-1351.37,-2.5260613289155254,160,-2.95375,-472.59999999999997,-0.8658426514644175,101,0.6626732673267324,66.92999999999996,0.17783520675795556,168.02999999999997
KXETH,5,day,rolling,volview,5,all,no,150,-3.672666666666667,-550.9000000000001,-1.0124501384965523,33,-1.4351515151515166,-47.36000000000005,-0.15310435017955598,13,-6.823846153846157,-88.71000000000004,-1.3568147394513221,-94.31000000000003
KXETH,5,day,rolling,volview,5,cheap,both,64,-6.49421875,-415.63,-2.7755307476408766,50,0.6955999999999999,34.779999999999994,0.14954194191703107,60,2.1878333333333333,131.27,0.37058612163829013,174.77000000000004
KXETH,5,day,rolling,volview,5,cheap,yes,62,-6.241612903225808,-386.9800000000001,-2.4857163997939447,50,0.6955999999999999,34.779999999999994,0.14954194191703107,60,2.1878333333333333,131.27,0.37058612163829013,174.77000000000004
KXETH,5,day,rolling,volview,5,cheap,no,2,-14.325000000000001,-28.650000000000002,,0,,0.0,,0,,0.0,,0.0
KXETH,5,day,rolling,volview,5,middle,both,264,-5.716477272727273,-1509.15,-1.9924191086763525,131,-5.071221374045803,-664.3300000000002,-1.1401158470383268,52,-3.1767307692307685,-165.18999999999997,-1.5001845090795363,-107.58999999999997
KXETH,5,day,rolling,volview,5,middle,yes,148,-6.516148648648647,-964.3899999999998,-1.9292557995282866,110,-4.6125454545454545,-507.38,-1.041904766166279,41,-1.5692682926829258,-64.33999999999996,-0.5859910543903745,-6.7399999999999665
KXETH,5,day,rolling,volview,5,middle,no,116,-4.696206896551724,-544.76,-0.9839438946819822,21,-7.473809523809526,-156.95000000000005,-0.43561650591422435,11,-9.16818181818182,-100.85000000000002,,-100.85000000000002
KXETH,5,day,rolling,volview,10,all,both,141,-7.506312056737589,-1058.39,-1.8748268283145662,64,1.4521874999999995,92.93999999999997,0.2736242145644007,31,-9.25483870967742,-286.90000000000003,-1.1201582537641959,-163.34
KXETH,5,day,rolling,volview,10,all,yes,78,-6.248333333333334,-487.37000000000006,-1.271049949771681,49,2.930204081632654,143.58000000000004,0.5313185511341777,25,-5.0716,-126.78999999999999,-0.5517390316512096,-3.229999999999995
KXETH,5,day,rolling,volview,10,all,no,63,-9.063809523809525,-571.0200000000001,-1.2826938857142687,15,-3.376000000000007,-50.64000000000011,-0.2800332771704409,6,-26.685000000000002,-160.11,,-160.11
KXETH,5,day,rolling,volview,10,cheap,both,11,-3.3645454545454543,-37.01,-0.3034586213635584,17,5.278235294117648,89.73000000000002,0.4158779954455875,15,1.9293333333333336,28.940000000000005,0.1499262899832136,57.590000000000025
KXETH,5,day,rolling,volview,10,cheap,yes,10,-2.2159999999999997,-22.159999999999997,-0.17868004212680283,17,5.278235294117648,89.73000000000002,0.4158779954455875,15,1.9293333333333336,28.940000000000005,0.1499262899832136,57.590000000000025
KXETH,5,day,rolling,volview,10,cheap,no,1,-14.850000000000001,-14.850000000000001,,0,,0.0,,0,,0.0,,0.0
KXETH,5,day,rolling,volview,10,middle,both,129,-8.026976744186047,-1035.48,-1.8743886606423432,47,0.06829787234042374,3.2099999999999156,0.01129133294630568,16,-19.740000000000002,-315.84000000000003,-2.972428696711424,-220.93
KXETH,5,day,rolling,volview,10,middle,yes,68,-6.841323529411765,-465.21000000000004,-1.3345172062721735,32,1.6828124999999998,53.849999999999994,0.27831075069714867,10,-15.573000000000002,-155.73000000000002,-2.0386643882526694,-60.82000000000001
KXETH,5,day,rolling,volview,10,middle,no,61,-9.348688524590164,-570.27,-1.2899545185621593,15,-3.376000000000007,-50.64000000000011,-0.2800332771704409,6,-26.685000000000002,-160.11,,-160.11
KXETH,5,day,rolling,shrink25,2,all,both,67,-11.099552238805972,-743.6700000000001,-1.7659961257080365,26,-2.8900000000000015,-75.14000000000004,-0.2616758331881196,3,14.663333333333334,43.99,,43.99
KXETH,5,day,rolling,shrink25,2,all,yes,43,-3.616279069767442,-155.5,-0.5183913473552779,18,4.591666666666667,82.65,0.4522466968032345,3,14.663333333333334,43.99,,43.99
KXETH,5,day,rolling,shrink25,2,all,no,24,-24.50708333333333,-588.17,-2.278786216586811,8,-19.723750000000006,-157.79000000000005,,0,,0.0,,0.0
KXETH,5,day,rolling,shrink25,2,cheap,both,4,-12.742500000000001,-50.970000000000006,-4.551830970639012,1,-11.69,-11.69,,1,-11.69,-11.69,,-11.69
KXETH,5,day,rolling,shrink25,2,cheap,yes,4,-12.742500000000001,-50.970000000000006,-4.551830970639012,1,-11.69,-11.69,,1,-11.69,-11.69,,-11.69
KXETH,5,day,rolling,shrink25,2,cheap,no,0,,0.0,,0,,0.0,,0,,0.0,,0.0
KXETH,5,day,rolling,shrink25,2,middle,both,63,-10.995238095238095,-692.7,-1.63295734381633,25,-2.538000000000002,-63.450000000000045,-0.21870805953803857,2,27.840000000000003,55.68000000000001,,55.68000000000001
KXETH,5,day,rolling,shrink25,2,middle,yes,39,-2.6802564102564106,-104.53000000000002,-0.34710223201298257,17,5.549411764705883,94.34,0.5148169986428844,2,27.840000000000003,55.68000000000001,,55.68000000000001
KXETH,5,day,rolling,shrink25,2,middle,no,24,-24.50708333333333,-588.17,-2.278786216586811,8,-19.723750000000006,-157.79000000000005,,0,,0.0,,0.0
KXETH,5,day,rolling,shrink25,5,all,both,5,4.906000000000001,24.53,0.4563113990060588,0,,0.0,,0,,0.0,,0.0
KXETH,5,day,rolling,shrink25,5,all,yes,5,4.906000000000001,24.53,0.4563113990060588,0,,0.0,,0,,0.0,,0.0
KXETH,5,day,rolling,shrink25,5,all,no,0,,0.0,,0,,0.0,,0,,0.0,,0.0
KXETH,5,day,rolling,shrink25,5,cheap,both,0,,0.0,,0,,0.0,,0,,0.0,,0.0
KXETH,5,day,rolling,shrink25,5,cheap,yes,0,,0.0,,0,,0.0,,0,,0.0,,0.0
KXETH,5,day,rolling,shrink25,5,cheap,no,0,,0.0,,0,,0.0,,0,,0.0,,0.0
KXETH,5,day,rolling,shrink25,5,middle,both,5,4.906000000000001,24.53,0.4563113990060588,0,,0.0,,0,,0.0,,0.0
KXETH,5,day,rolling,shrink25,5,middle,yes,5,4.906000000000001,24.53,0.4563113990060588,0,,0.0,,0,,0.0,,0.0
KXETH,5,day,rolling,shrink25,5,middle,no,0,,0.0,,0,,0.0,,0,,0.0,,0.0
KXETH,5,day,rolling,shrink25,10,all,both,0,,0.0,,0,,0.0,,0,,0.0,,0.0
KXETH,5,day,rolling,shrink25,10,all,yes,0,,0.0,,0,,0.0,,0,,0.0,,0.0
KXETH,5,day,rolling,shrink25,10,all,no,0,,0.0,,0,,0.0,,0,,0.0,,0.0
KXETH,5,day,rolling,shrink25,10,cheap,both,0,,0.0,,0,,0.0,,0,,0.0,,0.0
KXETH,5,day,rolling,shrink25,10,cheap,yes,0,,0.0,,0,,0.0,,0,,0.0,,0.0
KXETH,5,day,rolling,shrink25,10,cheap,no,0,,0.0,,0,,0.0,,0,,0.0,,0.0
KXETH,5,day,rolling,shrink25,10,middle,both,0,,0.0,,0,,0.0,,0,,0.0,,0.0
KXETH,5,day,rolling,shrink25,10,middle,yes,0,,0.0,,0,,0.0,,0,,0.0,,0.0
KXETH,5,day,rolling,shrink25,10,middle,no,0,,0.0,,0,,0.0,,0,,0.0,,0.0
KXETH,5,day,rolling,shrink50,2,all,both,303,-6.243795379537954,-1891.8700000000001,-2.5205664795592555,176,-4.017954545454544,-707.1599999999999,-1.227423628579607,80,-9.168875000000002,-733.5100000000001,-1.308437134962127,-581.9399999999999
KXETH,5,day,rolling,shrink50,2,all,yes,188,-6.091595744680853,-1145.2200000000003,-2.00954540975176,133,-1.649924812030074,-219.43999999999986,-0.6300488977337202,66,-3.9895454545454556,-263.31000000000006,-0.7426482507471405,-111.73999999999998
KXETH,5,day,rolling,shrink50,2,all,no,115,-6.492608695652176,-746.6500000000002,-1.5721686767297056,43,-11.342325581395352,-487.72000000000014,-1.0403985913626994,14,-33.58571428571429,-470.20000000000005,,-470.20000000000005
KXETH,5,day,rolling,shrink50,2,cheap,both,51,-4.122941176470588,-210.27,-1.3206408692490594,41,5.414146341463416,221.98000000000008,1.0136204187747708,42,-0.786666666666667,-33.04000000000001,-0.11235357311170217,10.459999999999987
KXETH,5,day,rolling,shrink50,2,cheap,yes,49,-3.706530612244898,-181.62,-1.1144372649679706,41,5.414146341463416,221.98000000000008,1.0136204187747708,42,-0.786666666666667,-33.04000000000001,-0.11235357311170217,10.459999999999987
KXETH,5,day,rolling,shrink50,2,cheap,no,2,-14.325000000000001,-28.650000000000002,,0,,0.0,,0,,0.0,,0.0
KXETH,5,day,rolling,shrink50,2,middle,both,235,-7.1151914893617025,-1672.0700000000002,-2.387711976693369,130,-7.478538461538461,-972.2099999999999,-1.9415496828412635,38,-18.433421052631584,-700.4700000000001,-1.5759434087713926,-592.4
KXETH,5,day,rolling,shrink50,2,middle,yes,139,-6.932374100719424,-963.5999999999999,-1.8453419514816523,92,-4.798043478260868,-441.41999999999985,-1.5922831753502906,24,-9.594583333333334,-230.27000000000004,-1.6776497074734937,-122.2
KXETH,5,day,rolling,shrink50,2,middle,no,96,-7.379895833333333,-708.47,-1.5075173435745526,38,-13.96815789473684,-530.79,-1.1887769164229345,14,-33.58571428571429,-470.20000000000005,,-470.20000000000005
KXETH,5,day,rolling,shrink50,5,all,both,107,-10.037102803738318,-1073.97,-2.252064550074808,47,3.4893617021276597,164.0,0.7329926921558073,8,-15.143749999999999,-121.14999999999999,-0.7383137378100324,-107.35
KXETH,5,day,rolling,shrink50,5,all,yes,67,-8.01044776119403,-536.6999999999999,-1.5611928633791836,30,5.747000000000001,172.41000000000003,0.9834581498174004,6,-1.2799999999999994,-7.679999999999996,-0.10300975776585167,6.1200000000000045
KXETH,5,day,rolling,shrink50,5,all,no,40,-13.43175,-537.27,-1.4305993461907258,17,-0.4947058823529422,-8.410000000000018,-0.06731747405883622,2,-56.735,-113.47,,-113.47
KXETH,5,day,rolling,shrink50,5,cheap,both,9,-13.094444444444443,-117.85,-4.492346827511227,7,1.9971428571428582,13.980000000000008,0.127999954314824,3,-10.63,-31.89,-4.82970647844729,-18.09
KXETH,5,day,rolling,shrink50,5,cheap,yes,8,-12.875,-103.0,-4.179450486892052,7,1.9971428571428582,13.980000000000008,0.127999954314824,3,-10.63,-31.89,-4.82970647844729,-18.09
KXETH,5,day,rolling,shrink50,5,cheap,no,1,-14.850000000000001,-14.850000000000001,,0,,0.0,,0,,0.0,,0.0
KXETH,5,day,rolling,shrink50,5,middle,both,97,-10.002268041237112,-970.2199999999999,-2.069400805378992,40,3.750499999999998,150.01999999999992,0.7230407834695002,5,-17.851999999999997,-89.25999999999999,,-89.25999999999999
KXETH,5,day,rolling,shrink50,5,middle,yes,59,-7.350847457627119,-433.70000000000005,-1.3233242408557109,23,6.888260869565219,158.43000000000004,1.0545154270501358,3,8.070000000000002,24.210000000000008,,24.210000000000008
KXETH,5,day,rolling,shrink50,5,middle,no,38,-14.118947368421052,-536.52,-1.4523877650336385,17,-0.4947058823529422,-8.410000000000018,-0.06731747405883622,2,-56.735,-113.47,,-113.47
KXETH,5,day,rolling,shrink50,10,all,both,21,0.7604761904761924,15.970000000000041,0.10197709221917149,1,-58.720000000000006,-58.720000000000006,,1,79.92,79.92,,79.92
KXETH,5,day,rolling,shrink50,10,all,yes,14,8.030714285714287,112.43000000000002,0.8085768431386089,0,,0.0,,1,79.92,79.92,,79.92
KXETH,5,day,rolling,shrink50,10,all,no,7,-13.78,-96.46,-0.5829366582591035,1,-58.720000000000006,-58.720000000000006,,0,,0.0,,0.0
KXETH,5,day,rolling,shrink50,10,cheap,both,1,-13.8,-13.8,,0,,0.0,,0,,0.0,,0.0
KXETH,5,day,rolling,shrink50,10,cheap,yes,1,-13.8,-13.8,,0,,0.0,,0,,0.0,,0.0
KXETH,5,day,rolling,shrink50,10,cheap,no,0,,0.0,,0,,0.0,,0,,0.0,,0.0
KXETH,5,day,rolling,shrink50,10,middle,both,20,1.488500000000002,29.77000000000004,0.1894105228714572,1,-58.720000000000006,-58.720000000000006,,1,79.92,79.92,,79.92
KXETH,5,day,rolling,shrink50,10,middle,yes,13,9.71,126.23000000000002,0.9267730052340375,0,,0.0,,1,79.92,79.92,,79.92
KXETH,5,day,rolling,shrink50,10,middle,no,7,-13.78,-96.46,-0.5829366582591035,1,-58.720000000000006,-58.720000000000006,,0,,0.0,,0.0
KXETH,15,day,rolling,none,2,all,both,973,-1.3247276464542652,-1288.96,-1.1602329052256333,616,-2.9832954545454546,-1837.71,-1.8320683091142547,405,-5.151851851851854,-2086.500000000001,-1.94546691373241,-1679.1900000000003
KXETH,15,day,rolling,none,2,all,yes,477,-2.117232704402516,-1009.9200000000001,-1.638219439007637,359,-3.1321448467966575,-1124.44,-1.5754060896605058,251,-2.9221115537848608,-733.45,-0.9852605057235736,-499.12999999999994
KXETH,15,day,rolling,none,2,all,no,496,-0.5625806451612905,-279.0400000000001,-0.3888763837418988,257,-2.775369649805448,-713.2700000000002,-1.3397955954936773,154,-8.786038961038962,-1353.0500000000002,-1.8376587528142079,-1180.06
KXETH,15,day,rolling,none,2,cheap,both,187,-2.852245989304812,-533.3699999999999,-1.551926383776978,102,-1.999803921568627,-203.97999999999996,-0.7559320493301629,90,-1.1488888888888884,-103.39999999999995,-0.439402279494624,-88.54999999999997
KXETH,15,day,rolling,none,2,cheap,yes,182,-2.603681318681318,-473.8699999999999,-1.344454867732155,102,-1.999803921568627,-203.97999999999996,-0.7559320493301629,90,-1.1488888888888884,-103.39999999999995,-0.439402279494624,-88.54999999999997
KXETH,15,day,rolling,none,2,cheap,no,5,-11.9,-59.5,-1.934330299089726,0,,0.0,,0,,0.0,,0.0
KXETH,15,day,rolling,none,2,middle,both,554,-0.999440433212996,-553.6899999999998,-0.6264526620199679,339,-4.750973451327433,-1610.58,-2.12584429049371,202,-6.920742574257427,-1397.9900000000002,-1.7433660156583857,-1178.52
KXETH,15,day,rolling,none,2,middle,yes,290,-1.5807931034482754,-458.42999999999984,-0.9022429252866767,257,-3.581556420233462,-920.4599999999998,-1.3914082328707933,159,-4.08056603773585,-648.8100000000002,-1.104407005416117,-429.34
KXETH,15,day,rolling,none,2,middle,no,264,-0.3608333333333336,-95.26000000000008,-0.14524010458141273,82,-8.41609756097561,-690.12,-1.9408226672123727,43,-17.42279069767442,-749.1800000000001,-1.2063716326467693,-749.1800000000001
KXETH,15,day,rolling,none,5,all,both,432,-2.368287037037037,-1023.0999999999999,-1.1568435874012486,253,-3.4301581027667982,-867.8299999999999,-1.0876603320948068,137,-3.896934306569343,-533.88,-0.7339955373935044,-386.87000000000006
KXETH,15,day,rolling,none,5,all,yes,252,-2.416666666666666,-608.9999999999999,-1.506313621048898,191,-1.546439790575916,-295.36999999999995,-0.4146955145131429,112,-2.8146428571428586,-315.2400000000002,-0.48875761466047063,-159.81000000000012
KXETH,15,day,rolling,none,5,all,no,180,-2.3005555555555564,-414.10000000000014,-0.5878303183106767,62,-9.233225806451618,-572.4600000000003,-1.3821683429505787,25,-8.745600000000001,-218.64000000000001,-0.6538555665167006,-227.06
KXETH,15,day,rolling,none,5,cheap,both,68,-5.710735294117647,-388.33000000000004,-2.821545180761782,43,1.1972093023255816,51.48000000000001,0.23980885574074093,50,5.2154,260.77,0.907219504958783,275.62
KXETH,15,day,rolling,none,5,cheap,yes,64,-5.28765625,-338.41,-2.268256959682127,43,1.1972093023255816,51.48000000000001,0.23980885574074093,50,5.2154,260.77,0.907219504958783,275.62
KXETH,15,day,rolling,none,5,cheap,no,4,-12.48,-49.92,,0,,0.0,,0,,0.0,,0.0
KXETH,15,day,rolling,none,5,middle,both,324,-2.0534259259259255,-665.31,-0.8588480193447905,199,-4.611306532663316,-917.65,-1.2795804612410957,82,-10.10109756097561,-828.29,-1.4441439477478897,-687.71
KXETH,15,day,rolling,none,5,middle,yes,188,-1.4393085106382975,-270.5899999999999,-0.6857669801418651,148,-2.343581081081082,-346.85000000000014,-0.5583467432011501,62,-9.290483870967742,-576.01,-1.2241295816404159,-435.42999999999995
KXETH,15,day,rolling,none,5,middle,no,136,-2.9023529411764706,-394.71999999999997,-0.5545437931565675,51,-11.1921568627451,-570.8000000000001,-1.325587203433767,20,-12.614,-252.28,-0.7231429864029709,-252.28
KXETH,15,day,rolling,none,10,all,both,164,-2.7449999999999997,-450.17999999999995,-0.7322559361031062,92,-7.911847826086958,-727.8900000000001,-1.8696284504015688,41,-19.541707317073172,-801.21,-2.3399312019063543,-645.13
KXETH,15,day,rolling,none,10,all,yes,97,0.38701030927835167,37.54000000000011,0.08427072914720238,66,-3.1822727272727263,-210.02999999999994,-0.9386707123169327,32,-16.112187499999997,-515.5899999999999,-2.0081314854720036,-359.51
KXETH,15,day,rolling,none,10,all,no,67,-7.279402985074627,-487.72,-0.9660890255201507,26,-19.91769230769231,-517.86,-1.6926844468296502,9,-31.735555555555557,-285.62,,-285.62
KXETH,15,day,rolling,none,10,cheap,both,14,-4.767857142857143,-66.75,-0.6555153337762597,12,-3.441666666666666,-41.29999999999999,-0.5353798080832783,16,-5.503749999999999,-88.05999999999999,-0.8180767385914626,-73.21
KXETH,15,day,rolling,none,10,cheap,yes,11,-2.688181818181818,-29.57,-0.3029704384189238,12,-3.441666666666666,-41.29999999999999,-0.5353798080832783,16,-5.503749999999999,-88.05999999999999,-0.8180767385914626,-73.21
KXETH,15,day,rolling,none,10,cheap,no,3,-12.393333333333333,-37.18,,0,,0.0,,0,,0.0,,0.0
KXETH,15,day,rolling,none,10,middle,both,146,-3.0060273972602736,-438.87999999999994,-0.6975747483273104,80,-8.582374999999999,-686.5899999999999,-1.8503264060706766,25,-28.526000000000003,-713.1500000000001,-2.8699664595456755,-571.9200000000001
KXETH,15,day,rolling,none,10,middle,yes,86,0.7803488372093041,67.11000000000016,0.14944653633489627,54,-3.1246296296296294,-168.73,-0.76807655827236,16,-26.720625,-427.53,-2.398019969987676,-286.29999999999995
KXETH,15,day,rolling,none,10,middle,no,60,-8.433166666666668,-505.9900000000001,-0.9917772346323177,26,-19.91769230769231,-517.86,-1.6926844468296502,9,-31.735555555555557,-285.62,,-285.62
KXETH,15,day,rolling,volview,2,all,both,825,-1.459309090909091,-1203.93,-1.1671884901292018,519,-3.038477842003854,-1576.9700000000003,-1.762214484546652,327,-5.487553516819573,-1794.4300000000003,-1.9252840300886778,-1429.35
KXETH,15,day,rolling,volview,2,all,yes,383,-1.1372323759791123,-435.56,-0.7666352586945651,291,-4.2210652920962195,-1228.33,-1.7960586353148715,205,-3.7454146341463423,-767.8100000000002,-1.0468556726266323,-575.72
KXETH,15,day,rolling,volview,2,all,no,442,-1.7383936651583713,-768.3700000000001,-1.1308501312254553,228,-1.529122807017545,-348.64000000000027,-0.748345532205685,122,-8.414918032786886,-1026.6200000000001,-2.157589169428538,-853.6300000000001
KXETH,15,day,rolling,volview,2,cheap,both,178,-2.53629213483146,-451.4599999999999,-1.3079270579332234,71,-3.1597183098591546,-224.33999999999997,-0.9284379414029269,57,-0.46052631578947306,-26.249999999999964,-0.1367009116714177,-11.399999999999963
KXETH,15,day,rolling,volview,2,cheap,yes,174,-2.307701149425288,-401.5400000000001,-1.132495167344325,71,-3.1597183098591546,-224.33999999999997,-0.9284379414029269,57,-0.46052631578947306,-26.249999999999964,-0.1367009116714177,-11.399999999999963
KXETH,15,day,rolling,volview,2,cheap,no,4,-12.48,-49.92,,0,,0.0,,0,,0.0,,0.0
KXETH,15,day,rolling,volview,2,middle,both,422,-1.4017298578199051,-591.53,-0.7635540193853101,273,-4.869890109890111,-1329.4800000000002,-1.900122785778425,161,-7.156335403726708,-1152.17,-1.7952880303865035,-974.9300000000002
KXETH,15,day,rolling,volview,2,middle,yes,207,0.2691304347826089,55.710000000000036,0.11801350377394666,220,-4.563590909090908,-1003.9899999999998,-1.4836593486910228,148,-5.010540540540542,-741.5600000000002,-1.2732429405411445,-564.3199999999999
KXETH,15,day,rolling,volview,2,middle,no,215,-3.0104186046511634,-647.2400000000001,-1.0402252619382515,53,-6.141320754716983,-325.49000000000007,-1.2440531634406602,13,-31.585384615384616,-410.61,-1.4298801609791172,-410.61
KXETH,15,day,rolling,volview,5,all,both,388,-1.884561855670103,-731.2099999999999,-0.8737370814227516,216,-3.685138888888889,-795.99,-1.2349467356453858,121,-5.690165289256197,-688.5099999999999,-1.080463948667374,-565.74
KXETH,15,day,rolling,volview,5,all,yes,212,-1.3404716981132077,-284.18,-0.7069535815050028,171,-3.108713450292398,-531.59,-0.9308037985764944,106,-4.100660377358489,-434.66999999999985,-0.7401237302074276,-303.4799999999999
KXETH,15,day,rolling,volview,5,all,no,176,-2.539943181818182,-447.03000000000003,-0.6836804966412767,45,-5.875555555555555,-264.4,-0.7067936957480627,15,-16.922666666666665,-253.83999999999995,-1.047481770480136,-262.25999999999993
KXETH,15,day,rolling,volview,5,cheap,both,66,-5.657727272727273,-373.41,-2.6525078947994323,37,-2.09054054054054,-77.34999999999998,-0.41719874141708146,45,2.602222222222222,117.10000000000001,0.5184404968734888,131.95
KXETH,15,day,rolling,volview,5,cheap,yes,62,-5.21758064516129,-323.48999999999995,-2.1320997402998185,37,-2.09054054054054,-77.34999999999998,-0.41719874141708146,45,2.602222222222222,117.10000000000001,0.5184404968734888,131.95
KXETH,15,day,rolling,volview,5,cheap,no,4,-12.48,-49.92,,0,,0.0,,0,,0.0,,0.0
KXETH,15,day,rolling,volview,5,middle,both,282,-1.3770921985815607,-388.34000000000015,-0.5577912972544407,168,-4.267738095238096,-716.9800000000001,-1.201176004363469,71,-11.820422535211268,-839.25,-1.600713284775167,-722.9100000000001
KXETH,15,day,rolling,volview,5,middle,yes,150,0.2620666666666676,39.310000000000144,0.09877962992993271,134,-3.3898507462686576,-454.2400000000001,-0.8606626281000076,61,-9.045409836065573,-551.77,-1.1849997473779468,-435.42999999999995
KXETH,15,day,rolling,volview,5,middle,no,132,-3.2397727272727272,-427.65,-0.6479636412221293,34,-7.727647058823529,-262.74,-0.6379554974210295,10,-28.747999999999998,-287.47999999999996,,-287.47999999999996
KXETH,15,day,rolling,volview,10,all,both,143,-2.467272727272727,-352.81999999999994,-0.6171255307170121,84,-7.0285714285714285,-590.4,-1.7595296819562607,38,-19.02815789473684,-723.0699999999999,-2.4421212885700405,-566.99
KXETH,15,day,rolling,volview,10,all,yes,77,1.1058441558441567,85.15000000000006,0.2042061492266945,63,-4.880158730158729,-307.44999999999993,-1.2512958618270469,32,-16.112187499999997,-515.5899999999999,-2.0081314854720036,-359.51
KXETH,15,day,rolling,volview,10,all,no,66,-6.6359090909090925,-437.9700000000001,-0.9396292297939854,21,-13.473809523809527,-282.95000000000005,-0.9316363142897143,6,-34.58,-207.48,,-207.48
KXETH,15,day,rolling,volview,10,cheap,both,13,-4.642307692307692,-60.349999999999994,-0.609431526672281,12,-3.441666666666666,-41.29999999999999,-0.5353798080832783,16,-5.503749999999999,-88.05999999999999,-0.8180767385914626,-73.21
KXETH,15,day,rolling,volview,10,cheap,yes,10,-2.3169999999999993,-23.169999999999995,-0.24594595689134316,12,-3.441666666666666,-41.29999999999999,-0.5353798080832783,16,-5.503749999999999,-88.05999999999999,-0.8180767385914626,-73.21
KXETH,15,day,rolling,volview,10,cheap,no,3,-12.393333333333333,-37.18,,0,,0.0,,0,,0.0,,0.0
KXETH,15,day,rolling,volview,10,middle,both,126,-2.761269841269841,-347.91999999999996,-0.5960148632670907,72,-7.626388888888887,-549.0999999999999,-1.7056608253040648,22,-28.86409090909091,-635.01,-3.1782830106365108,-493.78
KXETH,15,day,rolling,volview,10,middle,yes,67,1.6167164179104485,108.32000000000005,0.2553693710111908,51,-5.218627450980391,-266.15,-1.1098215344866826,16,-26.720625,-427.53,-2.398019969987676,-286.29999999999995
KXETH,15,day,rolling,volview,10,middle,no,59,-7.732881355932204,-456.24,-0.9663898873894944,21,-13.473809523809527,-282.95000000000005,-0.9316363142897143,6,-34.58,-207.48,,-207.48
KXETH,15,day,rolling,shrink25,2,all,both,65,-1.824615384615384,-118.59999999999997,-0.3907921098546157,34,-4.163529411764705,-141.55999999999995,-1.0378758227714768,7,-25.279999999999998,-176.95999999999998,-2.1993873638508057,-154.79000000000002
KXETH,15,day,rolling,shrink25,2,all,yes,41,1.7336585365853658,71.08,0.2490977288453093,27,-3.7344444444444433,-100.82999999999997,-0.9066705255013809,5,-16.294,-81.47,-5.621865060926528,-59.300000000000004
KXETH,15,day,rolling,shrink25,2,all,no,24,-7.903333333333333,-189.68,-1.7943189043114764,7,-5.818571428571431,-40.73000000000002,-0.2930129544399394,2,-47.745,-95.49,,-95.49
KXETH,15,day,rolling,shrink25,2,cheap,both,5,-10.841999999999999,-54.209999999999994,-4.924810900903591,4,-11.4225,-45.69,-5.494174606595898,3,-11.686666666666667,-35.06,-11.094936708860759,-35.06
KXETH,15,day,rolling,shrink25,2,cheap,yes,3,-10.276666666666666,-30.83,,4,-11.4225,-45.69,-5.494174606595898,3,-11.686666666666667,-35.06,-11.094936708860759,-35.06
KXETH,15,day,rolling,shrink25,2,cheap,no,2,-11.689999999999998,-23.379999999999995,,0,,0.0,,0,,0.0,,0.0
KXETH,15,day,rolling,shrink25,2,middle,both,60,-1.0731666666666664,-64.38999999999999,-0.20631337872388028,30,-3.195666666666666,-95.86999999999998,-0.686998831381175,4,-35.474999999999994,-141.89999999999998,-1.9624594702573661,-119.72999999999999
KXETH,15,day,rolling,shrink25,2,middle,yes,38,2.6818421052631587,101.91000000000003,0.34555163096971114,23,-2.397391304347825,-55.13999999999998,-0.482699527290213,2,-23.205,-46.41,,-24.24
KXETH,15,day,rolling,shrink25,2,middle,no,22,-7.559090909090909,-166.29999999999998,-1.4470576176371617,7,-5.818571428571431,-40.73000000000002,-0.2930129544399394,2,-47.745,-95.49,,-95.49
KXETH,15,day,rolling,shrink25,5,all,both,10,-13.432999999999998,-134.32999999999998,-1.6126720706468765,0,,0.0,,0,,0.0,,0.0
KXETH,15,day,rolling,shrink25,5,all,yes,8,-12.165,-97.32,-1.1330902436338022,0,,0.0,,0,,0.0,,0.0
KXETH,15,day,rolling,shrink25,5,all,no,2,-18.505,-37.01,,0,,0.0,,0,,0.0,,0.0
KXETH,15,day,rolling,shrink25,5,cheap,both,2,-14.325000000000001,-28.650000000000002,,0,,0.0,,0,,0.0,,0.0
KXETH,15,day,rolling,shrink25,5,cheap,yes,1,-14.850000000000001,-14.850000000000001,,0,,0.0,,0,,0.0,,0.0
KXETH,15,day,rolling,shrink25,5,cheap,no,1,-13.8,-13.8,,0,,0.0,,0,,0.0,,0.0
KXETH,15,day,rolling,shrink25,5,middle,both,8,-13.209999999999997,-105.67999999999998,-1.232644759862527,0,,0.0,,0,,0.0,,0.0
KXETH,15,day,rolling,shrink25,5,middle,yes,7,-11.781428571428568,-82.46999999999998,-0.931805797862692,0,,0.0,,0,,0.0,,0.0
KXETH,15,day,rolling,shrink25,5,middle,no,1,-23.209999999999997,-23.209999999999997,,0,,0.0,,0,,0.0,,0.0
KXETH,15,day,rolling,shrink25,10,all,both,0,,0.0,,0,,0.0,,0,,0.0,,0.0
KXETH,15,day,rolling,shrink25,10,all,yes,0,,0.0,,0,,0.0,,0,,0.0,,0.0
KXETH,15,day,rolling,shrink25,10,all,no,0,,0.0,,0,,0.0,,0,,0.0,,0.0
KXETH,15,day,rolling,shrink25,10,cheap,both,0,,0.0,,0,,0.0,,0,,0.0,,0.0
KXETH,15,day,rolling,shrink25,10,cheap,yes,0,,0.0,,0,,0.0,,0,,0.0,,0.0
KXETH,15,day,rolling,shrink25,10,cheap,no,0,,0.0,,0,,0.0,,0,,0.0,,0.0
KXETH,15,day,rolling,shrink25,10,middle,both,0,,0.0,,0,,0.0,,0,,0.0,,0.0
KXETH,15,day,rolling,shrink25,10,middle,yes,0,,0.0,,0,,0.0,,0,,0.0,,0.0
KXETH,15,day,rolling,shrink25,10,middle,no,0,,0.0,,0,,0.0,,0,,0.0,,0.0
KXETH,15,day,rolling,shrink50,2,all,both,302,-2.344172185430464,-707.94,-1.0091161212700028,195,-5.456051282051282,-1063.93,-1.6742918904929558,93,-7.7864516129032255,-724.14,-1.3796870404618502,-592.95
KXETH,15,day,rolling,shrink50,2,all,yes,181,-2.987679558011049,-540.7699999999999,-1.1117990023612674,145,-3.188206896551724,-462.28999999999996,-1.0773068783237392,78,-7.033333333333333,-548.6,-1.1641236830028947,-417.40999999999997
KXETH,15,day,rolling,shrink50,2,all,no,121,-1.3815702479338843,-167.17,-0.34365431829973186,50,-12.032800000000002,-601.6400000000001,-1.3523627665428732,15,-11.702666666666667,-175.54000000000002,-0.6238537118177127,-175.54000000000002
KXETH,15,day,rolling,shrink50,2,cheap,both,48,-4.939375000000001,-237.09000000000003,-2.169915920272248,34,1.1373529411764718,38.670000000000044,0.2292618405680933,38,0.5818421052631577,22.109999999999992,0.09417359426534179,36.95999999999999
KXETH,15,day,rolling,shrink50,2,cheap,yes,44,-4.253863636363636,-187.17,-1.5113789490979976,34,1.1373529411764718,38.670000000000044,0.2292618405680933,38,0.5818421052631577,22.109999999999992,0.09417359426534179,36.95999999999999
KXETH,15,day,rolling,shrink50,2,cheap,no,4,-12.48,-49.92,,0,,0.0,,0,,0.0,,0.0
KXETH,15,day,rolling,shrink50,2,middle,both,237,-2.3804219409282705,-564.1600000000001,-0.8299769924175565,155,-7.4641290322580645,-1156.94,-2.066450912704958,52,-14.72826923076923,-765.87,-2.0279566416164525,-649.53
KXETH,15,day,rolling,shrink50,2,middle,yes,137,-2.5810218978102184,-353.5999999999999,-0.7242073964301363,111,-4.513153153153153,-500.96,-1.3699719573956703,40,-14.267750000000001,-570.71,-1.9280069677059313,-454.36999999999995
KXETH,15,day,rolling,shrink50,2,middle,no,100,-2.1056000000000004,-210.56000000000003,-0.41311137092997385,44,-14.908636363636363,-655.98,-1.5574386309915047,12,-16.263333333333335,-195.16000000000003,,-195.16000000000003
KXETH,15,day,rolling,shrink50,5,all,both,96,-3.0428124999999997,-292.10999999999996,-0.5880453987175952,61,-7.908524590163935,-482.4200000000001,-1.2554807993498118,14,-21.03357142857143,-294.47,-2.1342799888643817,-242.88
KXETH,15,day,rolling,shrink50,5,all,yes,53,1.0547169811320753,55.9,0.16154058171910302,43,-1.7020930232558131,-73.18999999999997,-0.3172517611185438,9,-15.74888888888889,-141.74,-3.64063048124462,-90.14999999999999
KXETH,15,day,rolling,shrink50,5,all,no,43,-8.093255813953489,-348.01,-0.9115356940135384,18,-22.735,-409.23,-1.3079189429307474,5,-30.546,-152.73,,-152.73
KXETH,15,day,rolling,shrink50,5,cheap,both,7,2.2985714285714303,16.09000000000001,0.16167676049903812,7,2.7500000000000004,19.250000000000004,0.21656115243550284,6,-10.985,-65.91,-8.22849648189651,-65.91
KXETH,15,day,rolling,shrink50,5,cheap,yes,5,7.894000000000001,39.470000000000006,0.39145360097570303,7,2.7500000000000004,19.250000000000004,0.21656115243550284,6,-10.985,-65.91,-8.22849648189651,-65.91
KXETH,15,day,rolling,shrink50,5,cheap,no,2,-11.689999999999998,-23.379999999999995,,0,,0.0,,0,,0.0,,0.0
KXETH,15,day,rolling,shrink50,5,middle,both,89,-3.462921348314606,-308.19999999999993,-0.6249191169367913,54,-9.290185185185184,-501.66999999999996,-1.3693864729445044,8,-28.57,-228.56,-1.949627026613109,-176.97
KXETH,15,day,rolling,shrink50,5,middle,yes,48,0.3422916666666668,16.430000000000007,0.047825977102742015,36,-2.5677777777777777,-92.44,-0.4240914657308546,3,-25.276666666666667,-75.83,,-24.24
KXETH,15,day,rolling,shrink50,5,middle,no,41,-7.917804878048781,-324.63,-0.829438823279158,18,-22.735,-409.23,-1.3079189429307474,5,-30.546,-152.73,,-152.73
KXETH,15,day,rolling,shrink50,10,all,both,19,-5.409473684210525,-102.77999999999997,-0.565911692652467,6,-15.4,-92.4,-1.0597105545647283,0,,0.0,,0.0
KXETH,15,day,rolling,shrink50,10,all,yes,11,-7.119999999999999,-78.32,-0.5509172537380134,4,-0.014999999999998792,-0.05999999999999517,-0.0005227276309775832,0,,0.0,,0.0
KXETH,15,day,rolling,shrink50,10,all,no,8,-3.0574999999999974,-24.45999999999998,-0.18872821944714854,2,-46.17,-92.34,,0,,0.0,,0.0
KXETH,15,day,rolling,shrink50,10,cheap,both,2,-14.325000000000001,-28.650000000000002,,0,,0.0,,0,,0.0,,0.0
KXETH,15,day,rolling,shrink50,10,cheap,yes,1,-14.850000000000001,-14.850000000000001,,0,,0.0,,0,,0.0,,0.0
KXETH,15,day,rolling,shrink50,10,cheap,no,1,-13.8,-13.8,,0,,0.0,,0,,0.0,,0.0
KXETH,15,day,rolling,shrink50,10,middle,both,17,-4.360588235294116,-74.12999999999997,-0.3912576507770773,6,-15.4,-92.4,-1.0597105545647283,0,,0.0,,0.0
KXETH,15,day,rolling,shrink50,10,middle,yes,10,-6.346999999999999,-63.469999999999985,-0.4404139919966674,4,-0.014999999999998792,-0.05999999999999517,-0.0005227276309775832,0,,0.0,,0.0
KXETH,15,day,rolling,shrink50,10,middle,no,7,-1.5228571428571414,-10.65999999999999,-0.07575770000114049,2,-46.17,-92.34,,0,,0.0,,0.0
